# JS8CALL-CN codebook v0.1 (d-placeholder; 方案A JunDa freq; 字级+策展词组; greedy-match) seq=19
# tiers T0..T4 sel 0/10/110/1110/11110 codelen 4/8/12/16/20 ; ESC=11111 ; reserved=cap-used
# used: T0=7(6+EOM,idx6 reserved) T1=50 T2=450 T3=3500 T4=17143
tier,index,token,type,codelen
0,0, ,Control,4
0,1,我,Char,4
0,2,你,Char,4
0,3,的,Char,4
0,4,是,Char,4
0,5,了,Char,4
0,7,<EOM>,Control,4
1,0,0,Digit,8
1,1,1,Digit,8
1,2,2,Digit,8
1,3,3,Digit,8
1,4,4,Digit,8
1,5,5,Digit,8
1,6,6,Digit,8
1,7,7,Digit,8
1,8,8,Digit,8
1,9,9,Digit,8
1,10,信号,Phrase,8
1,11,天线,Phrase,8
1,12,传播,Phrase,8
1,13,频率,Phrase,8
1,14,抄收,Phrase,8
1,15,电台,Phrase,8
1,16,谢谢,Phrase,8
1,17,再见,Phrase,8
1,18,CQ,Phrase,8
1,19,73,Phrase,8
1,20,好,Char,8
1,21,没,Char,8
1,22,有,Char,8
1,23,很,Char,8
1,24,能,Char,8
1,25,在,Char,8
1,26,到,Char,8
1,27,会,Char,8
1,28,说,Char,8
1,29,就,Char,8
1,30,要,Char,8
1,31,也,Char,8
1,32,都,Char,8
1,33,不,Char,8
1,34,这,Char,8
1,35,：,Punct,8
1,36,，,Punct,8
1,37,。,Punct,8
1,38,！,Punct,8
1,39,收,Char,8
1,40,发,Char,8
1,41,台,Char,8
1,42,通,Char,8
1,43,联,Char,8
1,44,听,Char,8
1,45,见,Char,8
1,46,大,Char,8
1,47,小,Char,8
1,48,多,Char,8
1,49,少,Char,8
2,0,A,Letter,12
2,1,B,Letter,12
2,2,C,Letter,12
2,3,D,Letter,12
2,4,E,Letter,12
2,5,F,Letter,12
2,6,G,Letter,12
2,7,H,Letter,12
2,8,I,Letter,12
2,9,J,Letter,12
2,10,K,Letter,12
2,11,L,Letter,12
2,12,M,Letter,12
2,13,N,Letter,12
2,14,O,Letter,12
2,15,P,Letter,12
2,16,Q,Letter,12
2,17,R,Letter,12
2,18,S,Letter,12
2,19,T,Letter,12
2,20,U,Letter,12
2,21,V,Letter,12
2,22,W,Letter,12
2,23,X,Letter,12
2,24,Y,Letter,12
2,25,Z,Letter,12
2,26,a,Letter,12
2,27,b,Letter,12
2,28,c,Letter,12
2,29,d,Letter,12
2,30,e,Letter,12
2,31,f,Letter,12
2,32,g,Letter,12
2,33,h,Letter,12
2,34,i,Letter,12
2,35,j,Letter,12
2,36,k,Letter,12
2,37,l,Letter,12
2,38,m,Letter,12
2,39,n,Letter,12
2,40,o,Letter,12
2,41,p,Letter,12
2,42,q,Letter,12
2,43,r,Letter,12
2,44,s,Letter,12
2,45,t,Letter,12
2,46,u,Letter,12
2,47,v,Letter,12
2,48,w,Letter,12
2,49,x,Letter,12
2,50,y,Letter,12
2,51,z,Letter,12
2,52,.,Punct,12
2,53,",",Punct,12
2,54,?,Punct,12
2,55,!,Punct,12
2,56,/,Punct,12
2,57,-,Punct,12
2,58,+,Punct,12
2,59,=,Punct,12
2,60,@,Punct,12
2,61,#,Punct,12
2,62,*,Punct,12
2,63,(,Punct,12
2,64,),Punct,12
2,65,<,Punct,12
2,66,>,Punct,12
2,67,:,Punct,12
2,68,？,Punct,12
2,69,（,Punct,12
2,70,）,Punct,12
2,71,「,Punct,12
2,72,」,Punct,12
2,73,、,Punct,12
2,74,驻波,Phrase,12
2,75,底噪,Phrase,12
2,76,馈线,Phrase,12
2,77,巴伦,Phrase,12
2,78,八木,Phrase,12
2,79,端馈,Phrase,12
2,80,正V,Phrase,12
2,81,倒V,Phrase,12
2,82,功放,Phrase,12
2,83,电源,Phrase,12
2,84,八重洲,Phrase,12
2,85,建伍,Phrase,12
2,86,协谷,Phrase,12
2,87,宝锋,Phrase,12
2,88,确认,Phrase,12
2,89,卡片,Phrase,12
2,90,邮寄,Phrase,12
2,91,呼号,Phrase,12
2,92,干扰,Phrase,12
2,93,波段,Phrase,12
2,94,模式,Phrase,12
2,95,天气,Phrase,12
2,96,晴天,Phrase,12
2,97,下雨,Phrase,12
2,98,车载,Phrase,12
2,99,野外,Phrase,12
2,100,一,Char,12
2,101,人,Char,12
2,102,他,Char,12
2,103,个,Char,12
2,104,们,Char,12
2,105,中,Char,12
2,106,来,Char,12
2,107,上,Char,12
2,108,为,Char,12
2,109,和,Char,12
2,110,国,Char,12
2,111,地,Char,12
2,112,以,Char,12
2,113,时,Char,12
2,114,出,Char,12
2,115,可,Char,12
2,116,对,Char,12
2,117,生,Char,12
2,118,而,Char,12
2,119,子,Char,12
2,120,那,Char,12
2,121,得,Char,12
2,122,于,Char,12
2,123,着,Char,12
2,124,下,Char,12
2,125,自,Char,12
2,126,之,Char,12
2,127,年,Char,12
2,128,过,Char,12
2,129,后,Char,12
2,130,作,Char,12
2,131,里,Char,12
2,132,用,Char,12
2,133,道,Char,12
2,134,行,Char,12
2,135,所,Char,12
2,136,然,Char,12
2,137,家,Char,12
2,138,种,Char,12
2,139,事,Char,12
2,140,成,Char,12
2,141,方,Char,12
2,142,经,Char,12
2,143,么,Char,12
2,144,去,Char,12
2,145,法,Char,12
2,146,学,Char,12
2,147,如,Char,12
2,148,同,Char,12
2,149,现,Char,12
2,150,当,Char,12
2,151,动,Char,12
2,152,面,Char,12
2,153,起,Char,12
2,154,看,Char,12
2,155,定,Char,12
2,156,天,Char,12
2,157,分,Char,12
2,158,还,Char,12
2,159,进,Char,12
2,160,部,Char,12
2,161,其,Char,12
2,162,些,Char,12
2,163,主,Char,12
2,164,样,Char,12
2,165,理,Char,12
2,166,心,Char,12
2,167,她,Char,12
2,168,本,Char,12
2,169,前,Char,12
2,170,开,Char,12
2,171,但,Char,12
2,172,因,Char,12
2,173,只,Char,12
2,174,从,Char,12
2,175,想,Char,12
2,176,实,Char,12
2,177,日,Char,12
2,178,军,Char,12
2,179,者,Char,12
2,180,意,Char,12
2,181,无,Char,12
2,182,力,Char,12
2,183,它,Char,12
2,184,与,Char,12
2,185,长,Char,12
2,186,把,Char,12
2,187,机,Char,12
2,188,十,Char,12
2,189,民,Char,12
2,190,第,Char,12
2,191,公,Char,12
2,192,此,Char,12
2,193,已,Char,12
2,194,工,Char,12
2,195,使,Char,12
2,196,情,Char,12
2,197,明,Char,12
2,198,性,Char,12
2,199,知,Char,12
2,200,全,Char,12
2,201,三,Char,12
2,202,又,Char,12
2,203,关,Char,12
2,204,点,Char,12
2,205,正,Char,12
2,206,业,Char,12
2,207,外,Char,12
2,208,将,Char,12
2,209,两,Char,12
2,210,高,Char,12
2,211,间,Char,12
2,212,由,Char,12
2,213,问,Char,12
2,214,最,Char,12
2,215,重,Char,12
2,216,并,Char,12
2,217,物,Char,12
2,218,手,Char,12
2,219,应,Char,12
2,220,战,Char,12
2,221,向,Char,12
2,222,头,Char,12
2,223,文,Char,12
2,224,体,Char,12
2,225,政,Char,12
2,226,美,Char,12
2,227,相,Char,12
2,228,被,Char,12
2,229,利,Char,12
2,230,什,Char,12
2,231,二,Char,12
2,232,等,Char,12
2,233,产,Char,12
2,234,或,Char,12
2,235,新,Char,12
2,236,己,Char,12
2,237,制,Char,12
2,238,身,Char,12
2,239,果,Char,12
2,240,加,Char,12
2,241,西,Char,12
2,242,斯,Char,12
2,243,月,Char,12
2,244,话,Char,12
2,245,合,Char,12
2,246,回,Char,12
2,247,特,Char,12
2,248,代,Char,12
2,249,内,Char,12
2,250,信,Char,12
2,251,表,Char,12
2,252,化,Char,12
2,253,老,Char,12
2,254,给,Char,12
2,255,世,Char,12
2,256,位,Char,12
2,257,次,Char,12
2,258,度,Char,12
2,259,门,Char,12
2,260,任,Char,12
2,261,常,Char,12
2,262,先,Char,12
2,263,海,Char,12
2,264,教,Char,12
2,265,儿,Char,12
2,266,原,Char,12
2,267,东,Char,12
2,268,声,Char,12
2,269,提,Char,12
2,270,立,Char,12
2,271,及,Char,12
2,272,比,Char,12
2,273,员,Char,12
2,274,解,Char,12
2,275,水,Char,12
2,276,名,Char,12
2,277,真,Char,12
2,278,论,Char,12
2,279,处,Char,12
2,280,走,Char,12
2,281,义,Char,12
2,282,各,Char,12
2,283,入,Char,12
2,284,几,Char,12
2,285,口,Char,12
2,286,认,Char,12
2,287,条,Char,12
2,288,平,Char,12
2,289,系,Char,12
2,290,气,Char,12
2,291,题,Char,12
2,292,活,Char,12
2,293,尔,Char,12
2,294,更,Char,12
2,295,别,Char,12
2,296,打,Char,12
2,297,女,Char,12
2,298,变,Char,12
2,299,四,Char,12
2,300,神,Char,12
2,301,总,Char,12
2,302,何,Char,12
2,303,电,Char,12
2,304,数,Char,12
2,305,安,Char,12
2,306,报,Char,12
2,307,才,Char,12
2,308,结,Char,12
2,309,反,Char,12
2,310,受,Char,12
2,311,目,Char,12
2,312,太,Char,12
2,313,量,Char,12
2,314,再,Char,12
2,315,感,Char,12
2,316,建,Char,12
2,317,务,Char,12
2,318,做,Char,12
2,319,接,Char,12
2,320,必,Char,12
2,321,场,Char,12
2,322,件,Char,12
2,323,计,Char,12
2,324,管,Char,12
2,325,期,Char,12
2,326,市,Char,12
2,327,直,Char,12
2,328,德,Char,12
2,329,资,Char,12
2,330,命,Char,12
2,331,山,Char,12
2,332,金,Char,12
2,333,指,Char,12
2,334,克,Char,12
2,335,许,Char,12
2,336,统,Char,12
2,337,区,Char,12
2,338,保,Char,12
2,339,至,Char,12
2,340,队,Char,12
2,341,形,Char,12
2,342,社,Char,12
2,343,便,Char,12
2,344,空,Char,12
2,345,决,Char,12
2,346,治,Char,12
2,347,展,Char,12
2,348,马,Char,12
2,349,科,Char,12
2,350,司,Char,12
2,351,五,Char,12
2,352,基,Char,12
2,353,眼,Char,12
2,354,书,Char,12
2,355,非,Char,12
2,356,则,Char,12
2,357,白,Char,12
2,358,却,Char,12
2,359,界,Char,12
2,360,达,Char,12
2,361,光,Char,12
2,362,放,Char,12
2,363,强,Char,12
2,364,即,Char,12
2,365,像,Char,12
2,366,难,Char,12
2,367,且,Char,12
2,368,权,Char,12
2,369,思,Char,12
2,370,王,Char,12
2,371,象,Char,12
2,372,完,Char,12
2,373,设,Char,12
2,374,式,Char,12
2,375,色,Char,12
2,376,路,Char,12
2,377,记,Char,12
2,378,南,Char,12
2,379,品,Char,12
2,380,住,Char,12
2,381,告,Char,12
2,382,类,Char,12
2,383,求,Char,12
2,384,据,Char,12
2,385,程,Char,12
2,386,北,Char,12
2,387,边,Char,12
2,388,死,Char,12
2,389,张,Char,12
2,390,该,Char,12
2,391,交,Char,12
2,392,规,Char,12
2,393,万,Char,12
2,394,取,Char,12
2,395,拉,Char,12
2,396,格,Char,12
2,397,望,Char,12
2,398,觉,Char,12
2,399,术,Char,12
2,400,领,Char,12
2,401,共,Char,12
2,402,确,Char,12
2,403,传,Char,12
2,404,师,Char,12
2,405,观,Char,12
2,406,清,Char,12
2,407,今,Char,12
2,408,切,Char,12
2,409,院,Char,12
2,410,让,Char,12
2,411,识,Char,12
2,412,候,Char,12
2,413,带,Char,12
2,414,导,Char,12
2,415,争,Char,12
2,416,运,Char,12
2,417,笑,Char,12
2,418,飞,Char,12
2,419,风,Char,12
2,420,步,Char,12
2,421,改,Char,12
2,422,根,Char,12
2,423,干,Char,12
2,424,造,Char,12
2,425,言,Char,12
2,426,持,Char,12
2,427,组,Char,12
2,428,每,Char,12
2,429,济,Char,12
2,430,车,Char,12
2,431,亲,Char,12
2,432,极,Char,12
2,433,林,Char,12
2,434,服,Char,12
2,435,快,Char,12
2,436,办,Char,12
2,437,议,Char,12
2,438,往,Char,12
2,439,元,Char,12
2,440,英,Char,12
2,441,士,Char,12
2,442,证,Char,12
2,443,近,Char,12
2,444,失,Char,12
2,445,转,Char,12
2,446,夫,Char,12
2,447,令,Char,12
2,448,准,Char,12
2,449,布,Char,12
3,0,始,Char,16
3,1,怎,Char,16
3,2,呢,Char,16
3,3,存,Char,16
3,4,未,Char,16
3,5,远,Char,16
3,6,叫,Char,16
3,7,单,Char,16
3,8,影,Char,16
3,9,具,Char,16
3,10,罗,Char,16
3,11,字,Char,16
3,12,爱,Char,16
3,13,击,Char,16
3,14,流,Char,16
3,15,备,Char,16
3,16,兵,Char,16
3,17,连,Char,16
3,18,调,Char,16
3,19,深,Char,16
3,20,商,Char,16
3,21,算,Char,16
3,22,质,Char,16
3,23,团,Char,16
3,24,集,Char,16
3,25,百,Char,16
3,26,需,Char,16
3,27,价,Char,16
3,28,花,Char,16
3,29,党,Char,16
3,30,华,Char,16
3,31,城,Char,16
3,32,石,Char,16
3,33,级,Char,16
3,34,整,Char,16
3,35,府,Char,16
3,36,离,Char,16
3,37,况,Char,16
3,38,亚,Char,16
3,39,请,Char,16
3,40,技,Char,16
3,41,际,Char,16
3,42,约,Char,16
3,43,示,Char,16
3,44,复,Char,16
3,45,病,Char,16
3,46,息,Char,16
3,47,究,Char,16
3,48,线,Char,16
3,49,似,Char,16
3,50,官,Char,16
3,51,火,Char,16
3,52,断,Char,16
3,53,精,Char,16
3,54,满,Char,16
3,55,支,Char,16
3,56,视,Char,16
3,57,消,Char,16
3,58,越,Char,16
3,59,器,Char,16
3,60,容,Char,16
3,61,照,Char,16
3,62,须,Char,16
3,63,九,Char,16
3,64,增,Char,16
3,65,研,Char,16
3,66,写,Char,16
3,67,称,Char,16
3,68,企,Char,16
3,69,八,Char,16
3,70,功,Char,16
3,71,吗,Char,16
3,72,包,Char,16
3,73,片,Char,16
3,74,史,Char,16
3,75,委,Char,16
3,76,乎,Char,16
3,77,查,Char,16
3,78,轻,Char,16
3,79,易,Char,16
3,80,早,Char,16
3,81,曾,Char,16
3,82,除,Char,16
3,83,农,Char,16
3,84,找,Char,16
3,85,装,Char,16
3,86,广,Char,16
3,87,显,Char,16
3,88,吧,Char,16
3,89,阿,Char,16
3,90,李,Char,16
3,91,标,Char,16
3,92,谈,Char,16
3,93,吃,Char,16
3,94,图,Char,16
3,95,念,Char,16
3,96,六,Char,16
3,97,引,Char,16
3,98,历,Char,16
3,99,首,Char,16
3,100,医,Char,16
3,101,局,Char,16
3,102,突,Char,16
3,103,专,Char,16
3,104,费,Char,16
3,105,号,Char,16
3,106,尽,Char,16
3,107,另,Char,16
3,108,周,Char,16
3,109,较,Char,16
3,110,注,Char,16
3,111,语,Char,16
3,112,仅,Char,16
3,113,考,Char,16
3,114,落,Char,16
3,115,青,Char,16
3,116,随,Char,16
3,117,选,Char,16
3,118,列,Char,16
3,119,武,Char,16
3,120,红,Char,16
3,121,响,Char,16
3,122,虽,Char,16
3,123,推,Char,16
3,124,势,Char,16
3,125,参,Char,16
3,126,希,Char,16
3,127,古,Char,16
3,128,众,Char,16
3,129,构,Char,16
3,130,房,Char,16
3,131,半,Char,16
3,132,节,Char,16
3,133,土,Char,16
3,134,投,Char,16
3,135,某,Char,16
3,136,案,Char,16
3,137,黑,Char,16
3,138,维,Char,16
3,139,革,Char,16
3,140,划,Char,16
3,141,敌,Char,16
3,142,致,Char,16
3,143,陈,Char,16
3,144,律,Char,16
3,145,足,Char,16
3,146,态,Char,16
3,147,护,Char,16
3,148,七,Char,16
3,149,兴,Char,16
3,150,派,Char,16
3,151,孩,Char,16
3,152,验,Char,16
3,153,责,Char,16
3,154,营,Char,16
3,155,星,Char,16
3,156,够,Char,16
3,157,章,Char,16
3,158,音,Char,16
3,159,跟,Char,16
3,160,志,Char,16
3,161,底,Char,16
3,162,站,Char,16
3,163,严,Char,16
3,164,巴,Char,16
3,165,例,Char,16
3,166,防,Char,16
3,167,族,Char,16
3,168,供,Char,16
3,169,效,Char,16
3,170,续,Char,16
3,171,施,Char,16
3,172,留,Char,16
3,173,讲,Char,16
3,174,型,Char,16
3,175,料,Char,16
3,176,终,Char,16
3,177,答,Char,16
3,178,紧,Char,16
3,179,黄,Char,16
3,180,绝,Char,16
3,181,奇,Char,16
3,182,察,Char,16
3,183,母,Char,16
3,184,京,Char,16
3,185,段,Char,16
3,186,依,Char,16
3,187,批,Char,16
3,188,群,Char,16
3,189,项,Char,16
3,190,故,Char,16
3,191,按,Char,16
3,192,河,Char,16
3,193,米,Char,16
3,194,围,Char,16
3,195,江,Char,16
3,196,织,Char,16
3,197,害,Char,16
3,198,斗,Char,16
3,199,双,Char,16
3,200,境,Char,16
3,201,客,Char,16
3,202,纪,Char,16
3,203,采,Char,16
3,204,举,Char,16
3,205,杀,Char,16
3,206,攻,Char,16
3,207,父,Char,16
3,208,苏,Char,16
3,209,密,Char,16
3,210,低,Char,16
3,211,朝,Char,16
3,212,友,Char,16
3,213,诉,Char,16
3,214,止,Char,16
3,215,细,Char,16
3,216,愿,Char,16
3,217,千,Char,16
3,218,值,Char,16
3,219,仍,Char,16
3,220,男,Char,16
3,221,钱,Char,16
3,222,破,Char,16
3,223,网,Char,16
3,224,热,Char,16
3,225,助,Char,16
3,226,倒,Char,16
3,227,育,Char,16
3,228,属,Char,16
3,229,坐,Char,16
3,230,帝,Char,16
3,231,限,Char,16
3,232,船,Char,16
3,233,脸,Char,16
3,234,职,Char,16
3,235,速,Char,16
3,236,刻,Char,16
3,237,乐,Char,16
3,238,否,Char,16
3,239,刚,Char,16
3,240,威,Char,16
3,241,毛,Char,16
3,242,状,Char,16
3,243,率,Char,16
3,244,甚,Char,16
3,245,独,Char,16
3,246,球,Char,16
3,247,般,Char,16
3,248,普,Char,16
3,249,怕,Char,16
3,250,弹,Char,16
3,251,校,Char,16
3,252,苦,Char,16
3,253,创,Char,16
3,254,假,Char,16
3,255,久,Char,16
3,256,错,Char,16
3,257,承,Char,16
3,258,印,Char,16
3,259,晚,Char,16
3,260,兰,Char,16
3,261,试,Char,16
3,262,股,Char,16
3,263,拿,Char,16
3,264,脑,Char,16
3,265,预,Char,16
3,266,谁,Char,16
3,267,益,Char,16
3,268,阳,Char,16
3,269,若,Char,16
3,270,哪,Char,16
3,271,微,Char,16
3,272,尼,Char,16
3,273,继,Char,16
3,274,送,Char,16
3,275,急,Char,16
3,276,血,Char,16
3,277,惊,Char,16
3,278,伤,Char,16
3,279,素,Char,16
3,280,药,Char,16
3,281,适,Char,16
3,282,波,Char,16
3,283,夜,Char,16
3,284,省,Char,16
3,285,初,Char,16
3,286,喜,Char,16
3,287,卫,Char,16
3,288,源,Char,16
3,289,食,Char,16
3,290,险,Char,16
3,291,待,Char,16
3,292,述,Char,16
3,293,陆,Char,16
3,294,习,Char,16
3,295,置,Char,16
3,296,居,Char,16
3,297,劳,Char,16
3,298,财,Char,16
3,299,环,Char,16
3,300,排,Char,16
3,301,福,Char,16
3,302,纳,Char,16
3,303,欢,Char,16
3,304,雷,Char,16
3,305,警,Char,16
3,306,获,Char,16
3,307,模,Char,16
3,308,充,Char,16
3,309,负,Char,16
3,310,云,Char,16
3,311,停,Char,16
3,312,木,Char,16
3,313,游,Char,16
3,314,龙,Char,16
3,315,树,Char,16
3,316,疑,Char,16
3,317,层,Char,16
3,318,冷,Char,16
3,319,洲,Char,16
3,320,冲,Char,16
3,321,射,Char,16
3,322,略,Char,16
3,323,范,Char,16
3,324,竟,Char,16
3,325,句,Char,16
3,326,室,Char,16
3,327,异,Char,16
3,328,激,Char,16
3,329,汉,Char,16
3,330,村,Char,16
3,331,哈,Char,16
3,332,策,Char,16
3,333,演,Char,16
3,334,简,Char,16
3,335,卡,Char,16
3,336,罪,Char,16
3,337,判,Char,16
3,338,担,Char,16
3,339,州,Char,16
3,340,静,Char,16
3,341,退,Char,16
3,342,既,Char,16
3,343,衣,Char,16
3,344,您,Char,16
3,345,宗,Char,16
3,346,积,Char,16
3,347,余,Char,16
3,348,痛,Char,16
3,349,检,Char,16
3,350,差,Char,16
3,351,富,Char,16
3,352,灵,Char,16
3,353,协,Char,16
3,354,角,Char,16
3,355,占,Char,16
3,356,配,Char,16
3,357,征,Char,16
3,358,修,Char,16
3,359,皮,Char,16
3,360,挥,Char,16
3,361,胜,Char,16
3,362,降,Char,16
3,363,阶,Char,16
3,364,审,Char,16
3,365,沉,Char,16
3,366,坚,Char,16
3,367,善,Char,16
3,368,妈,Char,16
3,369,刘,Char,16
3,370,读,Char,16
3,371,啊,Char,16
3,372,超,Char,16
3,373,免,Char,16
3,374,压,Char,16
3,375,银,Char,16
3,376,买,Char,16
3,377,皇,Char,16
3,378,养,Char,16
3,379,伊,Char,16
3,380,怀,Char,16
3,381,执,Char,16
3,382,副,Char,16
3,383,乱,Char,16
3,384,抗,Char,16
3,385,犯,Char,16
3,386,追,Char,16
3,387,帮,Char,16
3,388,宣,Char,16
3,389,佛,Char,16
3,390,岁,Char,16
3,391,航,Char,16
3,392,优,Char,16
3,393,怪,Char,16
3,394,香,Char,16
3,395,著,Char,16
3,396,田,Char,16
3,397,铁,Char,16
3,398,控,Char,16
3,399,税,Char,16
3,400,左,Char,16
3,401,右,Char,16
3,402,份,Char,16
3,403,穿,Char,16
3,404,艺,Char,16
3,405,背,Char,16
3,406,阵,Char,16
3,407,草,Char,16
3,408,脚,Char,16
3,409,概,Char,16
3,410,恶,Char,16
3,411,块,Char,16
3,412,顿,Char,16
3,413,敢,Char,16
3,414,守,Char,16
3,415,酒,Char,16
3,416,岛,Char,16
3,417,托,Char,16
3,418,央,Char,16
3,419,户,Char,16
3,420,烈,Char,16
3,421,洋,Char,16
3,422,哥,Char,16
3,423,索,Char,16
3,424,胡,Char,16
3,425,款,Char,16
3,426,靠,Char,16
3,427,评,Char,16
3,428,版,Char,16
3,429,宝,Char,16
3,430,座,Char,16
3,431,释,Char,16
3,432,景,Char,16
3,433,顾,Char,16
3,434,弟,Char,16
3,435,登,Char,16
3,436,货,Char,16
3,437,互,Char,16
3,438,付,Char,16
3,439,伯,Char,16
3,440,慢,Char,16
3,441,欧,Char,16
3,442,换,Char,16
3,443,闻,Char,16
3,444,危,Char,16
3,445,忙,Char,16
3,446,核,Char,16
3,447,暗,Char,16
3,448,姐,Char,16
3,449,介,Char,16
3,450,坏,Char,16
3,451,讨,Char,16
3,452,丽,Char,16
3,453,良,Char,16
3,454,序,Char,16
3,455,升,Char,16
3,456,监,Char,16
3,457,临,Char,16
3,458,亮,Char,16
3,459,露,Char,16
3,460,永,Char,16
3,461,呼,Char,16
3,462,味,Char,16
3,463,野,Char,16
3,464,架,Char,16
3,465,域,Char,16
3,466,沙,Char,16
3,467,掉,Char,16
3,468,括,Char,16
3,469,舰,Char,16
3,470,鱼,Char,16
3,471,杂,Char,16
3,472,误,Char,16
3,473,湾,Char,16
3,474,吉,Char,16
3,475,减,Char,16
3,476,编,Char,16
3,477,楚,Char,16
3,478,肯,Char,16
3,479,测,Char,16
3,480,败,Char,16
3,481,屋,Char,16
3,482,跑,Char,16
3,483,梦,Char,16
3,484,散,Char,16
3,485,温,Char,16
3,486,困,Char,16
3,487,剑,Char,16
3,488,渐,Char,16
3,489,封,Char,16
3,490,救,Char,16
3,491,贵,Char,16
3,492,枪,Char,16
3,493,缺,Char,16
3,494,楼,Char,16
3,495,县,Char,16
3,496,尚,Char,16
3,497,毫,Char,16
3,498,移,Char,16
3,499,娘,Char,16
3,500,朋,Char,16
3,501,画,Char,16
3,502,班,Char,16
3,503,智,Char,16
3,504,亦,Char,16
3,505,耳,Char,16
3,506,恩,Char,16
3,507,短,Char,16
3,508,掌,Char,16
3,509,恐,Char,16
3,510,遗,Char,16
3,511,固,Char,16
3,512,席,Char,16
3,513,松,Char,16
3,514,秘,Char,16
3,515,谢,Char,16
3,516,鲁,Char,16
3,517,遇,Char,16
3,518,康,Char,16
3,519,虑,Char,16
3,520,幸,Char,16
3,521,均,Char,16
3,522,销,Char,16
3,523,钟,Char,16
3,524,诗,Char,16
3,525,藏,Char,16
3,526,赶,Char,16
3,527,剧,Char,16
3,528,票,Char,16
3,529,损,Char,16
3,530,忽,Char,16
3,531,巨,Char,16
3,532,炮,Char,16
3,533,旧,Char,16
3,534,端,Char,16
3,535,探,Char,16
3,536,湖,Char,16
3,537,录,Char,16
3,538,叶,Char,16
3,539,春,Char,16
3,540,乡,Char,16
3,541,附,Char,16
3,542,吸,Char,16
3,543,予,Char,16
3,544,礼,Char,16
3,545,港,Char,16
3,546,雨,Char,16
3,547,呀,Char,16
3,548,板,Char,16
3,549,庭,Char,16
3,550,妇,Char,16
3,551,归,Char,16
3,552,睛,Char,16
3,553,饭,Char,16
3,554,额,Char,16
3,555,含,Char,16
3,556,顺,Char,16
3,557,输,Char,16
3,558,摇,Char,16
3,559,招,Char,16
3,560,婚,Char,16
3,561,脱,Char,16
3,562,补,Char,16
3,563,谓,Char,16
3,564,督,Char,16
3,565,毒,Char,16
3,566,油,Char,16
3,567,疗,Char,16
3,568,旅,Char,16
3,569,泽,Char,16
3,570,材,Char,16
3,571,灭,Char,16
3,572,逐,Char,16
3,573,莫,Char,16
3,574,笔,Char,16
3,575,亡,Char,16
3,576,鲜,Char,16
3,577,词,Char,16
3,578,圣,Char,16
3,579,择,Char,16
3,580,寻,Char,16
3,581,厂,Char,16
3,582,睡,Char,16
3,583,博,Char,16
3,584,勒,Char,16
3,585,烟,Char,16
3,586,授,Char,16
3,587,诺,Char,16
3,588,伦,Char,16
3,589,岸,Char,16
3,590,奥,Char,16
3,591,唐,Char,16
3,592,卖,Char,16
3,593,俄,Char,16
3,594,炸,Char,16
3,595,载,Char,16
3,596,洛,Char,16
3,597,健,Char,16
3,598,堂,Char,16
3,599,旁,Char,16
3,600,宫,Char,16
3,601,喝,Char,16
3,602,借,Char,16
3,603,君,Char,16
3,604,禁,Char,16
3,605,阴,Char,16
3,606,园,Char,16
3,607,谋,Char,16
3,608,宋,Char,16
3,609,避,Char,16
3,610,抓,Char,16
3,611,荣,Char,16
3,612,姑,Char,16
3,613,孙,Char,16
3,614,逃,Char,16
3,615,牙,Char,16
3,616,束,Char,16
3,617,跳,Char,16
3,618,顶,Char,16
3,619,玉,Char,16
3,620,镇,Char,16
3,621,雪,Char,16
3,622,午,Char,16
3,623,练,Char,16
3,624,迫,Char,16
3,625,爷,Char,16
3,626,篇,Char,16
3,627,肉,Char,16
3,628,嘴,Char,16
3,629,馆,Char,16
3,630,遍,Char,16
3,631,凡,Char,16
3,632,础,Char,16
3,633,洞,Char,16
3,634,卷,Char,16
3,635,坦,Char,16
3,636,牛,Char,16
3,637,宁,Char,16
3,638,纸,Char,16
3,639,诸,Char,16
3,640,训,Char,16
3,641,私,Char,16
3,642,庄,Char,16
3,643,祖,Char,16
3,644,丝,Char,16
3,645,翻,Char,16
3,646,暴,Char,16
3,647,森,Char,16
3,648,塔,Char,16
3,649,默,Char,16
3,650,握,Char,16
3,651,戏,Char,16
3,652,隐,Char,16
3,653,熟,Char,16
3,654,骨,Char,16
3,655,访,Char,16
3,656,弱,Char,16
3,657,蒙,Char,16
3,658,歌,Char,16
3,659,店,Char,16
3,660,鬼,Char,16
3,661,软,Char,16
3,662,典,Char,16
3,663,欲,Char,16
3,664,萨,Char,16
3,665,伙,Char,16
3,666,遭,Char,16
3,667,盘,Char,16
3,668,爸,Char,16
3,669,扩,Char,16
3,670,盖,Char,16
3,671,弄,Char,16
3,672,雄,Char,16
3,673,稳,Char,16
3,674,忘,Char,16
3,675,亿,Char,16
3,676,刺,Char,16
3,677,拥,Char,16
3,678,徒,Char,16
3,679,姆,Char,16
3,680,杨,Char,16
3,681,齐,Char,16
3,682,赛,Char,16
3,683,趣,Char,16
3,684,曲,Char,16
3,685,刀,Char,16
3,686,床,Char,16
3,687,迎,Char,16
3,688,冰,Char,16
3,689,虚,Char,16
3,690,玩,Char,16
3,691,析,Char,16
3,692,窗,Char,16
3,693,醒,Char,16
3,694,妻,Char,16
3,695,透,Char,16
3,696,购,Char,16
3,697,替,Char,16
3,698,塞,Char,16
3,699,努,Char,16
3,700,休,Char,16
3,701,虎,Char,16
3,702,扬,Char,16
3,703,途,Char,16
3,704,侵,Char,16
3,705,刑,Char,16
3,706,绿,Char,16
3,707,兄,Char,16
3,708,迅,Char,16
3,709,套,Char,16
3,710,贸,Char,16
3,711,毕,Char,16
3,712,唯,Char,16
3,713,谷,Char,16
3,714,轮,Char,16
3,715,库,Char,16
3,716,迹,Char,16
3,717,尤,Char,16
3,718,竞,Char,16
3,719,街,Char,16
3,720,促,Char,16
3,721,延,Char,16
3,722,震,Char,16
3,723,弃,Char,16
3,724,甲,Char,16
3,725,伟,Char,16
3,726,麻,Char,16
3,727,川,Char,16
3,728,申,Char,16
3,729,缓,Char,16
3,730,潜,Char,16
3,731,闪,Char,16
3,732,售,Char,16
3,733,灯,Char,16
3,734,针,Char,16
3,735,哲,Char,16
3,736,络,Char,16
3,737,抵,Char,16
3,738,朱,Char,16
3,739,埃,Char,16
3,740,抱,Char,16
3,741,鼓,Char,16
3,742,植,Char,16
3,743,纯,Char,16
3,744,夏,Char,16
3,745,忍,Char,16
3,746,页,Char,16
3,747,杰,Char,16
3,748,筑,Char,16
3,749,折,Char,16
3,750,郑,Char,16
3,751,贝,Char,16
3,752,尊,Char,16
3,753,吴,Char,16
3,754,秀,Char,16
3,755,混,Char,16
3,756,臣,Char,16
3,757,雅,Char,16
3,758,振,Char,16
3,759,染,Char,16
3,760,盛,Char,16
3,761,怒,Char,16
3,762,舞,Char,16
3,763,圆,Char,16
3,764,搞,Char,16
3,765,狂,Char,16
3,766,措,Char,16
3,767,姓,Char,16
3,768,残,Char,16
3,769,秋,Char,16
3,770,培,Char,16
3,771,迷,Char,16
3,772,诚,Char,16
3,773,宽,Char,16
3,774,宇,Char,16
3,775,猛,Char,16
3,776,摆,Char,16
3,777,梅,Char,16
3,778,毁,Char,16
3,779,伸,Char,16
3,780,摩,Char,16
3,781,盟,Char,16
3,782,末,Char,16
3,783,乃,Char,16
3,784,悲,Char,16
3,785,拍,Char,16
3,786,丁,Char,16
3,787,赵,Char,16
3,788,硬,Char,16
3,789,麦,Char,16
3,790,蒋,Char,16
3,791,操,Char,16
3,792,耶,Char,16
3,793,阻,Char,16
3,794,订,Char,16
3,795,彩,Char,16
3,796,抽,Char,16
3,797,赞,Char,16
3,798,魔,Char,16
3,799,纷,Char,16
3,800,沿,Char,16
3,801,喊,Char,16
3,802,违,Char,16
3,803,妹,Char,16
3,804,浪,Char,16
3,805,汇,Char,16
3,806,币,Char,16
3,807,丰,Char,16
3,808,蓝,Char,16
3,809,殊,Char,16
3,810,献,Char,16
3,811,桌,Char,16
3,812,啦,Char,16
3,813,瓦,Char,16
3,814,莱,Char,16
3,815,援,Char,16
3,816,译,Char,16
3,817,夺,Char,16
3,818,汽,Char,16
3,819,烧,Char,16
3,820,距,Char,16
3,821,裁,Char,16
3,822,偏,Char,16
3,823,符,Char,16
3,824,勇,Char,16
3,825,触,Char,16
3,826,课,Char,16
3,827,敬,Char,16
3,828,哭,Char,16
3,829,懂,Char,16
3,830,墙,Char,16
3,831,袭,Char,16
3,832,召,Char,16
3,833,罚,Char,16
3,834,侠,Char,16
3,835,厅,Char,16
3,836,拜,Char,16
3,837,巧,Char,16
3,838,侧,Char,16
3,839,韩,Char,16
3,840,冒,Char,16
3,841,债,Char,16
3,842,曼,Char,16
3,843,融,Char,16
3,844,惯,Char,16
3,845,享,Char,16
3,846,戴,Char,16
3,847,童,Char,16
3,848,犹,Char,16
3,849,乘,Char,16
3,850,挂,Char,16
3,851,奖,Char,16
3,852,绍,Char,16
3,853,厚,Char,16
3,854,纵,Char,16
3,855,障,Char,16
3,856,讯,Char,16
3,857,涉,Char,16
3,858,彻,Char,16
3,859,刊,Char,16
3,860,丈,Char,16
3,861,爆,Char,16
3,862,乌,Char,16
3,863,役,Char,16
3,864,描,Char,16
3,865,洗,Char,16
3,866,玛,Char,16
3,867,患,Char,16
3,868,妙,Char,16
3,869,镜,Char,16
3,870,唱,Char,16
3,871,烦,Char,16
3,872,签,Char,16
3,873,仙,Char,16
3,874,彼,Char,16
3,875,弗,Char,16
3,876,症,Char,16
3,877,仿,Char,16
3,878,倾,Char,16
3,879,牌,Char,16
3,880,陷,Char,16
3,881,鸟,Char,16
3,882,轰,Char,16
3,883,咱,Char,16
3,884,菜,Char,16
3,885,闭,Char,16
3,886,奋,Char,16
3,887,庆,Char,16
3,888,撤,Char,16
3,889,泪,Char,16
3,890,茶,Char,16
3,891,疾,Char,16
3,892,缘,Char,16
3,893,播,Char,16
3,894,朗,Char,16
3,895,杜,Char,16
3,896,奶,Char,16
3,897,季,Char,16
3,898,丹,Char,16
3,899,狗,Char,16
3,900,尾,Char,16
3,901,仪,Char,16
3,902,偷,Char,16
3,903,奔,Char,16
3,904,珠,Char,16
3,905,虫,Char,16
3,906,驻,Char,16
3,907,孔,Char,16
3,908,宜,Char,16
3,909,艾,Char,16
3,910,桥,Char,16
3,911,淡,Char,16
3,912,翼,Char,16
3,913,恨,Char,16
3,914,繁,Char,16
3,915,寒,Char,16
3,916,伴,Char,16
3,917,叹,Char,16
3,918,旦,Char,16
3,919,愈,Char,16
3,920,潮,Char,16
3,921,粮,Char,16
3,922,缩,Char,16
3,923,罢,Char,16
3,924,聚,Char,16
3,925,径,Char,16
3,926,恰,Char,16
3,927,挑,Char,16
3,928,袋,Char,16
3,929,灰,Char,16
3,930,捕,Char,16
3,931,徐,Char,16
3,932,珍,Char,16
3,933,幕,Char,16
3,934,映,Char,16
3,935,裂,Char,16
3,936,泰,Char,16
3,937,隔,Char,16
3,938,启,Char,16
3,939,尖,Char,16
3,940,忠,Char,16
3,941,累,Char,16
3,942,炎,Char,16
3,943,暂,Char,16
3,944,估,Char,16
3,945,泛,Char,16
3,946,荒,Char,16
3,947,偿,Char,16
3,948,横,Char,16
3,949,拒,Char,16
3,950,瑞,Char,16
3,951,忆,Char,16
3,952,孤,Char,16
3,953,鼻,Char,16
3,954,闹,Char,16
3,955,羊,Char,16
3,956,呆,Char,16
3,957,厉,Char,16
3,958,衡,Char,16
3,959,胞,Char,16
3,960,零,Char,16
3,961,穷,Char,16
3,962,舍,Char,16
3,963,码,Char,16
3,964,赫,Char,16
3,965,婆,Char,16
3,966,魂,Char,16
3,967,灾,Char,16
3,968,洪,Char,16
3,969,腿,Char,16
3,970,胆,Char,16
3,971,津,Char,16
3,972,俗,Char,16
3,973,辩,Char,16
3,974,胸,Char,16
3,975,晓,Char,16
3,976,劲,Char,16
3,977,贫,Char,16
3,978,仁,Char,16
3,979,偶,Char,16
3,980,辑,Char,16
3,981,邦,Char,16
3,982,恢,Char,16
3,983,赖,Char,16
3,984,圈,Char,16
3,985,摸,Char,16
3,986,仰,Char,16
3,987,润,Char,16
3,988,堆,Char,16
3,989,碰,Char,16
3,990,艇,Char,16
3,991,稍,Char,16
3,992,迟,Char,16
3,993,辆,Char,16
3,994,废,Char,16
3,995,净,Char,16
3,996,凶,Char,16
3,997,署,Char,16
3,998,壁,Char,16
3,999,御,Char,16
3,1000,奉,Char,16
3,1001,旋,Char,16
3,1002,冬,Char,16
3,1003,矿,Char,16
3,1004,抬,Char,16
3,1005,蛋,Char,16
3,1006,晨,Char,16
3,1007,伏,Char,16
3,1008,吹,Char,16
3,1009,鸡,Char,16
3,1010,倍,Char,16
3,1011,糊,Char,16
3,1012,秦,Char,16
3,1013,盾,Char,16
3,1014,杯,Char,16
3,1015,租,Char,16
3,1016,骑,Char,16
3,1017,乏,Char,16
3,1018,隆,Char,16
3,1019,诊,Char,16
3,1020,奴,Char,16
3,1021,摄,Char,16
3,1022,丧,Char,16
3,1023,污,Char,16
3,1024,渡,Char,16
3,1025,旗,Char,16
3,1026,甘,Char,16
3,1027,耐,Char,16
3,1028,凭,Char,16
3,1029,扎,Char,16
3,1030,抢,Char,16
3,1031,绪,Char,16
3,1032,粗,Char,16
3,1033,肩,Char,16
3,1034,梁,Char,16
3,1035,幻,Char,16
3,1036,菲,Char,16
3,1037,皆,Char,16
3,1038,碎,Char,16
3,1039,宙,Char,16
3,1040,叔,Char,16
3,1041,岩,Char,16
3,1042,荡,Char,16
3,1043,综,Char,16
3,1044,爬,Char,16
3,1045,荷,Char,16
3,1046,悉,Char,16
3,1047,蒂,Char,16
3,1048,返,Char,16
3,1049,井,Char,16
3,1050,壮,Char,16
3,1051,薄,Char,16
3,1052,悄,Char,16
3,1053,扫,Char,16
3,1054,敏,Char,16
3,1055,碍,Char,16
3,1056,殖,Char,16
3,1057,详,Char,16
3,1058,迪,Char,16
3,1059,矛,Char,16
3,1060,霍,Char,16
3,1061,允,Char,16
3,1062,幅,Char,16
3,1063,撒,Char,16
3,1064,剩,Char,16
3,1065,凯,Char,16
3,1066,颗,Char,16
3,1067,骂,Char,16
3,1068,赏,Char,16
3,1069,液,Char,16
3,1070,番,Char,16
3,1071,箱,Char,16
3,1072,贴,Char,16
3,1073,漫,Char,16
3,1074,酸,Char,16
3,1075,郎,Char,16
3,1076,腰,Char,16
3,1077,舒,Char,16
3,1078,眉,Char,16
3,1079,忧,Char,16
3,1080,浮,Char,16
3,1081,辛,Char,16
3,1082,恋,Char,16
3,1083,餐,Char,16
3,1084,吓,Char,16
3,1085,挺,Char,16
3,1086,励,Char,16
3,1087,辞,Char,16
3,1088,艘,Char,16
3,1089,键,Char,16
3,1090,伍,Char,16
3,1091,峰,Char,16
3,1092,尺,Char,16
3,1093,昨,Char,16
3,1094,黎,Char,16
3,1095,辈,Char,16
3,1096,贯,Char,16
3,1097,侦,Char,16
3,1098,滑,Char,16
3,1099,券,Char,16
3,1100,崇,Char,16
3,1101,扰,Char,16
3,1102,宪,Char,16
3,1103,绕,Char,16
3,1104,趋,Char,16
3,1105,慈,Char,16
3,1106,乔,Char,16
3,1107,阅,Char,16
3,1108,汗,Char,16
3,1109,枝,Char,16
3,1110,拖,Char,16
3,1111,墨,Char,16
3,1112,胁,Char,16
3,1113,插,Char,16
3,1114,箭,Char,16
3,1115,腊,Char,16
3,1116,粉,Char,16
3,1117,泥,Char,16
3,1118,氏,Char,16
3,1119,彭,Char,16
3,1120,拔,Char,16
3,1121,骗,Char,16
3,1122,凤,Char,16
3,1123,慧,Char,16
3,1124,媒,Char,16
3,1125,佩,Char,16
3,1126,愤,Char,16
3,1127,扑,Char,16
3,1128,龄,Char,16
3,1129,驱,Char,16
3,1130,惜,Char,16
3,1131,豪,Char,16
3,1132,掩,Char,16
3,1133,兼,Char,16
3,1134,跃,Char,16
3,1135,尸,Char,16
3,1136,肃,Char,16
3,1137,帕,Char,16
3,1138,驶,Char,16
3,1139,堡,Char,16
3,1140,届,Char,16
3,1141,欣,Char,16
3,1142,惠,Char,16
3,1143,册,Char,16
3,1144,储,Char,16
3,1145,飘,Char,16
3,1146,桑,Char,16
3,1147,闲,Char,16
3,1148,惨,Char,16
3,1149,洁,Char,16
3,1150,踪,Char,16
3,1151,勃,Char,16
3,1152,宾,Char,16
3,1153,频,Char,16
3,1154,仇,Char,16
3,1155,磨,Char,16
3,1156,递,Char,16
3,1157,邪,Char,16
3,1158,撞,Char,16
3,1159,拟,Char,16
3,1160,滚,Char,16
3,1161,奏,Char,16
3,1162,巡,Char,16
3,1163,颜,Char,16
3,1164,剂,Char,16
3,1165,绩,Char,16
3,1166,贡,Char,16
3,1167,疯,Char,16
3,1168,坡,Char,16
3,1169,瞧,Char,16
3,1170,截,Char,16
3,1171,燃,Char,16
3,1172,焦,Char,16
3,1173,殿,Char,16
3,1174,伪,Char,16
3,1175,柳,Char,16
3,1176,锁,Char,16
3,1177,逼,Char,16
3,1178,颇,Char,16
3,1179,昏,Char,16
3,1180,劝,Char,16
3,1181,呈,Char,16
3,1182,搜,Char,16
3,1183,勤,Char,16
3,1184,戒,Char,16
3,1185,驾,Char,16
3,1186,漂,Char,16
3,1187,饮,Char,16
3,1188,曹,Char,16
3,1189,朵,Char,16
3,1190,仔,Char,16
3,1191,柔,Char,16
3,1192,俩,Char,16
3,1193,孟,Char,16
3,1194,腐,Char,16
3,1195,幼,Char,16
3,1196,践,Char,16
3,1197,籍,Char,16
3,1198,牧,Char,16
3,1199,凉,Char,16
3,1200,牲,Char,16
3,1201,佳,Char,16
3,1202,娜,Char,16
3,1203,浓,Char,16
3,1204,芳,Char,16
3,1205,稿,Char,16
3,1206,竹,Char,16
3,1207,腹,Char,16
3,1208,跌,Char,16
3,1209,逻,Char,16
3,1210,垂,Char,16
3,1211,遵,Char,16
3,1212,脉,Char,16
3,1213,貌,Char,16
3,1214,柏,Char,16
3,1215,狱,Char,16
3,1216,猜,Char,16
3,1217,怜,Char,16
3,1218,惑,Char,16
3,1219,陶,Char,16
3,1220,兽,Char,16
3,1221,帐,Char,16
3,1222,饰,Char,16
3,1223,贷,Char,16
3,1224,昌,Char,16
3,1225,叙,Char,16
3,1226,躺,Char,16
3,1227,钢,Char,16
3,1228,沟,Char,16
3,1229,寄,Char,16
3,1230,扶,Char,16
3,1231,铺,Char,16
3,1232,邓,Char,16
3,1233,寿,Char,16
3,1234,惧,Char,16
3,1235,询,Char,16
3,1236,汤,Char,16
3,1237,盗,Char,16
3,1238,肥,Char,16
3,1239,尝,Char,16
3,1240,匆,Char,16
3,1241,辉,Char,16
3,1242,奈,Char,16
3,1243,扣,Char,16
3,1244,廷,Char,16
3,1245,澳,Char,16
3,1246,嘛,Char,16
3,1247,董,Char,16
3,1248,迁,Char,16
3,1249,凝,Char,16
3,1250,慰,Char,16
3,1251,厌,Char,16
3,1252,脏,Char,16
3,1253,腾,Char,16
3,1254,幽,Char,16
3,1255,怨,Char,16
3,1256,鞋,Char,16
3,1257,丢,Char,16
3,1258,埋,Char,16
3,1259,泉,Char,16
3,1260,涌,Char,16
3,1261,辖,Char,16
3,1262,躲,Char,16
3,1263,晋,Char,16
3,1264,紫,Char,16
3,1265,艰,Char,16
3,1266,魏,Char,16
3,1267,吾,Char,16
3,1268,慌,Char,16
3,1269,祝,Char,16
3,1270,邮,Char,16
3,1271,吐,Char,16
3,1272,狠,Char,16
3,1273,鉴,Char,16
3,1274,曰,Char,16
3,1275,械,Char,16
3,1276,咬,Char,16
3,1277,邻,Char,16
3,1278,赤,Char,16
3,1279,挤,Char,16
3,1280,弯,Char,16
3,1281,椅,Char,16
3,1282,陪,Char,16
3,1283,割,Char,16
3,1284,揭,Char,16
3,1285,韦,Char,16
3,1286,悟,Char,16
3,1287,聪,Char,16
3,1288,雾,Char,16
3,1289,锋,Char,16
3,1290,梯,Char,16
3,1291,猫,Char,16
3,1292,祥,Char,16
3,1293,阔,Char,16
3,1294,誉,Char,16
3,1295,筹,Char,16
3,1296,丛,Char,16
3,1297,牵,Char,16
3,1298,鸣,Char,16
3,1299,沈,Char,16
3,1300,阁,Char,16
3,1301,穆,Char,16
3,1302,屈,Char,16
3,1303,旨,Char,16
3,1304,袖,Char,16
3,1305,猎,Char,16
3,1306,臂,Char,16
3,1307,蛇,Char,16
3,1308,贺,Char,16
3,1309,柱,Char,16
3,1310,抛,Char,16
3,1311,鼠,Char,16
3,1312,瑟,Char,16
3,1313,戈,Char,16
3,1314,牢,Char,16
3,1315,逊,Char,16
3,1316,迈,Char,16
3,1317,欺,Char,16
3,1318,吨,Char,16
3,1319,琴,Char,16
3,1320,衰,Char,16
3,1321,瓶,Char,16
3,1322,恼,Char,16
3,1323,燕,Char,16
3,1324,仲,Char,16
3,1325,诱,Char,16
3,1326,狼,Char,16
3,1327,池,Char,16
3,1328,疼,Char,16
3,1329,卢,Char,16
3,1330,仗,Char,16
3,1331,冠,Char,16
3,1332,粒,Char,16
3,1333,遥,Char,16
3,1334,吕,Char,16
3,1335,玄,Char,16
3,1336,尘,Char,16
3,1337,冯,Char,16
3,1338,抚,Char,16
3,1339,浅,Char,16
3,1340,敦,Char,16
3,1341,纠,Char,16
3,1342,钻,Char,16
3,1343,晶,Char,16
3,1344,岂,Char,16
3,1345,峡,Char,16
3,1346,苍,Char,16
3,1347,喷,Char,16
3,1348,耗,Char,16
3,1349,凌,Char,16
3,1350,敲,Char,16
3,1351,菌,Char,16
3,1352,赔,Char,16
3,1353,涂,Char,16
3,1354,粹,Char,16
3,1355,扁,Char,16
3,1356,亏,Char,16
3,1357,寂,Char,16
3,1358,煤,Char,16
3,1359,熊,Char,16
3,1360,恭,Char,16
3,1361,湿,Char,16
3,1362,循,Char,16
3,1363,暖,Char,16
3,1364,糖,Char,16
3,1365,赋,Char,16
3,1366,抑,Char,16
3,1367,秩,Char,16
3,1368,帽,Char,16
3,1369,哀,Char,16
3,1370,宿,Char,16
3,1371,踏,Char,16
3,1372,烂,Char,16
3,1373,袁,Char,16
3,1374,侯,Char,16
3,1375,抖,Char,16
3,1376,夹,Char,16
3,1377,昆,Char,16
3,1378,肝,Char,16
3,1379,擦,Char,16
3,1380,猪,Char,16
3,1381,炼,Char,16
3,1382,恒,Char,16
3,1383,慎,Char,16
3,1384,搬,Char,16
3,1385,纽,Char,16
3,1386,纹,Char,16
3,1387,玻,Char,16
3,1388,渔,Char,16
3,1389,磁,Char,16
3,1390,铜,Char,16
3,1391,齿,Char,16
3,1392,跨,Char,16
3,1393,押,Char,16
3,1394,怖,Char,16
3,1395,漠,Char,16
3,1396,疲,Char,16
3,1397,叛,Char,16
3,1398,遣,Char,16
3,1399,兹,Char,16
3,1400,祭,Char,16
3,1401,醉,Char,16
3,1402,拳,Char,16
3,1403,弥,Char,16
3,1404,斜,Char,16
3,1405,档,Char,16
3,1406,稀,Char,16
3,1407,捷,Char,16
3,1408,肤,Char,16
3,1409,疫,Char,16
3,1410,肿,Char,16
3,1411,豆,Char,16
3,1412,削,Char,16
3,1413,岗,Char,16
3,1414,晃,Char,16
3,1415,吞,Char,16
3,1416,宏,Char,16
3,1417,癌,Char,16
3,1418,肚,Char,16
3,1419,隶,Char,16
3,1420,履,Char,16
3,1421,涨,Char,16
3,1422,耀,Char,16
3,1423,扭,Char,16
3,1424,坛,Char,16
3,1425,拨,Char,16
3,1426,沃,Char,16
3,1427,绘,Char,16
3,1428,伐,Char,16
3,1429,堪,Char,16
3,1430,仆,Char,16
3,1431,郭,Char,16
3,1432,牺,Char,16
3,1433,歼,Char,16
3,1434,墓,Char,16
3,1435,雇,Char,16
3,1436,廉,Char,16
3,1437,契,Char,16
3,1438,拼,Char,16
3,1439,惩,Char,16
3,1440,捉,Char,16
3,1441,覆,Char,16
3,1442,刷,Char,16
3,1443,劫,Char,16
3,1444,嫌,Char,16
3,1445,瓜,Char,16
3,1446,歇,Char,16
3,1447,雕,Char,16
3,1448,闷,Char,16
3,1449,乳,Char,16
3,1450,串,Char,16
3,1451,娃,Char,16
3,1452,缴,Char,16
3,1453,唤,Char,16
3,1454,赢,Char,16
3,1455,莲,Char,16
3,1456,霸,Char,16
3,1457,桃,Char,16
3,1458,妥,Char,16
3,1459,瘦,Char,16
3,1460,搭,Char,16
3,1461,赴,Char,16
3,1462,岳,Char,16
3,1463,嘉,Char,16
3,1464,舱,Char,16
3,1465,俊,Char,16
3,1466,址,Char,16
3,1467,庞,Char,16
3,1468,耕,Char,16
3,1469,锐,Char,16
3,1470,缝,Char,16
3,1471,悔,Char,16
3,1472,邀,Char,16
3,1473,玲,Char,16
3,1474,惟,Char,16
3,1475,斥,Char,16
3,1476,宅,Char,16
3,1477,添,Char,16
3,1478,挖,Char,16
3,1479,呵,Char,16
3,1480,讼,Char,16
3,1481,氧,Char,16
3,1482,浩,Char,16
3,1483,羽,Char,16
3,1484,斤,Char,16
3,1485,酷,Char,16
3,1486,掠,Char,16
3,1487,妖,Char,16
3,1488,祸,Char,16
3,1489,侍,Char,16
3,1490,乙,Char,16
3,1491,妨,Char,16
3,1492,贪,Char,16
3,1493,挣,Char,16
3,1494,汪,Char,16
3,1495,尿,Char,16
3,1496,莉,Char,16
3,1497,悬,Char,16
3,1498,唇,Char,16
3,1499,翰,Char,16
3,1500,仓,Char,16
3,1501,轨,Char,16
3,1502,枚,Char,16
3,1503,盐,Char,16
3,1504,览,Char,16
3,1505,傅,Char,16
3,1506,帅,Char,16
3,1507,庙,Char,16
3,1508,芬,Char,16
3,1509,屏,Char,16
3,1510,寺,Char,16
3,1511,胖,Char,16
3,1512,璃,Char,16
3,1513,愚,Char,16
3,1514,滴,Char,16
3,1515,疏,Char,16
3,1516,萧,Char,16
3,1517,姿,Char,16
3,1518,颤,Char,16
3,1519,丑,Char,16
3,1520,劣,Char,16
3,1521,柯,Char,16
3,1522,寸,Char,16
3,1523,扔,Char,16
3,1524,盯,Char,16
3,1525,辱,Char,16
3,1526,匹,Char,16
3,1527,俱,Char,16
3,1528,辨,Char,16
3,1529,饿,Char,16
3,1530,蜂,Char,16
3,1531,哦,Char,16
3,1532,腔,Char,16
3,1533,郁,Char,16
3,1534,溃,Char,16
3,1535,谨,Char,16
3,1536,糟,Char,16
3,1537,葛,Char,16
3,1538,苗,Char,16
3,1539,肠,Char,16
3,1540,忌,Char,16
3,1541,溜,Char,16
3,1542,鸿,Char,16
3,1543,爵,Char,16
3,1544,鹏,Char,16
3,1545,鹰,Char,16
3,1546,笼,Char,16
3,1547,丘,Char,16
3,1548,桂,Char,16
3,1549,滋,Char,16
3,1550,聊,Char,16
3,1551,挡,Char,16
3,1552,纲,Char,16
3,1553,肌,Char,16
3,1554,茨,Char,16
3,1555,壳,Char,16
3,1556,痕,Char,16
3,1557,碗,Char,16
3,1558,穴,Char,16
3,1559,膀,Char,16
3,1560,卓,Char,16
3,1561,贤,Char,16
3,1562,卧,Char,16
3,1563,膜,Char,16
3,1564,毅,Char,16
3,1565,锦,Char,16
3,1566,欠,Char,16
3,1567,哩,Char,16
3,1568,函,Char,16
3,1569,茫,Char,16
3,1570,昂,Char,16
3,1571,薛,Char,16
3,1572,皱,Char,16
3,1573,夸,Char,16
3,1574,豫,Char,16
3,1575,胃,Char,16
3,1576,舌,Char,16
3,1577,剥,Char,16
3,1578,傲,Char,16
3,1579,拾,Char,16
3,1580,窝,Char,16
3,1581,睁,Char,16
3,1582,携,Char,16
3,1583,陵,Char,16
3,1584,哼,Char,16
3,1585,棉,Char,16
3,1586,晴,Char,16
3,1587,铃,Char,16
3,1588,填,Char,16
3,1589,饲,Char,16
3,1590,渴,Char,16
3,1591,吻,Char,16
3,1592,扮,Char,16
3,1593,逆,Char,16
3,1594,脆,Char,16
3,1595,喘,Char,16
3,1596,罩,Char,16
3,1597,卜,Char,16
3,1598,炉,Char,16
3,1599,柴,Char,16
3,1600,愉,Char,16
3,1601,绳,Char,16
3,1602,胎,Char,16
3,1603,蓄,Char,16
3,1604,眠,Char,16
3,1605,竭,Char,16
3,1606,喂,Char,16
3,1607,傻,Char,16
3,1608,慕,Char,16
3,1609,浑,Char,16
3,1610,奸,Char,16
3,1611,扇,Char,16
3,1612,柜,Char,16
3,1613,悦,Char,16
3,1614,拦,Char,16
3,1615,诞,Char,16
3,1616,饱,Char,16
3,1617,乾,Char,16
3,1618,泡,Char,16
3,1619,贼,Char,16
3,1620,亭,Char,16
3,1621,夕,Char,16
3,1622,爹,Char,16
3,1623,酬,Char,16
3,1624,儒,Char,16
3,1625,姻,Char,16
3,1626,卵,Char,16
3,1627,氛,Char,16
3,1628,泄,Char,16
3,1629,杆,Char,16
3,1630,挨,Char,16
3,1631,僧,Char,16
3,1632,蜜,Char,16
3,1633,吟,Char,16
3,1634,猩,Char,16
3,1635,遂,Char,16
3,1636,狭,Char,16
3,1637,肖,Char,16
3,1638,甜,Char,16
3,1639,霞,Char,16
3,1640,驳,Char,16
3,1641,裕,Char,16
3,1642,顽,Char,16
3,1643,於,Char,16
3,1644,摘,Char,16
3,1645,矮,Char,16
3,1646,秒,Char,16
3,1647,卿,Char,16
3,1648,畜,Char,16
3,1649,咽,Char,16
3,1650,披,Char,16
3,1651,辅,Char,16
3,1652,勾,Char,16
3,1653,盆,Char,16
3,1654,疆,Char,16
3,1655,赌,Char,16
3,1656,塑,Char,16
3,1657,畏,Char,16
3,1658,吵,Char,16
3,1659,囊,Char,16
3,1660,嗯,Char,16
3,1661,泊,Char,16
3,1662,肺,Char,16
3,1663,骤,Char,16
3,1664,缠,Char,16
3,1665,冈,Char,16
3,1666,羞,Char,16
3,1667,瞪,Char,16
3,1668,吊,Char,16
3,1669,贾,Char,16
3,1670,漏,Char,16
3,1671,斑,Char,16
3,1672,涛,Char,16
3,1673,悠,Char,16
3,1674,鹿,Char,16
3,1675,俘,Char,16
3,1676,锡,Char,16
3,1677,卑,Char,16
3,1678,葬,Char,16
3,1679,铭,Char,16
3,1680,滩,Char,16
3,1681,嫁,Char,16
3,1682,催,Char,16
3,1683,璇,Char,16
3,1684,翅,Char,16
3,1685,盒,Char,16
3,1686,蛮,Char,16
3,1687,矣,Char,16
3,1688,潘,Char,16
3,1689,歧,Char,16
3,1690,赐,Char,16
3,1691,鲍,Char,16
3,1692,锅,Char,16
3,1693,廊,Char,16
3,1694,拆,Char,16
3,1695,灌,Char,16
3,1696,勉,Char,16
3,1697,盲,Char,16
3,1698,宰,Char,16
3,1699,佐,Char,16
3,1700,啥,Char,16
3,1701,胀,Char,16
3,1702,扯,Char,16
3,1703,禧,Char,16
3,1704,辽,Char,16
3,1705,抹,Char,16
3,1706,筒,Char,16
3,1707,棋,Char,16
3,1708,裤,Char,16
3,1709,唉,Char,16
3,1710,朴,Char,16
3,1711,咐,Char,16
3,1712,孕,Char,16
3,1713,誓,Char,16
3,1714,喉,Char,16
3,1715,妄,Char,16
3,1716,拘,Char,16
3,1717,链,Char,16
3,1718,驰,Char,16
3,1719,栏,Char,16
3,1720,逝,Char,16
3,1721,窃,Char,16
3,1722,艳,Char,16
3,1723,臭,Char,16
3,1724,纤,Char,16
3,1725,玑,Char,16
3,1726,棵,Char,16
3,1727,趁,Char,16
3,1728,匠,Char,16
3,1729,盈,Char,16
3,1730,翁,Char,16
3,1731,愁,Char,16
3,1732,瞬,Char,16
3,1733,婴,Char,16
3,1734,孝,Char,16
3,1735,颈,Char,16
3,1736,倘,Char,16
3,1737,浙,Char,16
3,1738,谅,Char,16
3,1739,蔽,Char,16
3,1740,畅,Char,16
3,1741,赠,Char,16
3,1742,妮,Char,16
3,1743,莎,Char,16
3,1744,尉,Char,16
3,1745,冻,Char,16
3,1746,跪,Char,16
3,1747,闯,Char,16
3,1748,葡,Char,16
3,1749,後,Char,16
3,1750,厨,Char,16
3,1751,鸭,Char,16
3,1752,颠,Char,16
3,1753,遮,Char,16
3,1754,谊,Char,16
3,1755,圳,Char,16
3,1756,吁,Char,16
3,1757,仑,Char,16
3,1758,辟,Char,16
3,1759,瘤,Char,16
3,1760,嫂,Char,16
3,1761,陀,Char,16
3,1762,框,Char,16
3,1763,谭,Char,16
3,1764,亨,Char,16
3,1765,钦,Char,16
3,1766,庸,Char,16
3,1767,歉,Char,16
3,1768,芝,Char,16
3,1769,吼,Char,16
3,1770,甫,Char,16
3,1771,衫,Char,16
3,1772,摊,Char,16
3,1773,宴,Char,16
3,1774,嘱,Char,16
3,1775,衷,Char,16
3,1776,娇,Char,16
3,1777,陕,Char,16
3,1778,矩,Char,16
3,1779,浦,Char,16
3,1780,讶,Char,16
3,1781,耸,Char,16
3,1782,裸,Char,16
3,1783,碧,Char,16
3,1784,摧,Char,16
3,1785,薪,Char,16
3,1786,淋,Char,16
3,1787,耻,Char,16
3,1788,胶,Char,16
3,1789,屠,Char,16
3,1790,鹅,Char,16
3,1791,饥,Char,16
3,1792,盼,Char,16
3,1793,脖,Char,16
3,1794,虹,Char,16
3,1795,翠,Char,16
3,1796,崩,Char,16
3,1797,账,Char,16
3,1798,萍,Char,16
3,1799,逢,Char,16
3,1800,赚,Char,16
3,1801,撑,Char,16
3,1802,翔,Char,16
3,1803,倡,Char,16
3,1804,绵,Char,16
3,1805,猴,Char,16
3,1806,枯,Char,16
3,1807,巫,Char,16
3,1808,昭,Char,16
3,1809,怔,Char,16
3,1810,渊,Char,16
3,1811,凑,Char,16
3,1812,溪,Char,16
3,1813,蠢,Char,16
3,1814,禅,Char,16
3,1815,阐,Char,16
3,1816,旺,Char,16
3,1817,寓,Char,16
3,1818,藤,Char,16
3,1819,匪,Char,16
3,1820,伞,Char,16
3,1821,碑,Char,16
3,1822,挪,Char,16
3,1823,琼,Char,16
3,1824,脂,Char,16
3,1825,谎,Char,16
3,1826,慨,Char,16
3,1827,菩,Char,16
3,1828,萄,Char,16
3,1829,狮,Char,16
3,1830,掘,Char,16
3,1831,抄,Char,16
3,1832,岭,Char,16
3,1833,晕,Char,16
3,1834,逮,Char,16
3,1835,砍,Char,16
3,1836,掏,Char,16
3,1837,狄,Char,16
3,1838,晰,Char,16
3,1839,罕,Char,16
3,1840,挽,Char,16
3,1841,脾,Char,16
3,1842,舟,Char,16
3,1843,痴,Char,16
3,1844,蔡,Char,16
3,1845,剪,Char,16
3,1846,脊,Char,16
3,1847,弓,Char,16
3,1848,懒,Char,16
3,1849,叉,Char,16
3,1850,拐,Char,16
3,1851,喃,Char,16
3,1852,僚,Char,16
3,1853,捐,Char,16
3,1854,姊,Char,16
3,1855,骚,Char,16
3,1856,拓,Char,16
3,1857,歪,Char,16
3,1858,粘,Char,16
3,1859,柄,Char,16
3,1860,坑,Char,16
3,1861,陌,Char,16
3,1862,窄,Char,16
3,1863,湘,Char,16
3,1864,兆,Char,16
3,1865,崖,Char,16
3,1866,骄,Char,16
3,1867,刹,Char,16
3,1868,鞭,Char,16
3,1869,芒,Char,16
3,1870,筋,Char,16
3,1871,聘,Char,16
3,1872,钩,Char,16
3,1873,棍,Char,16
3,1874,嚷,Char,16
3,1875,腺,Char,16
3,1876,弦,Char,16
3,1877,焰,Char,16
3,1878,耍,Char,16
3,1879,俯,Char,16
3,1880,厘,Char,16
3,1881,愣,Char,16
3,1882,厦,Char,16
3,1883,恳,Char,16
3,1884,饶,Char,16
3,1885,钉,Char,16
3,1886,寡,Char,16
3,1887,憾,Char,16
3,1888,摔,Char,16
3,1889,叠,Char,16
3,1890,惹,Char,16
3,1891,喻,Char,16
3,1892,谱,Char,16
3,1893,愧,Char,16
3,1894,煌,Char,16
3,1895,徽,Char,16
3,1896,溶,Char,16
3,1897,坠,Char,16
3,1898,煞,Char,16
3,1899,巾,Char,16
3,1900,滥,Char,16
3,1901,洒,Char,16
3,1902,堵,Char,16
3,1903,瓷,Char,16
3,1904,咒,Char,16
3,1905,姨,Char,16
3,1906,棒,Char,16
3,1907,郡,Char,16
3,1908,浴,Char,16
3,1909,媚,Char,16
3,1910,稣,Char,16
3,1911,淮,Char,16
3,1912,哎,Char,16
3,1913,屁,Char,16
3,1914,漆,Char,16
3,1915,淫,Char,16
3,1916,巢,Char,16
3,1917,吩,Char,16
3,1918,撰,Char,16
3,1919,啸,Char,16
3,1920,滞,Char,16
3,1921,玫,Char,16
3,1922,硕,Char,16
3,1923,钓,Char,16
3,1924,蝶,Char,16
3,1925,膝,Char,16
3,1926,姚,Char,16
3,1927,茂,Char,16
3,1928,躯,Char,16
3,1929,吏,Char,16
3,1930,猿,Char,16
3,1931,寨,Char,16
3,1932,恕,Char,16
3,1933,渠,Char,16
3,1934,戚,Char,16
3,1935,辰,Char,16
3,1936,舶,Char,16
3,1937,颁,Char,16
3,1938,惶,Char,16
3,1939,狐,Char,16
3,1940,讽,Char,16
3,1941,笨,Char,16
3,1942,袍,Char,16
3,1943,嘲,Char,16
3,1944,啡,Char,16
3,1945,泼,Char,16
3,1946,衔,Char,16
3,1947,倦,Char,16
3,1948,涵,Char,16
3,1949,雀,Char,16
3,1950,旬,Char,16
3,1951,僵,Char,16
3,1952,撕,Char,16
3,1953,肢,Char,16
3,1954,垄,Char,16
3,1955,夷,Char,16
3,1956,逸,Char,16
3,1957,茅,Char,16
3,1958,侨,Char,16
3,1959,舆,Char,16
3,1960,窑,Char,16
3,1961,涅,Char,16
3,1962,蒲,Char,16
3,1963,谦,Char,16
3,1964,杭,Char,16
3,1965,噢,Char,16
3,1966,弊,Char,16
3,1967,勋,Char,16
3,1968,刮,Char,16
3,1969,郊,Char,16
3,1970,凄,Char,16
3,1971,捧,Char,16
3,1972,浸,Char,16
3,1973,砖,Char,16
3,1974,鼎,Char,16
3,1975,篮,Char,16
3,1976,蒸,Char,16
3,1977,饼,Char,16
3,1978,亩,Char,16
3,1979,肾,Char,16
3,1980,陡,Char,16
3,1981,爪,Char,16
3,1982,兔,Char,16
3,1983,殷,Char,16
3,1984,贞,Char,16
3,1985,荐,Char,16
3,1986,哑,Char,16
3,1987,炭,Char,16
3,1988,坟,Char,16
3,1989,眨,Char,16
3,1990,搏,Char,16
3,1991,咳,Char,16
3,1992,拢,Char,16
3,1993,舅,Char,16
3,1994,昧,Char,16
3,1995,擅,Char,16
3,1996,爽,Char,16
3,1997,咖,Char,16
3,1998,搁,Char,16
3,1999,禄,Char,16
3,2000,雌,Char,16
3,2001,哨,Char,16
3,2002,巩,Char,16
3,2003,绢,Char,16
3,2004,螺,Char,16
3,2005,裹,Char,16
3,2006,昔,Char,16
3,2007,轩,Char,16
3,2008,谬,Char,16
3,2009,谍,Char,16
3,2010,龟,Char,16
3,2011,媳,Char,16
3,2012,姜,Char,16
3,2013,瞎,Char,16
3,2014,冤,Char,16
3,2015,鸦,Char,16
3,2016,蓬,Char,16
3,2017,巷,Char,16
3,2018,琳,Char,16
3,2019,栽,Char,16
3,2020,沾,Char,16
3,2021,诈,Char,16
3,2022,斋,Char,16
3,2023,瞒,Char,16
3,2024,彪,Char,16
3,2025,厄,Char,16
3,2026,咨,Char,16
3,2027,纺,Char,16
3,2028,罐,Char,16
3,2029,桶,Char,16
3,2030,壤,Char,16
3,2031,糕,Char,16
3,2032,颂,Char,16
3,2033,膨,Char,16
3,2034,谐,Char,16
3,2035,垒,Char,16
3,2036,咕,Char,16
3,2037,隙,Char,16
3,2038,辣,Char,16
3,2039,绑,Char,16
3,2040,宠,Char,16
3,2041,嘿,Char,16
3,2042,兑,Char,16
3,2043,霉,Char,16
3,2044,挫,Char,16
3,2045,稽,Char,16
3,2046,辐,Char,16
3,2047,乞,Char,16
3,2048,纱,Char,16
3,2049,裙,Char,16
3,2050,嘻,Char,16
3,2051,哇,Char,16
3,2052,绣,Char,16
3,2053,杖,Char,16
3,2054,塘,Char,16
3,2055,衍,Char,16
3,2056,轴,Char,16
3,2057,攀,Char,16
3,2058,膊,Char,16
3,2059,譬,Char,16
3,2060,斌,Char,16
3,2061,祈,Char,16
3,2062,踢,Char,16
3,2063,肆,Char,16
3,2064,坎,Char,16
3,2065,轿,Char,16
3,2066,棚,Char,16
3,2067,泣,Char,16
3,2068,屡,Char,16
3,2069,躁,Char,16
3,2070,邱,Char,16
3,2071,凰,Char,16
3,2072,溢,Char,16
3,2073,椎,Char,16
3,2074,砸,Char,16
3,2075,趟,Char,16
3,2076,帘,Char,16
3,2077,帆,Char,16
3,2078,栖,Char,16
3,2079,窜,Char,16
3,2080,丸,Char,16
3,2081,斩,Char,16
3,2082,堤,Char,16
3,2083,塌,Char,16
3,2084,贩,Char,16
3,2085,厢,Char,16
3,2086,掀,Char,16
3,2087,喀,Char,16
3,2088,乖,Char,16
3,2089,谜,Char,16
3,2090,捏,Char,16
3,2091,阎,Char,16
3,2092,滨,Char,16
3,2093,虏,Char,16
3,2094,匙,Char,16
3,2095,芦,Char,16
3,2096,苹,Char,16
3,2097,卸,Char,16
3,2098,沼,Char,16
3,2099,钥,Char,16
3,2100,株,Char,16
3,2101,祷,Char,16
3,2102,剖,Char,16
3,2103,熙,Char,16
3,2104,哗,Char,16
3,2105,劈,Char,16
3,2106,怯,Char,16
3,2107,棠,Char,16
3,2108,胳,Char,16
3,2109,桩,Char,16
3,2110,瑰,Char,16
3,2111,娱,Char,16
3,2112,娶,Char,16
3,2113,沫,Char,16
3,2114,嗓,Char,16
3,2115,蹲,Char,16
3,2116,焚,Char,16
3,2117,淘,Char,16
3,2118,嫩,Char,16
3,2119,韵,Char,16
3,2120,衬,Char,16
3,2121,匈,Char,16
3,2122,钧,Char,16
3,2123,竖,Char,16
3,2124,峻,Char,16
3,2125,豹,Char,16
3,2126,捞,Char,16
3,2127,菊,Char,16
3,2128,鄙,Char,16
3,2129,魄,Char,16
3,2130,兜,Char,16
3,2131,哄,Char,16
3,2132,颖,Char,16
3,2133,镑,Char,16
3,2134,屑,Char,16
3,2135,蚁,Char,16
3,2136,壶,Char,16
3,2137,怡,Char,16
3,2138,渗,Char,16
3,2139,秃,Char,16
3,2140,迦,Char,16
3,2141,旱,Char,16
3,2142,哟,Char,16
3,2143,咸,Char,16
3,2144,焉,Char,16
3,2145,谴,Char,16
3,2146,宛,Char,16
3,2147,稻,Char,16
3,2148,铸,Char,16
3,2149,锻,Char,16
3,2150,伽,Char,16
3,2151,詹,Char,16
3,2152,毙,Char,16
3,2153,恍,Char,16
3,2154,贬,Char,16
3,2155,烛,Char,16
3,2156,骇,Char,16
3,2157,芯,Char,16
3,2158,汁,Char,16
3,2159,桓,Char,16
3,2160,坊,Char,16
3,2161,驴,Char,16
3,2162,朽,Char,16
3,2163,靖,Char,16
3,2164,佣,Char,16
3,2165,汝,Char,16
3,2166,碌,Char,16
3,2167,迄,Char,16
3,2168,冀,Char,16
3,2169,荆,Char,16
3,2170,崔,Char,16
3,2171,雁,Char,16
3,2172,绅,Char,16
3,2173,珊,Char,16
3,2174,榜,Char,16
3,2175,诵,Char,16
3,2176,傍,Char,16
3,2177,彦,Char,16
3,2178,醇,Char,16
3,2179,笛,Char,16
3,2180,禽,Char,16
3,2181,勿,Char,16
3,2182,娟,Char,16
3,2183,瞄,Char,16
3,2184,幢,Char,16
3,2185,寇,Char,16
3,2186,睹,Char,16
3,2187,贿,Char,16
3,2188,踩,Char,16
3,2189,霆,Char,16
3,2190,呜,Char,16
3,2191,拱,Char,16
3,2192,妃,Char,16
3,2193,蔑,Char,16
3,2194,谕,Char,16
3,2195,缚,Char,16
3,2196,诡,Char,16
3,2197,篷,Char,16
3,2198,淹,Char,16
3,2199,腕,Char,16
3,2200,煮,Char,16
3,2201,倩,Char,16
3,2202,卒,Char,16
3,2203,勘,Char,16
3,2204,馨,Char,16
3,2205,逗,Char,16
3,2206,甸,Char,16
3,2207,贱,Char,16
3,2208,炒,Char,16
3,2209,灿,Char,16
3,2210,敞,Char,16
3,2211,蜡,Char,16
3,2212,囚,Char,16
3,2213,栗,Char,16
3,2214,辜,Char,16
3,2215,垫,Char,16
3,2216,妒,Char,16
3,2217,魁,Char,16
3,2218,谣,Char,16
3,2219,寞,Char,16
3,2220,蜀,Char,16
3,2221,甩,Char,16
3,2222,涯,Char,16
3,2223,枕,Char,16
3,2224,丐,Char,16
3,2225,泳,Char,16
3,2226,奎,Char,16
3,2227,泌,Char,16
3,2228,逾,Char,16
3,2229,叮,Char,16
3,2230,黛,Char,16
3,2231,燥,Char,16
3,2232,掷,Char,16
3,2233,藉,Char,16
3,2234,枢,Char,16
3,2235,憎,Char,16
3,2236,鲸,Char,16
3,2237,弘,Char,16
3,2238,倚,Char,16
3,2239,侮,Char,16
3,2240,藩,Char,16
3,2241,拂,Char,16
3,2242,鹤,Char,16
3,2243,蚀,Char,16
3,2244,浆,Char,16
3,2245,芙,Char,16
3,2246,垃,Char,16
3,2247,烤,Char,16
3,2248,晒,Char,16
3,2249,霜,Char,16
3,2250,剿,Char,16
3,2251,蕴,Char,16
3,2252,圾,Char,16
3,2253,绸,Char,16
3,2254,屿,Char,16
3,2255,氢,Char,16
3,2256,驼,Char,16
3,2257,妆,Char,16
3,2258,捆,Char,16
3,2259,铅,Char,16
3,2260,逛,Char,16
3,2261,淑,Char,16
3,2262,榴,Char,16
3,2263,丙,Char,16
3,2264,痒,Char,16
3,2265,钞,Char,16
3,2266,蹄,Char,16
3,2267,犬,Char,16
3,2268,躬,Char,16
3,2269,昼,Char,16
3,2270,藻,Char,16
3,2271,蛛,Char,16
3,2272,褐,Char,16
3,2273,颊,Char,16
3,2274,奠,Char,16
3,2275,募,Char,16
3,2276,耽,Char,16
3,2277,蹈,Char,16
3,2278,陋,Char,16
3,2279,侣,Char,16
3,2280,魅,Char,16
3,2281,岚,Char,16
3,2282,侄,Char,16
3,2283,虐,Char,16
3,2284,堕,Char,16
3,2285,陛,Char,16
3,2286,莹,Char,16
3,2287,荫,Char,16
3,2288,狡,Char,16
3,2289,阀,Char,16
3,2290,绞,Char,16
3,2291,膏,Char,16
3,2292,垮,Char,16
3,2293,茎,Char,16
3,2294,缅,Char,16
3,2295,喇,Char,16
3,2296,绒,Char,16
3,2297,搅,Char,16
3,2298,凳,Char,16
3,2299,梭,Char,16
3,2300,丫,Char,16
3,2301,姬,Char,16
3,2302,诏,Char,16
3,2303,钮,Char,16
3,2304,棺,Char,16
3,2305,耿,Char,16
3,2306,缔,Char,16
3,2307,懈,Char,16
3,2308,嫉,Char,16
3,2309,灶,Char,16
3,2310,匀,Char,16
3,2311,嗣,Char,16
3,2312,鸽,Char,16
3,2313,澡,Char,16
3,2314,凿,Char,16
3,2315,纬,Char,16
3,2316,沸,Char,16
3,2317,畴,Char,16
3,2318,刃,Char,16
3,2319,遏,Char,16
3,2320,烁,Char,16
3,2321,嗅,Char,16
3,2322,叭,Char,16
3,2323,熬,Char,16
3,2324,瞥,Char,16
3,2325,骸,Char,16
3,2326,奢,Char,16
3,2327,拙,Char,16
3,2328,栋,Char,16
3,2329,毯,Char,16
3,2330,桐,Char,16
3,2331,砂,Char,16
3,2332,莽,Char,16
3,2333,泻,Char,16
3,2334,坪,Char,16
3,2335,梳,Char,16
3,2336,杉,Char,16
3,2337,晤,Char,16
3,2338,稚,Char,16
3,2339,蔬,Char,16
3,2340,蝇,Char,16
3,2341,捣,Char,16
3,2342,顷,Char,16
3,2343,麽,Char,16
3,2344,尴,Char,16
3,2345,镖,Char,16
3,2346,诧,Char,16
3,2347,尬,Char,16
3,2348,硫,Char,16
3,2349,嚼,Char,16
3,2350,羡,Char,16
3,2351,沦,Char,16
3,2352,沪,Char,16
3,2353,旷,Char,16
3,2354,彬,Char,16
3,2355,芽,Char,16
3,2356,狸,Char,16
3,2357,冥,Char,16
3,2358,碳,Char,16
3,2359,咧,Char,16
3,2360,惕,Char,16
3,2361,暑,Char,16
3,2362,咯,Char,16
3,2363,萝,Char,16
3,2364,汹,Char,16
3,2365,腥,Char,16
3,2366,窥,Char,16
3,2367,俺,Char,16
3,2368,潭,Char,16
3,2369,崎,Char,16
3,2370,麟,Char,16
3,2371,捡,Char,16
3,2372,拯,Char,16
3,2373,厥,Char,16
3,2374,澄,Char,16
3,2375,萎,Char,16
3,2376,哉,Char,16
3,2377,涡,Char,16
3,2378,滔,Char,16
3,2379,暇,Char,16
3,2380,溯,Char,16
3,2381,鳞,Char,16
3,2382,酿,Char,16
3,2383,茵,Char,16
3,2384,愕,Char,16
3,2385,瞅,Char,16
3,2386,暮,Char,16
3,2387,衙,Char,16
3,2388,诫,Char,16
3,2389,斧,Char,16
3,2390,兮,Char,16
3,2391,焕,Char,16
3,2392,棕,Char,16
3,2393,佑,Char,16
3,2394,嘶,Char,16
3,2395,妓,Char,16
3,2396,喧,Char,16
3,2397,蓉,Char,16
3,2398,删,Char,16
3,2399,樱,Char,16
3,2400,伺,Char,16
3,2401,嗡,Char,16
3,2402,娥,Char,16
3,2403,梢,Char,16
3,2404,坝,Char,16
3,2405,蚕,Char,16
3,2406,敷,Char,16
3,2407,澜,Char,16
3,2408,杏,Char,16
3,2409,绥,Char,16
3,2410,冶,Char,16
3,2411,庇,Char,16
3,2412,挠,Char,16
3,2413,搂,Char,16
3,2414,倏,Char,16
3,2415,聂,Char,16
3,2416,婉,Char,16
3,2417,噪,Char,16
3,2418,稼,Char,16
3,2419,鳍,Char,16
3,2420,菱,Char,16
3,2421,盏,Char,16
3,2422,匿,Char,16
3,2423,吱,Char,16
3,2424,寝,Char,16
3,2425,揽,Char,16
3,2426,髓,Char,16
3,2427,秉,Char,16
3,2428,哺,Char,16
3,2429,矢,Char,16
3,2430,啪,Char,16
3,2431,帜,Char,16
3,2432,邵,Char,16
3,2433,嗽,Char,16
3,2434,挟,Char,16
3,2435,缸,Char,16
3,2436,揉,Char,16
3,2437,腻,Char,16
3,2438,驯,Char,16
3,2439,缆,Char,16
3,2440,晌,Char,16
3,2441,瘫,Char,16
3,2442,贮,Char,16
3,2443,觅,Char,16
3,2444,朦,Char,16
3,2445,僻,Char,16
3,2446,隋,Char,16
3,2447,蔓,Char,16
3,2448,咋,Char,16
3,2449,嵌,Char,16
3,2450,虔,Char,16
3,2451,畔,Char,16
3,2452,琐,Char,16
3,2453,碟,Char,16
3,2454,涩,Char,16
3,2455,胧,Char,16
3,2456,嘟,Char,16
3,2457,蹦,Char,16
3,2458,冢,Char,16
3,2459,浏,Char,16
3,2460,裔,Char,16
3,2461,襟,Char,16
3,2462,叨,Char,16
3,2463,诀,Char,16
3,2464,旭,Char,16
3,2465,虾,Char,16
3,2466,簿,Char,16
3,2467,啤,Char,16
3,2468,擒,Char,16
3,2469,枣,Char,16
3,2470,嘎,Char,16
3,2471,苑,Char,16
3,2472,牟,Char,16
3,2473,呕,Char,16
3,2474,骆,Char,16
3,2475,凸,Char,16
3,2476,熄,Char,16
3,2477,兀,Char,16
3,2478,喔,Char,16
3,2479,裳,Char,16
3,2480,凹,Char,16
3,2481,赎,Char,16
3,2482,屯,Char,16
3,2483,膛,Char,16
3,2484,浇,Char,16
3,2485,灼,Char,16
3,2486,裘,Char,16
3,2487,砰,Char,16
3,2488,棘,Char,16
3,2489,橡,Char,16
3,2490,碱,Char,16
3,2491,聋,Char,16
3,2492,姥,Char,16
3,2493,瑜,Char,16
3,2494,毋,Char,16
3,2495,娅,Char,16
3,2496,沮,Char,16
3,2497,萌,Char,16
3,2498,俏,Char,16
3,2499,黯,Char,16
3,2500,撇,Char,16
3,2501,粟,Char,16
3,2502,粪,Char,16
3,2503,尹,Char,16
3,2504,苟,Char,16
3,2505,癫,Char,16
3,2506,蚂,Char,16
3,2507,禹,Char,16
3,2508,廖,Char,16
3,2509,俭,Char,16
3,2510,帖,Char,16
3,2511,煎,Char,16
3,2512,缕,Char,16
3,2513,窦,Char,16
3,2514,簇,Char,16
3,2515,棱,Char,16
3,2516,叩,Char,16
3,2517,呐,Char,16
3,2518,瑶,Char,16
3,2519,墅,Char,16
3,2520,莺,Char,16
3,2521,烫,Char,16
3,2522,蛙,Char,16
3,2523,歹,Char,16
3,2524,伶,Char,16
3,2525,葱,Char,16
3,2526,哮,Char,16
3,2527,眩,Char,16
3,2528,坤,Char,16
3,2529,廓,Char,16
3,2530,讳,Char,16
3,2531,啼,Char,16
3,2532,乍,Char,16
3,2533,瓣,Char,16
3,2534,矫,Char,16
3,2535,跋,Char,16
3,2536,枉,Char,16
3,2537,梗,Char,16
3,2538,厕,Char,16
3,2539,琢,Char,16
3,2540,讥,Char,16
3,2541,釉,Char,16
3,2542,窟,Char,16
3,2543,敛,Char,16
3,2544,轼,Char,16
3,2545,庐,Char,16
3,2546,胚,Char,16
3,2547,呻,Char,16
3,2548,绰,Char,16
3,2549,扼,Char,16
3,2550,懿,Char,16
3,2551,炯,Char,16
3,2552,竿,Char,16
3,2553,慷,Char,16
3,2554,虞,Char,16
3,2555,锤,Char,16
3,2556,栓,Char,16
3,2557,桨,Char,16
3,2558,蚊,Char,16
3,2559,磅,Char,16
3,2560,孽,Char,16
3,2561,惭,Char,16
3,2562,戳,Char,16
3,2563,禀,Char,16
3,2564,鄂,Char,16
3,2565,馈,Char,16
3,2566,垣,Char,16
3,2567,溅,Char,16
3,2568,咚,Char,16
3,2569,钙,Char,16
3,2570,礁,Char,16
3,2571,彰,Char,16
3,2572,豁,Char,16
3,2573,眯,Char,16
3,2574,磷,Char,16
3,2575,雯,Char,16
3,2576,墟,Char,16
3,2577,迂,Char,16
3,2578,瞻,Char,16
3,2579,颅,Char,16
3,2580,琉,Char,16
3,2581,悼,Char,16
3,2582,蝴,Char,16
3,2583,拣,Char,16
3,2584,渺,Char,16
3,2585,眷,Char,16
3,2586,悯,Char,16
3,2587,汰,Char,16
3,2588,慑,Char,16
3,2589,婶,Char,16
3,2590,斐,Char,16
3,2591,嘘,Char,16
3,2592,镶,Char,16
3,2593,炕,Char,16
3,2594,宦,Char,16
3,2595,趴,Char,16
3,2596,绷,Char,16
3,2597,窘,Char,16
3,2598,襄,Char,16
3,2599,珀,Char,16
3,2600,嚣,Char,16
3,2601,拚,Char,16
3,2602,酌,Char,16
3,2603,浊,Char,16
3,2604,毓,Char,16
3,2605,撼,Char,16
3,2606,嗜,Char,16
3,2607,扛,Char,16
3,2608,峭,Char,16
3,2609,磕,Char,16
3,2610,翘,Char,16
3,2611,槽,Char,16
3,2612,淌,Char,16
3,2613,栅,Char,16
3,2614,颓,Char,16
3,2615,熏,Char,16
3,2616,瑛,Char,16
3,2617,颐,Char,16
3,2618,忖,Char,16
3,2619,牡,Char,16
3,2620,缀,Char,16
3,2621,徊,Char,16
3,2622,梨,Char,16
3,2623,肪,Char,16
3,2624,涕,Char,16
3,2625,惫,Char,16
3,2626,摹,Char,16
3,2627,踱,Char,16
3,2628,肘,Char,16
3,2629,熔,Char,16
3,2630,挚,Char,16
3,2631,氯,Char,16
3,2632,凛,Char,16
3,2633,绎,Char,16
3,2634,庶,Char,16
3,2635,脯,Char,16
3,2636,迭,Char,16
3,2637,睦,Char,16
3,2638,窍,Char,16
3,2639,粥,Char,16
3,2640,庵,Char,16
3,2641,沧,Char,16
3,2642,怠,Char,16
3,2643,沁,Char,16
3,2644,奕,Char,16
3,2645,咙,Char,16
3,2646,氨,Char,16
3,2647,矗,Char,16
3,2648,盔,Char,16
3,2649,拇,Char,16
3,2650,沛,Char,16
3,2651,榻,Char,16
3,2652,揣,Char,16
3,2653,崭,Char,16
3,2654,鞘,Char,16
3,2655,鞠,Char,16
3,2656,垦,Char,16
3,2657,洽,Char,16
3,2658,唾,Char,16
3,2659,橱,Char,16
3,2660,仕,Char,16
3,2661,蜘,Char,16
3,2662,痰,Char,16
3,2663,袜,Char,16
3,2664,峙,Char,16
3,2665,柬,Char,16
3,2666,蝉,Char,16
3,2667,蟹,Char,16
3,2668,谏,Char,16
3,2669,鹃,Char,16
3,2670,擎,Char,16
3,2671,皓,Char,16
3,2672,朕,Char,16
3,2673,疤,Char,16
3,2674,禺,Char,16
3,2675,铲,Char,16
3,2676,酶,Char,16
3,2677,钝,Char,16
3,2678,氓,Char,16
3,2679,匣,Char,16
3,2680,弧,Char,16
3,2681,峨,Char,16
3,2682,锥,Char,16
3,2683,揪,Char,16
3,2684,杠,Char,16
3,2685,吭,Char,16
3,2686,崛,Char,16
3,2687,诬,Char,16
3,2688,冉,Char,16
3,2689,抒,Char,16
3,2690,庚,Char,16
3,2691,悍,Char,16
3,2692,靡,Char,16
3,2693,晦,Char,16
3,2694,醋,Char,16
3,2695,壕,Char,16
3,2696,锯,Char,16
3,2697,夭,Char,16
3,2698,咦,Char,16
3,2699,侈,Char,16
3,2700,婢,Char,16
3,2701,猾,Char,16
3,2702,徘,Char,16
3,2703,硝,Char,16
3,2704,煽,Char,16
3,2705,皂,Char,16
3,2706,舵,Char,16
3,2707,嗦,Char,16
3,2708,狈,Char,16
3,2709,靴,Char,16
3,2710,捂,Char,16
3,2711,疮,Char,16
3,2712,郝,Char,16
3,2713,苛,Char,16
3,2714,秽,Char,16
3,2715,茜,Char,16
3,2716,搓,Char,16
3,2717,芸,Char,16
3,2718,酱,Char,16
3,2719,赁,Char,16
3,2720,檐,Char,16
3,2721,饷,Char,16
3,2722,蕉,Char,16
3,2723,铀,Char,16
3,2724,苔,Char,16
3,2725,赦,Char,16
3,2726,缎,Char,16
3,2727,舷,Char,16
3,2728,筷,Char,16
3,2729,朔,Char,16
3,2730,婪,Char,16
3,2731,紊,Char,16
3,2732,厮,Char,16
3,2733,婿,Char,16
3,2734,寥,Char,16
3,2735,兢,Char,16
3,2736,糙,Char,16
3,2737,卦,Char,16
3,2738,槐,Char,16
3,2739,扒,Char,16
3,2740,裴,Char,16
3,2741,祀,Char,16
3,2742,埔,Char,16
3,2743,絮,Char,16
3,2744,芭,Char,16
3,2745,屉,Char,16
3,2746,痪,Char,16
3,2747,霄,Char,16
3,2748,绽,Char,16
3,2749,宵,Char,16
3,2750,邑,Char,16
3,2751,霖,Char,16
3,2752,岔,Char,16
3,2753,饵,Char,16
3,2754,茄,Char,16
3,2755,韧,Char,16
3,2756,琪,Char,16
3,2757,邹,Char,16
3,2758,瑚,Char,16
3,2759,憋,Char,16
3,2760,殆,Char,16
3,2761,噜,Char,16
3,2762,忒,Char,16
3,2763,忿,Char,16
3,2764,衅,Char,16
3,2765,淳,Char,16
3,2766,悖,Char,16
3,2767,髦,Char,16
3,2768,孜,Char,16
3,2769,粤,Char,16
3,2770,隘,Char,16
3,2771,濒,Char,16
3,2772,铮,Char,16
3,2773,畸,Char,16
3,2774,剔,Char,16
3,2775,坞,Char,16
3,2776,篱,Char,16
3,2777,淀,Char,16
3,2778,蓦,Char,16
3,2779,唬,Char,16
3,2780,锣,Char,16
3,2781,汀,Char,16
3,2782,趾,Char,16
3,2783,缉,Char,16
3,2784,嫦,Char,16
3,2785,斟,Char,16
3,2786,鞍,Char,16
3,2787,扳,Char,16
3,2788,拴,Char,16
3,2789,诅,Char,16
3,2790,谟,Char,16
3,2791,呃,Char,16
3,2792,懦,Char,16
3,2793,逞,Char,16
3,2794,犁,Char,16
3,2795,忏,Char,16
3,2796,拧,Char,16
3,2797,亥,Char,16
3,2798,佟,Char,16
3,2799,叱,Char,16
3,2800,舜,Char,16
3,2801,绊,Char,16
3,2802,龚,Char,16
3,2803,腮,Char,16
3,2804,邸,Char,16
3,2805,椒,Char,16
3,2806,蔚,Char,16
3,2807,湛,Char,16
3,2808,狩,Char,16
3,2809,眶,Char,16
3,2810,栈,Char,16
3,2811,薇,Char,16
3,2812,肮,Char,16
3,2813,瀑,Char,16
3,2814,渣,Char,16
3,2815,褂,Char,16
3,2816,叽,Char,16
3,2817,臀,Char,16
3,2818,妞,Char,16
3,2819,巍,Char,16
3,2820,唔,Char,16
3,2821,疚,Char,16
3,2822,鲤,Char,16
3,2823,戎,Char,16
3,2824,肇,Char,16
3,2825,笃,Char,16
3,2826,辙,Char,16
3,2827,娴,Char,16
3,2828,阮,Char,16
3,2829,札,Char,16
3,2830,懊,Char,16
3,2831,焘,Char,16
3,2832,恤,Char,16
3,2833,疹,Char,16
3,2834,潇,Char,16
3,2835,铝,Char,16
3,2836,涤,Char,16
3,2837,恃,Char,16
3,2838,喽,Char,16
3,2839,砌,Char,16
3,2840,遁,Char,16
3,2841,楞,Char,16
3,2842,阱,Char,16
3,2843,咎,Char,16
3,2844,洼,Char,16
3,2845,炳,Char,16
3,2846,噬,Char,16
3,2847,枫,Char,16
3,2848,拷,Char,16
3,2849,哆,Char,16
3,2850,矶,Char,16
3,2851,苇,Char,16
3,2852,翩,Char,16
3,2853,窒,Char,16
3,2854,侬,Char,16
3,2855,靶,Char,16
3,2856,胰,Char,16
3,2857,芜,Char,16
3,2858,辫,Char,16
3,2859,嚎,Char,16
3,2860,妾,Char,16
3,2861,幌,Char,16
3,2862,踉,Char,16
3,2863,佃,Char,16
3,2864,葫,Char,16
3,2865,皖,Char,16
3,2866,拽,Char,16
3,2867,滤,Char,16
3,2868,睬,Char,16
3,2869,俞,Char,16
3,2870,匕,Char,16
3,2871,谤,Char,16
3,2872,嗤,Char,16
3,2873,捍,Char,16
3,2874,孵,Char,16
3,2875,倪,Char,16
3,2876,瘾,Char,16
3,2877,敝,Char,16
3,2878,匡,Char,16
3,2879,磋,Char,16
3,2880,绫,Char,16
3,2881,淆,Char,16
3,2882,尧,Char,16
3,2883,蕊,Char,16
3,2884,烘,Char,16
3,2885,璋,Char,16
3,2886,亢,Char,16
3,2887,轧,Char,16
3,2888,赂,Char,16
3,2889,蝗,Char,16
3,2890,榆,Char,16
3,2891,骏,Char,16
3,2892,诛,Char,16
3,2893,勺,Char,16
3,2894,梵,Char,16
3,2895,炽,Char,16
3,2896,笠,Char,16
3,2897,颌,Char,16
3,2898,闸,Char,16
3,2899,狒,Char,16
3,2900,樊,Char,16
3,2901,镕,Char,16
3,2902,垢,Char,16
3,2903,瘟,Char,16
3,2904,缪,Char,16
3,2905,菇,Char,16
3,2906,琦,Char,16
3,2907,剃,Char,16
3,2908,迸,Char,16
3,2909,溺,Char,16
3,2910,炫,Char,16
3,2911,惚,Char,16
3,2912,嗨,Char,16
3,2913,陨,Char,16
3,2914,赃,Char,16
3,2915,羁,Char,16
3,2916,臻,Char,16
3,2917,嘀,Char,16
3,2918,膳,Char,16
3,2919,赣,Char,16
3,2920,踌,Char,16
3,2921,殉,Char,16
3,2922,桔,Char,16
3,2923,瞿,Char,16
3,2924,闽,Char,16
3,2925,豚,Char,16
3,2926,掺,Char,16
3,2927,沌,Char,16
3,2928,惰,Char,16
3,2929,喳,Char,16
3,2930,椭,Char,16
3,2931,咪,Char,16
3,2932,霎,Char,16
3,2933,侃,Char,16
3,2934,猝,Char,16
3,2935,窖,Char,16
3,2936,戮,Char,16
3,2937,祠,Char,16
3,2938,瞩,Char,16
3,2939,菁,Char,16
3,2940,躇,Char,16
3,2941,佬,Char,16
3,2942,肋,Char,16
3,2943,咄,Char,16
3,2944,忡,Char,16
3,2945,雍,Char,16
3,2946,忱,Char,16
3,2947,蕾,Char,16
3,2948,跄,Char,16
3,2949,硅,Char,16
3,2950,伎,Char,16
3,2951,炊,Char,16
3,2952,钊,Char,16
3,2953,蝠,Char,16
3,2954,屎,Char,16
3,2955,拭,Char,16
3,2956,谛,Char,16
3,2957,褪,Char,16
3,2958,丞,Char,16
3,2959,卉,Char,16
3,2960,隧,Char,16
3,2961,茸,Char,16
3,2962,钳,Char,16
3,2963,啃,Char,16
3,2964,伢,Char,16
3,2965,闺,Char,16
3,2966,舔,Char,16
3,2967,蹬,Char,16
3,2968,挛,Char,16
3,2969,眺,Char,16
3,2970,袱,Char,16
3,2971,陇,Char,16
3,2972,殴,Char,16
3,2973,柿,Char,16
3,2974,梧,Char,16
3,2975,惺,Char,16
3,2976,弛,Char,16
3,2977,侥,Char,16
3,2978,琛,Char,16
3,2979,捅,Char,16
3,2980,酝,Char,16
3,2981,薯,Char,16
3,2982,曳,Char,16
3,2983,澈,Char,16
3,2984,锈,Char,16
3,2985,稠,Char,16
3,2986,眸,Char,16
3,2987,咆,Char,16
3,2988,簧,Char,16
3,2989,鸥,Char,16
3,2990,疡,Char,16
3,2991,渎,Char,16
3,2992,汲,Char,16
3,2993,嬉,Char,16
3,2994,脓,Char,16
3,2995,骡,Char,16
3,2996,穗,Char,16
3,2997,槛,Char,16
3,2998,拎,Char,16
3,2999,巳,Char,16
3,3000,邢,Char,16
3,3001,廿,Char,16
3,3002,搀,Char,16
3,3003,曙,Char,16
3,3004,樵,Char,16
3,3005,隅,Char,16
3,3006,筛,Char,16
3,3007,谒,Char,16
3,3008,倭,Char,16
3,3009,痹,Char,16
3,3010,猖,Char,16
3,3011,佯,Char,16
3,3012,肛,Char,16
3,3013,奚,Char,16
3,3014,甭,Char,16
3,3015,抨,Char,16
3,3016,蛾,Char,16
3,3017,唠,Char,16
3,3018,荧,Char,16
3,3019,嵩,Char,16
3,3020,漱,Char,16
3,3021,酋,Char,16
3,3022,攘,Char,16
3,3023,诘,Char,16
3,3024,篡,Char,16
3,3025,睿,Char,16
3,3026,噩,Char,16
3,3027,怅,Char,16
3,3028,盎,Char,16
3,3029,徙,Char,16
3,3030,鞅,Char,16
3,3031,漓,Char,16
3,3032,祟,Char,16
3,3033,睫,Char,16
3,3034,攸,Char,16
3,3035,翎,Char,16
3,3036,呛,Char,16
3,3037,筐,Char,16
3,3038,堑,Char,16
3,3039,檀,Char,16
3,3040,寅,Char,16
3,3041,磊,Char,16
3,3042,驭,Char,16
3,3043,惘,Char,16
3,3044,吠,Char,16
3,3045,驮,Char,16
3,3046,瑙,Char,16
3,3047,炬,Char,16
3,3048,痉,Char,16
3,3049,曝,Char,16
3,3050,恺,Char,16
3,3051,胺,Char,16
3,3052,萤,Char,16
3,3053,敕,Char,16
3,3054,筝,Char,16
3,3055,幡,Char,16
3,3056,霹,Char,16
3,3057,竺,Char,16
3,3058,烙,Char,16
3,3059,毗,Char,16
3,3060,鸠,Char,16
3,3061,埠,Char,16
3,3062,蒜,Char,16
3,3063,阜,Char,16
3,3064,嘈,Char,16
3,3065,乒,Char,16
3,3066,帷,Char,16
3,3067,啄,Char,16
3,3068,鳌,Char,16
3,3069,毡,Char,16
3,3070,阙,Char,16
3,3071,褥,Char,16
3,3072,搔,Char,16
3,3073,笋,Char,16
3,3074,冕,Char,16
3,3075,狞,Char,16
3,3076,韶,Char,16
3,3077,骼,Char,16
3,3078,蔼,Char,16
3,3079,烹,Char,16
3,3080,奄,Char,16
3,3081,嫖,Char,16
3,3082,沐,Char,16
3,3083,噗,Char,16
3,3084,岑,Char,16
3,3085,蛟,Char,16
3,3086,掳,Char,16
3,3087,咏,Char,16
3,3088,弩,Char,16
3,3089,捻,Char,16
3,3090,圃,Char,16
3,3091,孚,Char,16
3,3092,悴,Char,16
3,3093,诣,Char,16
3,3094,呱,Char,16
3,3095,祁,Char,16
3,3096,捶,Char,16
3,3097,钠,Char,16
3,3098,袄,Char,16
3,3099,澎,Char,16
3,3100,氮,Char,16
3,3101,恪,Char,16
3,3102,雏,Char,16
3,3103,撮,Char,16
3,3104,堰,Char,16
3,3105,彷,Char,16
3,3106,鹦,Char,16
3,3107,晖,Char,16
3,3108,犀,Char,16
3,3109,腑,Char,16
3,3110,沽,Char,16
3,3111,橄,Char,16
3,3112,掐,Char,16
3,3113,亵,Char,16
3,3114,龋,Char,16
3,3115,嗒,Char,16
3,3116,咀,Char,16
3,3117,祺,Char,16
3,3118,锚,Char,16
3,3119,匾,Char,16
3,3120,乓,Char,16
3,3121,萃,Char,16
3,3122,贻,Char,16
3,3123,揖,Char,16
3,3124,觑,Char,16
3,3125,吝,Char,16
3,3126,憔,Char,16
3,3127,羌,Char,16
3,3128,诲,Char,16
3,3129,砾,Char,16
3,3130,蠕,Char,16
3,3131,肴,Char,16
3,3132,撩,Char,16
3,3133,坍,Char,16
3,3134,酥,Char,16
3,3135,袅,Char,16
3,3136,黝,Char,16
3,3137,俾,Char,16
3,3138,嫣,Char,16
3,3139,穹,Char,16
3,3140,秧,Char,16
3,3141,妊,Char,16
3,3142,溉,Char,16
3,3143,鹊,Char,16
3,3144,聿,Char,16
3,3145,疙,Char,16
3,3146,蘑,Char,16
3,3147,睾,Char,16
3,3148,楷,Char,16
3,3149,酵,Char,16
3,3150,茹,Char,16
3,3151,锌,Char,16
3,3152,滇,Char,16
3,3153,辗,Char,16
3,3154,纂,Char,16
3,3155,圭,Char,16
3,3156,幔,Char,16
3,3157,褒,Char,16
3,3158,揍,Char,16
3,3159,诽,Char,16
3,3160,倔,Char,16
3,3161,腓,Char,16
3,3162,颉,Char,16
3,3163,锄,Char,16
3,3164,嗔,Char,16
3,3165,磺,Char,16
3,3166,攒,Char,16
3,3167,瘩,Char,16
3,3168,雳,Char,16
3,3169,吆,Char,16
3,3170,悚,Char,16
3,3171,墩,Char,16
3,3172,彝,Char,16
3,3173,囱,Char,16
3,3174,逍,Char,16
3,3175,辄,Char,16
3,3176,桅,Char,16
3,3177,俨,Char,16
3,3178,纶,Char,16
3,3179,悸,Char,16
3,3180,殃,Char,16
3,3181,帧,Char,16
3,3182,俐,Char,16
3,3183,绮,Char,16
3,3184,袒,Char,16
3,3185,籽,Char,16
3,3186,孰,Char,16
3,3187,愫,Char,16
3,3188,拌,Char,16
3,3189,橙,Char,16
3,3190,暨,Char,16
3,3191,敖,Char,16
3,3192,赘,Char,16
3,3193,抉,Char,16
3,3194,淤,Char,16
3,3195,剌,Char,16
3,3196,娼,Char,16
3,3197,顼,Char,16
3,3198,葵,Char,16
3,3199,哝,Char,16
3,3200,酣,Char,16
3,3201,麓,Char,16
3,3202,钵,Char,16
3,3203,琅,Char,16
3,3204,簸,Char,16
3,3205,禾,Char,16
3,3206,铢,Char,16
3,3207,璧,Char,16
3,3208,娠,Char,16
3,3209,彗,Char,16
3,3210,惋,Char,16
3,3211,腋,Char,16
3,3212,螂,Char,16
3,3213,阪,Char,16
3,3214,掣,Char,16
3,3215,劾,Char,16
3,3216,沥,Char,16
3,3217,粱,Char,16
3,3218,嚓,Char,16
3,3219,惮,Char,16
3,3220,氖,Char,16
3,3221,捎,Char,16
3,3222,羔,Char,16
3,3223,俟,Char,16
3,3224,渲,Char,16
3,3225,榄,Char,16
3,3226,茧,Char,16
3,3227,霓,Char,16
3,3228,鹉,Char,16
3,3229,胥,Char,16
3,3230,琶,Char,16
3,3231,撬,Char,16
3,3232,橘,Char,16
3,3233,醫,Char,16
3,3234,拈,Char,16
3,3235,笆,Char,16
3,3236,痊,Char,16
3,3237,亟,Char,16
3,3238,渭,Char,16
3,3239,狙,Char,16
3,3240,珂,Char,16
3,3241,刨,Char,16
3,3242,蜕,Char,16
3,3243,谚,Char,16
3,3244,憧,Char,16
3,3245,瞟,Char,16
3,3246,馒,Char,16
3,3247,拗,Char,16
3,3248,帚,Char,16
3,3249,钗,Char,16
3,3250,哧,Char,16
3,3251,喋,Char,16
3,3252,箫,Char,16
3,3253,刁,Char,16
3,3254,怦,Char,16
3,3255,缭,Char,16
3,3256,迥,Char,16
3,3257,湄,Char,16
3,3258,磐,Char,16
3,3259,渝,Char,16
3,3260,冗,Char,16
3,3261,闵,Char,16
3,3262,噶,Char,16
3,3263,黏,Char,16
3,3264,蕃,Char,16
3,3265,弼,Char,16
3,3266,驿,Char,16
3,3267,淄,Char,16
3,3268,饺,Char,16
3,3269,踞,Char,16
3,3270,韬,Char,16
3,3271,婷,Char,16
3,3272,唆,Char,16
3,3273,蜒,Char,16
3,3274,偎,Char,16
3,3275,榨,Char,16
3,3276,漉,Char,16
3,3277,碉,Char,16
3,3278,皈,Char,16
3,3279,矜,Char,16
3,3280,笈,Char,16
3,3281,枷,Char,16
3,3282,鲨,Char,16
3,3283,蹑,Char,16
3,3284,瀚,Char,16
3,3285,酪,Char,16
3,3286,谑,Char,16
3,3287,癖,Char,16
3,3288,烬,Char,16
3,3289,揩,Char,16
3,3290,炙,Char,16
3,3291,蜷,Char,16
3,3292,侏,Char,16
3,3293,凋,Char,16
3,3294,漪,Char,16
3,3295,悻,Char,16
3,3296,蹋,Char,16
3,3297,讪,Char,16
3,3298,搐,Char,16
3,3299,碘,Char,16
3,3300,帛,Char,16
3,3301,诠,Char,16
3,3302,碾,Char,16
3,3303,擂,Char,16
3,3304,苯,Char,16
3,3305,诃,Char,16
3,3306,铎,Char,16
3,3307,戊,Char,16
3,3308,荀,Char,16
3,3309,驹,Char,16
3,3310,攫,Char,16
3,3311,憬,Char,16
3,3312,哽,Char,16
3,3313,踵,Char,16
3,3314,蟒,Char,16
3,3315,漾,Char,16
3,3316,啧,Char,16
3,3317,吮,Char,16
3,3318,楠,Char,16
3,3319,氟,Char,16
3,3320,怂,Char,16
3,3321,叼,Char,16
3,3322,竣,Char,16
3,3323,偕,Char,16
3,3324,漩,Char,16
3,3325,蹭,Char,16
3,3326,翌,Char,16
3,3327,臆,Char,16
3,3328,挝,Char,16
3,3329,绚,Char,16
3,3330,崽,Char,16
3,3331,糜,Char,16
3,3332,瘢,Char,16
3,3333,跤,Char,16
3,3334,阑,Char,16
3,3335,恬,Char,16
3,3336,豢,Char,16
3,3337,汶,Char,16
3,3338,跷,Char,16
3,3339,琵,Char,16
3,3340,憨,Char,16
3,3341,蜗,Char,16
3,3342,螅,Char,16
3,3343,惴,Char,16
3,3344,戟,Char,16
3,3345,匮,Char,16
3,3346,恙,Char,16
3,3347,抿,Char,16
3,3348,桢,Char,16
3,3349,笺,Char,16
3,3350,蛤,Char,16
3,3351,瞳,Char,16
3,3352,藥,Char,16
3,3353,瓢,Char,16
3,3354,衹,Char,16
3,3355,秤,Char,16
3,3356,跺,Char,16
3,3357,潦,Char,16
3,3358,芹,Char,16
3,3359,哒,Char,16
3,3360,饬,Char,16
3,3361,栩,Char,16
3,3362,曦,Char,16
3,3363,骷,Char,16
3,3364,嫡,Char,16
3,3365,卤,Char,16
3,3366,丕,Char,16
3,3367,鬓,Char,16
3,3368,梓,Char,16
3,3369,嗖,Char,16
3,3370,惦,Char,16
3,3371,浚,Char,16
3,3372,咔,Char,16
3,3373,藐,Char,16
3,3374,荃,Char,16
3,3375,唧,Char,16
3,3376,玺,Char,16
3,3377,汛,Char,16
3,3378,铐,Char,16
3,3379,髅,Char,16
3,3380,渤,Char,16
3,3381,皿,Char,16
3,3382,箍,Char,16
3,3383,馅,Char,16
3,3384,汾,Char,16
3,3385,戍,Char,16
3,3386,痔,Char,16
3,3387,褶,Char,16
3,3388,聆,Char,16
3,3389,涎,Char,16
3,3390,汞,Char,16
3,3391,渍,Char,16
3,3392,奂,Char,16
3,3393,巅,Char,16
3,3394,疣,Char,16
3,3395,傩,Char,16
3,3396,逵,Char,16
3,3397,耆,Char,16
3,3398,蟋,Char,16
3,3399,鳄,Char,16
3,3400,讹,Char,16
3,3401,膺,Char,16
3,3402,蹿,Char,16
3,3403,筏,Char,16
3,3404,釜,Char,16
3,3405,沂,Char,16
3,3406,坯,Char,16
3,3407,峦,Char,16
3,3408,茬,Char,16
3,3409,摒,Char,16
3,3410,蟀,Char,16
3,3411,撵,Char,16
3,3412,浒,Char,16
3,3413,缤,Char,16
3,3414,嵋,Char,16
3,3415,珑,Char,16
3,3416,苞,Char,16
3,3417,瑾,Char,16
3,3418,泵,Char,16
3,3419,钾,Char,16
3,3420,暧,Char,16
3,3421,赓,Char,16
3,3422,叟,Char,16
3,3423,佚,Char,16
3,3424,沓,Char,16
3,3425,撂,Char,16
3,3426,蛊,Char,16
3,3427,甥,Char,16
3,3428,璐,Char,16
3,3429,晏,Char,16
3,3430,瘪,Char,16
3,3431,漳,Char,16
3,3432,阉,Char,16
3,3433,蹂,Char,16
3,3434,鳃,Char,16
3,3435,琏,Char,16
3,3436,湃,Char,16
3,3437,辘,Char,16
3,3438,僭,Char,16
3,3439,躏,Char,16
3,3440,鼾,Char,16
3,3441,懵,Char,16
3,3442,镰,Char,16
3,3443,寐,Char,16
3,3444,褚,Char,16
3,3445,攥,Char,16
3,3446,涧,Char,16
3,3447,蝙,Char,16
3,3448,脐,Char,16
3,3449,辕,Char,16
3,3450,涣,Char,16
3,3451,杞,Char,16
3,3452,煜,Char,16
3,3453,骥,Char,16
3,3454,傣,Char,16
3,3455,嗳,Char,16
3,3456,祯,Char,16
3,3457,酉,Char,16
3,3458,秸,Char,16
3,3459,捺,Char,16
3,3460,瑕,Char,16
3,3461,鑫,Char,16
3,3462,馋,Char,16
3,3463,窿,Char,16
3,3464,楔,Char,16
3,3465,胱,Char,16
3,3466,荔,Char,16
3,3467,蟆,Char,16
3,3468,湍,Char,16
3,3469,屹,Char,16
3,3470,遐,Char,16
3,3471,轲,Char,16
3,3472,镯,Char,16
3,3473,缰,Char,16
3,3474,桦,Char,16
3,3475,炖,Char,16
3,3476,钡,Char,16
3,3477,羚,Char,16
3,3478,啬,Char,16
3,3479,诩,Char,16
3,3480,绯,Char,16
3,3481,掖,Char,16
3,3482,箓,Char,16
3,3483,涸,Char,16
3,3484,鸳,Char,16
3,3485,塾,Char,16
3,3486,呸,Char,16
3,3487,抡,Char,16
3,3488,擞,Char,16
3,3489,熹,Char,16
3,3490,坷,Char,16
3,3491,瓮,Char,16
3,3492,亘,Char,16
3,3493,嗟,Char,16
3,3494,筵,Char,16
3,3495,跛,Char,16
3,3496,汕,Char,16
3,3497,欤,Char,16
3,3498,壑,Char,16
3,3499,颍,Char,16
4,0,溥,Char,20
4,1,姗,Char,20
4,2,踊,Char,20
4,3,枭,Char,20
4,4,暄,Char,20
4,5,稷,Char,20
4,6,跚,Char,20
4,7,涟,Char,20
4,8,瀛,Char,20
4,9,笙,Char,20
4,10,滕,Char,20
4,11,踝,Char,20
4,12,贰,Char,20
4,13,瞰,Char,20
4,14,恻,Char,20
4,15,嚏,Char,20
4,16,迢,Char,20
4,17,獗,Char,20
4,18,邯,Char,20
4,19,睑,Char,20
4,20,赡,Char,20
4,21,萦,Char,20
4,22,珥,Char,20
4,23,酮,Char,20
4,24,璞,Char,20
4,25,羹,Char,20
4,26,缄,Char,20
4,27,晾,Char,20
4,28,俸,Char,20
4,29,媲,Char,20
4,30,鸾,Char,20
4,31,恿,Char,20
4,32,蜿,Char,20
4,33,犊,Char,20
4,34,讷,Char,20
4,35,扈,Char,20
4,36,蜈,Char,20
4,37,翟,Char,20
4,38,藕,Char,20
4,39,戌,Char,20
4,40,蓓,Char,20
4,41,鋆,Char,20
4,42,谩,Char,20
4,43,谀,Char,20
4,44,卯,Char,20
4,45,谙,Char,20
4,46,岐,Char,20
4,47,蝎,Char,20
4,48,荼,Char,20
4,49,镀,Char,20
4,50,椰,Char,20
4,51,甄,Char,20
4,52,蟾,Char,20
4,53,蹊,Char,20
4,54,泞,Char,20
4,55,撸,Char,20
4,56,螃,Char,20
4,57,檬,Char,20
4,58,猓,Char,20
4,59,蔷,Char,20
4,60,羲,Char,20
4,61,瘸,Char,20
4,62,蘸,Char,20
4,63,蔗,Char,20
4,64,傀,Char,20
4,65,蚌,Char,20
4,66,锢,Char,20
4,67,遽,Char,20
4,68,邃,Char,20
4,69,恚,Char,20
4,70,皑,Char,20
4,71,锵,Char,20
4,72,簌,Char,20
4,73,焙,Char,20
4,74,昊,Char,20
4,75,鹳,Char,20
4,76,睽,Char,20
4,77,刽,Char,20
4,78,鳖,Char,20
4,79,噎,Char,20
4,80,呗,Char,20
4,81,寰,Char,20
4,82,唷,Char,20
4,83,殡,Char,20
4,84,淖,Char,20
4,85,诰,Char,20
4,86,恣,Char,20
4,87,睐,Char,20
4,88,婵,Char,20
4,89,榈,Char,20
4,90,氦,Char,20
4,91,靳,Char,20
4,92,蛹,Char,20
4,93,鸯,Char,20
4,94,惬,Char,20
4,95,蹙,Char,20
4,96,诙,Char,20
4,97,眈,Char,20
4,98,罡,Char,20
4,99,缮,Char,20
4,100,胤,Char,20
4,101,皋,Char,20
4,102,蛀,Char,20
4,103,偌,Char,20
4,104,疵,Char,20
4,105,绛,Char,20
4,106,葆,Char,20
4,107,黔,Char,20
4,108,喙,Char,20
4,109,烽,Char,20
4,110,儡,Char,20
4,111,佼,Char,20
4,112,斓,Char,20
4,113,嫔,Char,20
4,114,颚,Char,20
4,115,龈,Char,20
4,116,盅,Char,20
4,117,娓,Char,20
4,118,坂,Char,20
4,119,町,Char,20
4,120,芥,Char,20
4,121,瘠,Char,20
4,122,阂,Char,20
4,123,挎,Char,20
4,124,橇,Char,20
4,125,荟,Char,20
4,126,啜,Char,20
4,127,垛,Char,20
4,128,淇,Char,20
4,129,瓒,Char,20
4,130,篓,Char,20
4,131,虱,Char,20
4,132,跻,Char,20
4,133,龛,Char,20
4,134,蹒,Char,20
4,135,髯,Char,20
4,136,瞠,Char,20
4,137,痫,Char,20
4,138,掂,Char,20
4,139,潼,Char,20
4,140,酰,Char,20
4,141,镁,Char,20
4,142,灸,Char,20
4,143,腆,Char,20
4,144,筱,Char,20
4,145,谆,Char,20
4,146,骋,Char,20
4,147,壬,Char,20
4,148,茗,Char,20
4,149,椋,Char,20
4,150,蛔,Char,20
4,151,潺,Char,20
4,152,扉,Char,20
4,153,耘,Char,20
4,154,槟,Char,20
4,155,雹,Char,20
4,156,甬,Char,20
4,157,谥,Char,20
4,158,淞,Char,20
4,159,燎,Char,20
4,160,蕙,Char,20
4,161,蚪,Char,20
4,162,蜻,Char,20
4,163,郸,Char,20
4,164,轶,Char,20
4,165,狰,Char,20
4,166,楣,Char,20
4,167,捋,Char,20
4,168,涓,Char,20
4,169,荪,Char,20
4,170,娄,Char,20
4,171,麝,Char,20
4,172,蚤,Char,20
4,173,薰,Char,20
4,174,醮,Char,20
4,175,搪,Char,20
4,176,谧,Char,20
4,177,湮,Char,20
4,178,辍,Char,20
4,179,瞌,Char,20
4,180,梆,Char,20
4,181,樟,Char,20
4,182,茉,Char,20
4,183,岖,Char,20
4,184,臼,Char,20
4,185,癣,Char,20
4,186,穑,Char,20
4,187,玷,Char,20
4,188,馍,Char,20
4,189,呷,Char,20
4,190,萼,Char,20
4,191,妩,Char,20
4,192,伫,Char,20
4,193,彤,Char,20
4,194,莓,Char,20
4,195,岬,Char,20
4,196,媛,Char,20
4,197,惆,Char,20
4,198,鳎,Char,20
4,199,啾,Char,20
4,200,囔,Char,20
4,201,蜓,Char,20
4,202,孺,Char,20
4,203,徇,Char,20
4,204,徵,Char,20
4,205,焊,Char,20
4,206,岱,Char,20
4,207,昵,Char,20
4,208,卅,Char,20
4,209,飙,Char,20
4,210,邙,Char,20
4,211,痞,Char,20
4,212,隼,Char,20
4,213,恫,Char,20
4,214,怆,Char,20
4,215,桀,Char,20
4,216,绶,Char,20
4,217,裆,Char,20
4,218,盂,Char,20
4,219,桧,Char,20
4,220,蚓,Char,20
4,221,抠,Char,20
4,222,嗷,Char,20
4,223,槌,Char,20
4,224,痘,Char,20
4,225,痢,Char,20
4,226,芮,Char,20
4,227,蚣,Char,20
4,228,闩,Char,20
4,229,铿,Char,20
4,230,飓,Char,20
4,231,疱,Char,20
4,232,蝌,Char,20
4,233,撅,Char,20
4,234,蚯,Char,20
4,235,斡,Char,20
4,236,窠,Char,20
4,237,荚,Char,20
4,238,耷,Char,20
4,239,砚,Char,20
4,240,牒,Char,20
4,241,赈,Char,20
4,242,煦,Char,20
4,243,嗫,Char,20
4,244,耙,Char,20
4,245,榕,Char,20
4,246,鞑,Char,20
4,247,袤,Char,20
4,248,谌,Char,20
4,249,醺,Char,20
4,250,秆,Char,20
4,251,徨,Char,20
4,252,橹,Char,20
4,253,翡,Char,20
4,254,缨,Char,20
4,255,锹,Char,20
4,256,嵇,Char,20
4,257,圪,Char,20
4,258,髻,Char,20
4,259,嗬,Char,20
4,260,辎,Char,20
4,261,痣,Char,20
4,262,娩,Char,20
4,263,谄,Char,20
4,264,蛐,Char,20
4,265,鹞,Char,20
4,266,翱,Char,20
4,267,庖,Char,20
4,268,籁,Char,20
4,269,蓿,Char,20
4,270,鳗,Char,20
4,271,疟,Char,20
4,272,鲇,Char,20
4,273,這,Char,20
4,274,嚅,Char,20
4,275,瘀,Char,20
4,276,颔,Char,20
4,277,黜,Char,20
4,278,黠,Char,20
4,279,濑,Char,20
4,280,馁,Char,20
4,281,洵,Char,20
4,282,忐,Char,20
4,283,忑,Char,20
4,284,砥,Char,20
4,285,咂,Char,20
4,286,罹,Char,20
4,287,糠,Char,20
4,288,匝,Char,20
4,289,偃,Char,20
4,290,淙,Char,20
4,291,纫,Char,20
4,292,喏,Char,20
4,293,闾,Char,20
4,294,祛,Char,20
4,295,蛰,Char,20
4,296,腼,Char,20
4,297,涝,Char,20
4,298,曜,Char,20
4,299,厩,Char,20
4,300,疽,Char,20
4,301,闰,Char,20
4,302,洄,Char,20
4,303,煊,Char,20
4,304,汐,Char,20
4,305,藓,Char,20
4,306,璜,Char,20
4,307,铬,Char,20
4,308,經,Char,20
4,309,渥,Char,20
4,310,靼,Char,20
4,311,酗,Char,20
4,312,苓,Char,20
4,313,噤,Char,20
4,314,咫,Char,20
4,315,椿,Char,20
4,316,鲫,Char,20
4,317,锭,Char,20
4,318,罔,Char,20
4,319,锺,Char,20
4,320,匍,Char,20
4,321,祗,Char,20
4,322,锰,Char,20
4,323,岌,Char,20
4,324,馀,Char,20
4,325,畹,Char,20
4,326,糯,Char,20
4,327,胫,Char,20
4,328,熠,Char,20
4,329,銮,Char,20
4,330,沅,Char,20
4,331,棣,Char,20
4,332,旌,Char,20
4,333,豌,Char,20
4,334,孢,Char,20
4,335,镭,Char,20
4,336,驸,Char,20
4,337,腌,Char,20
4,338,盹,Char,20
4,339,熵,Char,20
4,340,镐,Char,20
4,341,馐,Char,20
4,342,嘤,Char,20
4,343,癞,Char,20
4,344,骰,Char,20
4,345,韭,Char,20
4,346,阖,Char,20
4,347,瞑,Char,20
4,348,裨,Char,20
4,349,宕,Char,20
4,350,戾,Char,20
4,351,镌,Char,20
4,352,溟,Char,20
4,353,牍,Char,20
4,354,隽,Char,20
4,355,婊,Char,20
4,356,鹄,Char,20
4,357,埂,Char,20
4,358,拄,Char,20
4,359,娲,Char,20
4,360,虬,Char,20
4,361,萱,Char,20
4,362,啵,Char,20
4,363,蠡,Char,20
4,364,芋,Char,20
4,365,胭,Char,20
4,366,豺,Char,20
4,367,啻,Char,20
4,368,褛,Char,20
4,369,蛆,Char,20
4,370,柠,Char,20
4,371,掰,Char,20
4,372,篆,Char,20
4,373,倌,Char,20
4,374,咛,Char,20
4,375,蛭,Char,20
4,376,谡,Char,20
4,377,荨,Char,20
4,378,莞,Char,20
4,379,澹,Char,20
4,380,纭,Char,20
4,381,潞,Char,20
4,382,郅,Char,20
4,383,弋,Char,20
4,384,飕,Char,20
4,385,螳,Char,20
4,386,胄,Char,20
4,387,蟑,Char,20
4,388,猥,Char,20
4,389,宓,Char,20
4,390,昙,Char,20
4,391,锏,Char,20
4,392,蟠,Char,20
4,393,過,Char,20
4,394,柑,Char,20
4,395,烯,Char,20
4,396,匐,Char,20
4,397,濮,Char,20
4,398,蟮,Char,20
4,399,祐,Char,20
4,400,仄,Char,20
4,401,偈,Char,20
4,402,蜃,Char,20
4,403,箴,Char,20
4,404,粼,Char,20
4,405,嗥,Char,20
4,406,褴,Char,20
4,407,蕨,Char,20
4,408,蓟,Char,20
4,409,圩,Char,20
4,410,孪,Char,20
4,411,杳,Char,20
4,412,魇,Char,20
4,413,荤,Char,20
4,414,诿,Char,20
4,415,簪,Char,20
4,416,氲,Char,20
4,417,摞,Char,20
4,418,飒,Char,20
4,419,镂,Char,20
4,420,舀,Char,20
4,421,夙,Char,20
4,422,臧,Char,20
4,423,蒿,Char,20
4,424,貂,Char,20
4,425,蜥,Char,20
4,426,蹩,Char,20
4,427,噼,Char,20
4,428,钛,Char,20
4,429,钚,Char,20
4,430,獾,Char,20
4,431,濂,Char,20
4,432,铠,Char,20
4,433,皙,Char,20
4,434,霭,Char,20
4,435,鲈,Char,20
4,436,叵,Char,20
4,437,霾,Char,20
4,438,泯,Char,20
4,439,碴,Char,20
4,440,鸵,Char,20
4,441,峪,Char,20
4,442,饕,Char,20
4,443,瘁,Char,20
4,444,睢,Char,20
4,445,鬃,Char,20
4,446,迩,Char,20
4,447,纣,Char,20
4,448,夔,Char,20
4,449,垠,Char,20
4,450,饨,Char,20
4,451,榭,Char,20
4,452,隍,Char,20
4,453,娑,Char,20
4,454,篝,Char,20
4,455,榔,Char,20
4,456,洌,Char,20
4,457,浜,Char,20
4,458,鲑,Char,20
4,459,谔,Char,20
4,460,汩,Char,20
4,461,浣,Char,20
4,462,舐,Char,20
4,463,瞭,Char,20
4,464,忻,Char,20
4,465,咻,Char,20
4,466,鹑,Char,20
4,467,唑,Char,20
4,468,懋,Char,20
4,469,皎,Char,20
4,470,诒,Char,20
4,471,麾,Char,20
4,472,辏,Char,20
4,473,氐,Char,20
4,474,冽,Char,20
4,475,箕,Char,20
4,476,俚,Char,20
4,477,汴,Char,20
4,478,宸,Char,20
4,479,芍,Char,20
4,480,捱,Char,20
4,481,摈,Char,20
4,482,摺,Char,20
4,483,簦,Char,20
4,484,箔,Char,20
4,485,咝,Char,20
4,486,孀,Char,20
4,487,怏,Char,20
4,488,谝,Char,20
4,489,砧,Char,20
4,490,馕,Char,20
4,491,耄,Char,20
4,492,罂,Char,20
4,493,漕,Char,20
4,494,沣,Char,20
4,495,栾,Char,20
4,496,榘,Char,20
4,497,烷,Char,20
4,498,榷,Char,20
4,499,俑,Char,20
4,500,沱,Char,20
4,501,缜,Char,20
4,502,鹫,Char,20
4,503,蛳,Char,20
4,504,剽,Char,20
4,505,衢,Char,20
4,506,泗,Char,20
4,507,臊,Char,20
4,508,瘴,Char,20
4,509,酚,Char,20
4,510,纾,Char,20
4,511,晁,Char,20
4,512,孛,Char,20
4,513,炀,Char,20
4,514,叁,Char,20
4,515,憩,Char,20
4,516,掬,Char,20
4,517,椤,Char,20
4,518,啮,Char,20
4,519,畿,Char,20
4,520,掸,Char,20
4,521,镣,Char,20
4,522,骁,Char,20
4,523,椽,Char,20
4,524,侗,Char,20
4,525,滦,Char,20
4,526,荩,Char,20
4,527,泓,Char,20
4,528,蚱,Char,20
4,529,癜,Char,20
4,530,酯,Char,20
4,531,體,Char,20
4,532,癸,Char,20
4,533,蚜,Char,20
4,534,扪,Char,20
4,535,庑,Char,20
4,536,歆,Char,20
4,537,蝮,Char,20
4,538,蹶,Char,20
4,539,弈,Char,20
4,540,庋,Char,20
4,541,喟,Char,20
4,542,滂,Char,20
4,543,啕,Char,20
4,544,蛎,Char,20
4,545,獭,Char,20
4,546,槁,Char,20
4,547,翊,Char,20
4,548,龊,Char,20
4,549,邺,Char,20
4,550,莘,Char,20
4,551,燮,Char,20
4,552,剁,Char,20
4,553,觐,Char,20
4,554,铛,Char,20
4,555,谗,Char,20
4,556,镍,Char,20
4,557,臃,Char,20
4,558,墒,Char,20
4,559,晔,Char,20
4,560,燔,Char,20
4,561,嘭,Char,20
4,562,涿,Char,20
4,563,醯,Char,20
4,564,箩,Char,20
4,565,鄱,Char,20
4,566,睨,Char,20
4,567,诤,Char,20
4,568,坳,Char,20
4,569,鹭,Char,20
4,570,砷,Char,20
4,571,唏,Char,20
4,572,伲,Char,20
4,573,猬,Char,20
4,574,琥,Char,20
4,575,殁,Char,20
4,576,蚩,Char,20
4,577,泾,Char,20
4,578,缥,Char,20
4,579,殓,Char,20
4,580,鳅,Char,20
4,581,氰,Char,20
4,582,诋,Char,20
4,583,刍,Char,20
4,584,芷,Char,20
4,585,嶙,Char,20
4,586,逅,Char,20
4,587,舫,Char,20
4,588,呓,Char,20
4,589,唰,Char,20
4,590,茁,Char,20
4,591,馑,Char,20
4,592,妫,Char,20
4,593,骧,Char,20
4,594,苷,Char,20
4,595,擢,Char,20
4,596,峋,Char,20
4,597,袂,Char,20
4,598,懑,Char,20
4,599,蓑,Char,20
4,600,與,Char,20
4,601,涞,Char,20
4,602,祉,Char,20
4,603,踹,Char,20
4,604,掇,Char,20
4,605,沏,Char,20
4,606,诳,Char,20
4,607,噫,Char,20
4,608,饽,Char,20
4,609,饪,Char,20
4,610,绺,Char,20
4,611,谘,Char,20
4,612,飧,Char,20
4,613,迳,Char,20
4,614,铡,Char,20
4,615,枞,Char,20
4,616,熨,Char,20
4,617,鋈,Char,20
4,618,荭,Char,20
4,619,赊,Char,20
4,620,俦,Char,20
4,621,戛,Char,20
4,622,湎,Char,20
4,623,幺,Char,20
4,624,凇,Char,20
4,625,芪,Char,20
4,626,觯,Char,20
4,627,龌,Char,20
4,628,挞,Char,20
4,629,嬴,Char,20
4,630,苻,Char,20
4,631,嘁,Char,20
4,632,鞯,Char,20
4,633,肽,Char,20
4,634,恸,Char,20
4,635,迨,Char,20
4,636,钰,Char,20
4,637,儆,Char,20
4,638,觎,Char,20
4,639,讫,Char,20
4,640,滓,Char,20
4,641,僮,Char,20
4,642,媾,Char,20
4,643,龇,Char,20
4,644,胯,Char,20
4,645,涮,Char,20
4,646,绾,Char,20
4,647,杈,Char,20
4,648,赳,Char,20
4,649,斛,Char,20
4,650,觥,Char,20
4,651,疸,Char,20
4,652,卞,Char,20
4,653,愠,Char,20
4,654,拮,Char,20
4,655,庠,Char,20
4,656,烨,Char,20
4,657,龢,Char,20
4,658,菠,Char,20
4,659,窈,Char,20
4,660,罄,Char,20
4,661,囤,Char,20
4,662,弁,Char,20
4,663,奘,Char,20
4,664,咣,Char,20
4,665,缫,Char,20
4,666,腴,Char,20
4,667,缈,Char,20
4,668,喵,Char,20
4,669,潢,Char,20
4,670,遛,Char,20
4,671,柚,Char,20
4,672,郏,Char,20
4,673,荻,Char,20
4,674,藜,Char,20
4,675,琨,Char,20
4,676,镳,Char,20
4,677,雉,Char,20
4,678,橐,Char,20
4,679,陽,Char,20
4,680,骈,Char,20
4,681,蛉,Char,20
4,682,艮,Char,20
4,683,搽,Char,20
4,684,濡,Char,20
4,685,寮,Char,20
4,686,柩,Char,20
4,687,佗,Char,20
4,688,啷,Char,20
4,689,诜,Char,20
4,690,視,Char,20
4,691,偻,Char,20
4,692,夯,Char,20
4,693,闱,Char,20
4,694,谖,Char,20
4,695,夥,Char,20
4,696,枸,Char,20
4,697,膑,Char,20
4,698,虻,Char,20
4,699,筠,Char,20
4,700,埽,Char,20
4,701,笞,Char,20
4,702,臾,Char,20
4,703,婀,Char,20
4,704,珞,Char,20
4,705,粑,Char,20
4,706,怵,Char,20
4,707,绻,Char,20
4,708,殒,Char,20
4,709,觊,Char,20
4,710,崂,Char,20
4,711,颧,Char,20
4,712,嗑,Char,20
4,713,榛,Char,20
4,714,昱,Char,20
4,715,蜴,Char,20
4,716,鳝,Char,20
4,717,噙,Char,20
4,718,淼,Char,20
4,719,矾,Char,20
4,720,硼,Char,20
4,721,囿,Char,20
4,722,泅,Char,20
4,723,邂,Char,20
4,724,钜,Char,20
4,725,蠹,Char,20
4,726,垩,Char,20
4,727,乩,Char,20
4,728,嗝,Char,20
4,729,淦,Char,20
4,730,樽,Char,20
4,731,诮,Char,20
4,732,揆,Char,20
4,733,啐,Char,20
4,734,淅,Char,20
4,735,榉,Char,20
4,736,馗,Char,20
4,737,辔,Char,20
4,738,暹,Char,20
4,739,骛,Char,20
4,740,鱿,Char,20
4,741,苫,Char,20
4,742,犷,Char,20
4,743,獠,Char,20
4,744,詈,Char,20
4,745,竦,Char,20
4,746,篙,Char,20
4,747,诨,Char,20
4,748,铰,Char,20
4,749,馄,Char,20
4,750,蜚,Char,20
4,751,峒,Char,20
4,752,滢,Char,20
4,753,琬,Char,20
4,754,靓,Char,20
4,755,狻,Char,20
4,756,璨,Char,20
4,757,犟,Char,20
4,758,鸬,Char,20
4,759,螨,Char,20
4,760,芩,Char,20
4,761,嘹,Char,20
4,762,锟,Char,20
4,763,蜇,Char,20
4,764,洹,Char,20
4,765,栉,Char,20
4,766,俪,Char,20
4,767,钍,Char,20
4,768,锨,Char,20
4,769,瑁,Char,20
4,770,壹,Char,20
4,771,痿,Char,20
4,772,竑,Char,20
4,773,粕,Char,20
4,774,犄,Char,20
4,775,瘙,Char,20
4,776,饯,Char,20
4,777,抟,Char,20
4,778,衲,Char,20
4,779,踮,Char,20
4,780,龅,Char,20
4,781,愎,Char,20
4,782,馥,Char,20
4,783,梏,Char,20
4,784,讣,Char,20
4,785,邝,Char,20
4,786,艿,Char,20
4,787,趺,Char,20
4,788,鲟,Char,20
4,789,剜,Char,20
4,790,绉,Char,20
4,791,罅,Char,20
4,792,笥,Char,20
4,793,衩,Char,20
4,794,姣,Char,20
4,795,斫,Char,20
4,796,鹗,Char,20
4,797,腎,Char,20
4,798,爻,Char,20
4,799,猕,Char,20
4,800,晗,Char,20
4,801,铩,Char,20
4,802,窕,Char,20
4,803,仨,Char,20
4,804,搡,Char,20
4,805,崴,Char,20
4,806,酢,Char,20
4,807,檄,Char,20
4,808,佞,Char,20
4,809,孑,Char,20
4,810,璀,Char,20
4,811,岷,Char,20
4,812,舛,Char,20
4,813,邕,Char,20
4,814,闿,Char,20
4,815,铂,Char,20
4,816,霁,Char,20
4,817,犒,Char,20
4,818,馏,Char,20
4,819,阈,Char,20
4,820,麋,Char,20
4,821,麒,Char,20
4,822,苁,Char,20
4,823,摁,Char,20
4,824,涔,Char,20
4,825,宥,Char,20
4,826,妍,Char,20
4,827,铤,Char,20
4,828,锷,Char,20
4,829,嗲,Char,20
4,830,恽,Char,20
4,831,麂,Char,20
4,832,赝,Char,20
4,833,胛,Char,20
4,834,哂,Char,20
4,835,撷,Char,20
4,836,呶,Char,20
4,837,噘,Char,20
4,838,懔,Char,20
4,839,栎,Char,20
4,840,桎,Char,20
4,841,霰,Char,20
4,842,飨,Char,20
4,843,揄,Char,20
4,844,噔,Char,20
4,845,娣,Char,20
4,846,薏,Char,20
4,847,忝,Char,20
4,848,咤,Char,20
4,849,嗵,Char,20
4,850,迤,Char,20
4,851,贲,Char,20
4,852,胪,Char,20
4,853,鍪,Char,20
4,854,泸,Char,20
4,855,蔫,Char,20
4,856,刈,Char,20
4,857,僖,Char,20
4,858,咿,Char,20
4,859,鹌,Char,20
4,860,嗪,Char,20
4,861,茏,Char,20
4,862,茯,Char,20
4,863,岫,Char,20
4,864,嵘,Char,20
4,865,轱,Char,20
4,866,怼,Char,20
4,867,铨,Char,20
4,868,昕,Char,20
4,869,郢,Char,20
4,870,咩,Char,20
4,871,馊,Char,20
4,872,髡,Char,20
4,873,澧,Char,20
4,874,苣,Char,20
4,875,濯,Char,20
4,876,盥,Char,20
4,877,囡,Char,20
4,878,砺,Char,20
4,879,佘,Char,20
4,880,谶,Char,20
4,881,弑,Char,20
4,882,楂,Char,20
4,883,翦,Char,20
4,884,怩,Char,20
4,885,蠼,Char,20
4,886,霏,Char,20
4,887,楹,Char,20
4,888,讴,Char,20
4,889,锲,Char,20
4,890,慵,Char,20
4,891,胝,Char,20
4,892,砭,Char,20
4,893,潍,Char,20
4,894,杵,Char,20
4,895,樾,Char,20
4,896,帼,Char,20
4,897,碣,Char,20
4,898,诌,Char,20
4,899,徕,Char,20
4,900,胴,Char,20
4,901,钴,Char,20
4,902,裟,Char,20
4,903,啶,Char,20
4,904,铣,Char,20
4,905,铱,Char,20
4,906,楫,Char,20
4,907,赭,Char,20
4,908,碛,Char,20
4,909,酊,Char,20
4,910,魑,Char,20
4,911,醛,Char,20
4,912,剐,Char,20
4,913,畦,Char,20
4,914,陂,Char,20
4,915,闶,Char,20
4,916,阄,Char,20
4,917,祚,Char,20
4,918,鹘,Char,20
4,919,泱,Char,20
4,920,趄,Char,20
4,921,骅,Char,20
4,922,陲,Char,20
4,923,郧,Char,20
4,924,倜,Char,20
4,925,呤,Char,20
4,926,燧,Char,20
4,927,铉,Char,20
4,928,粲,Char,20
4,929,骶,Char,20
4,930,峁,Char,20
4,931,忸,Char,20
4,932,渌,Char,20
4,933,骞,Char,20
4,934,髭,Char,20
4,935,戡,Char,20
4,936,钨,Char,20
4,937,谲,Char,20
4,938,苋,Char,20
4,939,锃,Char,20
4,940,蜊,Char,20
4,941,幄,Char,20
4,942,闼,Char,20
4,943,戕,Char,20
4,944,骊,Char,20
4,945,虢,Char,20
4,946,烩,Char,20
4,947,傥,Char,20
4,948,妲,Char,20
4,949,绌,Char,20
4,950,桠,Char,20
4,951,袈,Char,20
4,952,鎗,Char,20
4,953,薮,Char,20
4,954,揿,Char,20
4,955,杲,Char,20
4,956,肓,Char,20
4,957,厝,Char,20
4,958,莅,Char,20
4,959,氤,Char,20
4,960,缙,Char,20
4,961,衮,Char,20
4,962,诟,Char,20
4,963,旖,Char,20
4,964,硒,Char,20
4,965,唁,Char,20
4,966,嬗,Char,20
4,967,硎,Char,20
4,968,裱,Char,20
4,969,颦,Char,20
4,970,質,Char,20
4,971,靥,Char,20
4,972,纥,Char,20
4,973,煨,Char,20
4,974,礴,Char,20
4,975,鏖,Char,20
4,976,蝈,Char,20
4,977,笏,Char,20
4,978,羿,Char,20
4,979,鼐,Char,20
4,980,湟,Char,20
4,981,甑,Char,20
4,982,炜,Char,20
4,983,煲,Char,20
4,984,锉,Char,20
4,985,笕,Char,20
4,986,喑,Char,20
4,987,嶂,Char,20
4,988,浔,Char,20
4,989,弭,Char,20
4,990,妪,Char,20
4,991,锂,Char,20
4,992,苡,Char,20
4,993,孳,Char,20
4,994,颏,Char,20
4,995,醴,Char,20
4,996,間,Char,20
4,997,渚,Char,20
4,998,轭,Char,20
4,999,鹬,Char,20
4,1000,蚝,Char,20
4,1001,黃,Char,20
4,1002,膘,Char,20
4,1003,邛,Char,20
4,1004,痨,Char,20
4,1005,褡,Char,20
4,1006,耦,Char,20
4,1007,覃,Char,20
4,1008,虛,Char,20
4,1009,馔,Char,20
4,1010,篾,Char,20
4,1011,兖,Char,20
4,1012,阋,Char,20
4,1013,遨,Char,20
4,1014,爰,Char,20
4,1015,痂,Char,20
4,1016,艄,Char,20
4,1017,耨,Char,20
4,1018,沤,Char,20
4,1019,邋,Char,20
4,1020,焓,Char,20
4,1021,秣,Char,20
4,1022,昶,Char,20
4,1023,種,Char,20
4,1024,變,Char,20
4,1025,窣,Char,20
4,1026,绦,Char,20
4,1027,俎,Char,20
4,1028,榫,Char,20
4,1029,蟪,Char,20
4,1030,稗,Char,20
4,1031,謇,Char,20
4,1032,氩,Char,20
4,1033,類,Char,20
4,1034,锴,Char,20
4,1035,龉,Char,20
4,1036,烃,Char,20
4,1037,俣,Char,20
4,1038,嬷,Char,20
4,1039,肱,Char,20
4,1040,鸢,Char,20
4,1041,笫,Char,20
4,1042,痤,Char,20
4,1043,陰,Char,20
4,1044,菏,Char,20
4,1045,莆,Char,20
4,1046,芨,Char,20
4,1047,阕,Char,20
4,1048,砣,Char,20
4,1049,碜,Char,20
4,1050,鼹,Char,20
4,1051,長,Char,20
4,1052,猷,Char,20
4,1053,竽,Char,20
4,1054,舸,Char,20
4,1055,诓,Char,20
4,1056,錾,Char,20
4,1057,淬,Char,20
4,1058,隗,Char,20
4,1059,悌,Char,20
4,1060,姘,Char,20
4,1061,槭,Char,20
4,1062,邈,Char,20
4,1063,婕,Char,20
4,1064,歙,Char,20
4,1065,稹,Char,20
4,1066,蹴,Char,20
4,1067,砒,Char,20
4,1068,痈,Char,20
4,1069,镏,Char,20
4,1070,羯,Char,20
4,1071,豕,Char,20
4,1072,鲂,Char,20
4,1073,蓖,Char,20
4,1074,匦,Char,20
4,1075,笤,Char,20
4,1076,峥,Char,20
4,1077,徭,Char,20
4,1078,浃,Char,20
4,1079,烊,Char,20
4,1080,補,Char,20
4,1081,窸,Char,20
4,1082,酆,Char,20
4,1083,缢,Char,20
4,1084,褓,Char,20
4,1085,蚨,Char,20
4,1086,翳,Char,20
4,1087,趔,Char,20
4,1088,炔,Char,20
4,1089,誊,Char,20
4,1090,赜,Char,20
4,1091,仃,Char,20
4,1092,勖,Char,20
4,1093,葺,Char,20
4,1094,蚴,Char,20
4,1095,泷,Char,20
4,1096,蛴,Char,20
4,1097,結,Char,20
4,1098,媸,Char,20
4,1099,俳,Char,20
4,1100,诖,Char,20
4,1101,茑,Char,20
4,1102,逡,Char,20
4,1103,孱,Char,20
4,1104,砦,Char,20
4,1105,跸,Char,20
4,1106,祜,Char,20
4,1107,伉,Char,20
4,1108,溴,Char,20
4,1109,屐,Char,20
4,1110,飚,Char,20
4,1111,蛞,Char,20
4,1112,鏡,Char,20
4,1113,掮,Char,20
4,1114,崆,Char,20
4,1115,庾,Char,20
4,1116,橛,Char,20
4,1117,矸,Char,20
4,1118,鸨,Char,20
4,1119,圻,Char,20
4,1120,缂,Char,20
4,1121,蒯,Char,20
4,1122,诹,Char,20
4,1123,啭,Char,20
4,1124,饧,Char,20
4,1125,镉,Char,20
4,1126,鸪,Char,20
4,1127,蛩,Char,20
4,1128,蠖,Char,20
4,1129,說,Char,20
4,1130,劭,Char,20
4,1131,哐,Char,20
4,1132,崧,Char,20
4,1133,杼,Char,20
4,1134,棂,Char,20
4,1135,螫,Char,20
4,1136,龃,Char,20
4,1137,饔,Char,20
4,1138,遑,Char,20
4,1139,颢,Char,20
4,1140,腱,Char,20
4,1141,襁,Char,20
4,1142,忾,Char,20
4,1143,濠,Char,20
4,1144,牝,Char,20
4,1145,蛄,Char,20
4,1146,鲆,Char,20
4,1147,嗄,Char,20
4,1148,灏,Char,20
4,1149,疥,Char,20
4,1150,苜,Char,20
4,1151,荞,Char,20
4,1152,嘣,Char,20
4,1153,夤,Char,20
4,1154,砝,Char,20
4,1155,颞,Char,20
4,1156,開,Char,20
4,1157,忤,Char,20
4,1158,遢,Char,20
4,1159,旎,Char,20
4,1160,瘛,Char,20
4,1161,魉,Char,20
4,1162,辇,Char,20
4,1163,見,Char,20
4,1164,瓤,Char,20
4,1165,荥,Char,20
4,1166,涫,Char,20
4,1167,娌,Char,20
4,1168,氚,Char,20
4,1169,臁,Char,20
4,1170,毂,Char,20
4,1171,碇,Char,20
4,1172,毖,Char,20
4,1173,壅,Char,20
4,1174,吡,Char,20
4,1175,缛,Char,20
4,1176,玮,Char,20
4,1177,羟,Char,20
4,1178,還,Char,20
4,1179,珈,Char,20
4,1180,颀,Char,20
4,1181,虼,Char,20
4,1182,祇,Char,20
4,1183,佝,Char,20
4,1184,翕,Char,20
4,1185,遴,Char,20
4,1186,珏,Char,20
4,1187,郛,Char,20
4,1188,較,Char,20
4,1189,驗,Char,20
4,1190,玖,Char,20
4,1191,蹇,Char,20
4,1192,逋,Char,20
4,1193,氅,Char,20
4,1194,粽,Char,20
4,1195,诂,Char,20
4,1196,岢,Char,20
4,1197,聒,Char,20
4,1198,髁,Char,20
4,1199,黍,Char,20
4,1200,芾,Char,20
4,1201,淝,Char,20
4,1202,鲎,Char,20
4,1203,鞣,Char,20
4,1204,髋,Char,20
4,1205,闳,Char,20
4,1206,潆,Char,20
4,1207,汨,Char,20
4,1208,胍,Char,20
4,1209,阏,Char,20
4,1210,钤,Char,20
4,1211,鹜,Char,20
4,1212,鬈,Char,20
4,1213,铵,Char,20
4,1214,戬,Char,20
4,1215,點,Char,20
4,1216,崮,Char,20
4,1217,枰,Char,20
4,1218,樯,Char,20
4,1219,脍,Char,20
4,1220,畲,Char,20
4,1221,衾,Char,20
4,1222,蹼,Char,20
4,1223,題,Char,20
4,1224,劬,Char,20
4,1225,咭,Char,20
4,1226,囫,Char,20
4,1227,洱,Char,20
4,1228,刎,Char,20
4,1229,芏,Char,20
4,1230,琊,Char,20
4,1231,碚,Char,20
4,1232,鳕,Char,20
4,1233,谪,Char,20
4,1234,芎,Char,20
4,1235,恂,Char,20
4,1236,槿,Char,20
4,1237,鲢,Char,20
4,1238,鲧,Char,20
4,1239,嘧,Char,20
4,1240,绀,Char,20
4,1241,郦,Char,20
4,1242,噱,Char,20
4,1243,浠,Char,20
4,1244,潸,Char,20
4,1245,跏,Char,20
4,1246,鲶,Char,20
4,1247,矍,Char,20
4,1248,苌,Char,20
4,1249,抻,Char,20
4,1250,琰,Char,20
4,1251,鹚,Char,20
4,1252,龆,Char,20
4,1253,臬,Char,20
4,1254,芄,Char,20
4,1255,呔,Char,20
4,1256,雒,Char,20
4,1257,觞,Char,20
4,1258,钒,Char,20
4,1259,饫,Char,20
4,1260,阒,Char,20
4,1261,槎,Char,20
4,1262,鸩,Char,20
4,1263,舂,Char,20
4,1264,谠,Char,20
4,1265,阡,Char,20
4,1266,莒,Char,20
4,1267,萸,Char,20
4,1268,妗,Char,20
4,1269,稔,Char,20
4,1270,穰,Char,20
4,1271,蚧,Char,20
4,1272,餍,Char,20
4,1273,谯,Char,20
4,1274,芗,Char,20
4,1275,菸,Char,20
4,1276,葩,Char,20
4,1277,踔,Char,20
4,1278,厣,Char,20
4,1279,佻,Char,20
4,1280,嘌,Char,20
4,1281,饩,Char,20
4,1282,钏,Char,20
4,1283,蠓,Char,20
4,1284,黩,Char,20
4,1285,倨,Char,20
4,1286,腸,Char,20
4,1287,缬,Char,20
4,1288,殚,Char,20
4,1289,钿,Char,20
4,1290,鎏,Char,20
4,1291,恁,Char,20
4,1292,藿,Char,20
4,1293,囟,Char,20
4,1294,鄣,Char,20
4,1295,呋,Char,20
4,1296,婺,Char,20
4,1297,绱,Char,20
4,1298,瓯,Char,20
4,1299,旃,Char,20
4,1300,锶,Char,20
4,1301,酩,Char,20
4,1302,恹,Char,20
4,1303,逶,Char,20
4,1304,缦,Char,20
4,1305,鸹,Char,20
4,1306,螟,Char,20
4,1307,菟,Char,20
4,1308,阗,Char,20
4,1309,濉,Char,20
4,1310,篑,Char,20
4,1311,醪,Char,20
4,1312,鲛,Char,20
4,1313,讦,Char,20
4,1314,媪,Char,20
4,1315,邬,Char,20
4,1316,殇,Char,20
4,1317,鄯,Char,20
4,1318,芡,Char,20
4,1319,嫠,Char,20
4,1320,肼,Char,20
4,1321,峤,Char,20
4,1322,矽,Char,20
4,1323,讧,Char,20
4,1324,掼,Char,20
4,1325,焖,Char,20
4,1326,愆,Char,20
4,1327,聩,Char,20
4,1328,岘,Char,20
4,1329,靛,Char,20
4,1330,菖,Char,20
4,1331,卟,Char,20
4,1332,姒,Char,20
4,1333,杷,Char,20
4,1334,砉,Char,20
4,1335,袢,Char,20
4,1336,蚋,Char,20
4,1337,笳,Char,20
4,1338,挈,Char,20
4,1339,關,Char,20
4,1340,踽,Char,20
4,1341,黾,Char,20
4,1342,麼,Char,20
4,1343,侩,Char,20
4,1344,凫,Char,20
4,1345,诔,Char,20
4,1346,郯,Char,20
4,1347,韪,Char,20
4,1348,挲,Char,20
4,1349,笪,Char,20
4,1350,鼋,Char,20
4,1351,莜,Char,20
4,1352,風,Char,20
4,1353,菅,Char,20
4,1354,嵊,Char,20
4,1355,裢,Char,20
4,1356,趿,Char,20
4,1357,箸,Char,20
4,1358,莴,Char,20
4,1359,莠,Char,20
4,1360,阌,Char,20
4,1361,旯,Char,20
4,1362,圜,Char,20
4,1363,涪,Char,20
4,1364,赍,Char,20
4,1365,柞,Char,20
4,1366,嗍,Char,20
4,1367,囵,Char,20
4,1368,榧,Char,20
4,1369,裰,Char,20
4,1370,笾,Char,20
4,1371,簟,Char,20
4,1372,跎,Char,20
4,1373,巽,Char,20
4,1374,曷,Char,20
4,1375,逖,Char,20
4,1376,骓,Char,20
4,1377,绔,Char,20
4,1378,枋,Char,20
4,1379,镒,Char,20
4,1380,魃,Char,20
4,1381,餮,Char,20
4,1382,讵,Char,20
4,1383,乜,Char,20
4,1384,鄢,Char,20
4,1385,瑭,Char,20
4,1386,踅,Char,20
4,1387,馓,Char,20
4,1388,蟛,Char,20
4,1389,鳟,Char,20
4,1390,荛,Char,20
4,1391,菬,Char,20
4,1392,忪,Char,20
4,1393,阍,Char,20
4,1394,姹,Char,20
4,1395,纰,Char,20
4,1396,桉,Char,20
4,1397,氪,Char,20
4,1398,氘,Char,20
4,1399,垅,Char,20
4,1400,郃,Char,20
4,1401,汊,Char,20
4,1402,娉,Char,20
4,1403,纡,Char,20
4,1404,缟,Char,20
4,1405,旮,Char,20
4,1406,镢,Char,20
4,1407,傈,Char,20
4,1408,堋,Char,20
4,1409,蔺,Char,20
4,1410,庥,Char,20
4,1411,枥,Char,20
4,1412,腭,Char,20
4,1413,鹕,Char,20
4,1414,笮,Char,20
4,1415,髂,Char,20
4,1416,魍,Char,20
4,1417,缁,Char,20
4,1418,槊,Char,20
4,1419,跞,Char,20
4,1420,醚,Char,20
4,1421,吒,Char,20
4,1422,枳,Char,20
4,1423,搿,Char,20
4,1424,鹧,Char,20
4,1425,蜍,Char,20
4,1426,舻,Char,20
4,1427,鏊,Char,20
4,1428,禳,Char,20
4,1429,蒺,Char,20
4,1430,钹,Char,20
4,1431,蜢,Char,20
4,1432,鬻,Char,20
4,1433,珩,Char,20
4,1434,卮,Char,20
4,1435,垭,Char,20
4,1436,苄,Char,20
4,1437,苕,Char,20
4,1438,菀,Char,20
4,1439,骠,Char,20
4,1440,袷,Char,20
4,1441,跹,Char,20
4,1442,瘘,Char,20
4,1443,騔,Char,20
4,1444,論,Char,20
4,1445,磬,Char,20
4,1446,缶,Char,20
4,1447,笸,Char,20
4,1448,鸷,Char,20
4,1449,頭,Char,20
4,1450,芰,Char,20
4,1451,蕲,Char,20
4,1452,阆,Char,20
4,1453,纨,Char,20
4,1454,琮,Char,20
4,1455,牦,Char,20
4,1456,砩,Char,20
4,1457,蠲,Char,20
4,1458,锒,Char,20
4,1459,锕,Char,20
4,1460,郓,Char,20
4,1461,妯,Char,20
4,1462,驷,Char,20
4,1463,鹩,Char,20
4,1464,舢,Char,20
4,1465,趸,Char,20
4,1466,證,Char,20
4,1467,養,Char,20
4,1468,芫,Char,20
4,1469,嗉,Char,20
4,1470,蠊,Char,20
4,1471,笊,Char,20
4,1472,莸,Char,20
4,1473,饴,Char,20
4,1474,阃,Char,20
4,1475,浯,Char,20
4,1476,枇,Char,20
4,1477,焱,Char,20
4,1478,铆,Char,20
4,1479,擤,Char,20
4,1480,柢,Char,20
4,1481,醢,Char,20
4,1482,呲,Char,20
4,1483,崾,Char,20
4,1484,溆,Char,20
4,1485,潴,Char,20
4,1486,牖,Char,20
4,1487,硪,Char,20
4,1488,碓,Char,20
4,1489,鹆,Char,20
4,1490,鬣,Char,20
4,1491,堀,Char,20
4,1492,帙,Char,20
4,1493,雱,Char,20
4,1494,須,Char,20
4,1495,進,Char,20
4,1496,诎,Char,20
4,1497,獐,Char,20
4,1498,桁,Char,20
4,1499,蛱,Char,20
4,1500,鳏,Char,20
4,1501,郴,Char,20
4,1502,幂,Char,20
4,1503,箝,Char,20
4,1504,僳,Char,20
4,1505,疝,Char,20
4,1506,茴,Char,20
4,1507,揶,Char,20
4,1508,呦,Char,20
4,1509,嗌,Char,20
4,1510,囹,Char,20
4,1511,螈,Char,20
4,1512,脲,Char,20
4,1513,镊,Char,20
4,1514,锑,Char,20
4,1515,胨,Char,20
4,1516,膈,Char,20
4,1517,痼,Char,20
4,1518,鳊,Char,20
4,1519,赅,Char,20
4,1520,贽,Char,20
4,1521,處,Char,20
4,1522,苤,Char,20
4,1523,峄,Char,20
4,1524,桡,Char,20
4,1525,雎,Char,20
4,1526,鲋,Char,20
4,1527,鞫,Char,20
4,1528,鼬,Char,20
4,1529,獯,Char,20
4,1530,昀,Char,20
4,1531,痍,Char,20
4,1532,蟊,Char,20
4,1533,鞴,Char,20
4,1534,疖,Char,20
4,1535,熘,Char,20
4,1536,乇,Char,20
4,1537,羸,Char,20
4,1538,嵴,Char,20
4,1539,栀,Char,20
4,1540,槲,Char,20
4,1541,炝,Char,20
4,1542,炷,Char,20
4,1543,硐,Char,20
4,1544,锸,Char,20
4,1545,鹂,Char,20
4,1546,裾,Char,20
4,1547,侪,Char,20
4,1548,診,Char,20
4,1549,調,Char,20
4,1550,珐,Char,20
4,1551,縯,Char,20
4,1552,哔,Char,20
4,1553,屙,Char,20
4,1554,旆,Char,20
4,1555,佰,Char,20
4,1556,僦,Char,20
4,1557,牯,Char,20
4,1558,钪,Char,20
4,1559,掾,Char,20
4,1560,針,Char,20
4,1561,仟,Char,20
4,1562,圮,Char,20
4,1563,芟,Char,20
4,1564,崃,Char,20
4,1565,廪,Char,20
4,1566,擘,Char,20
4,1567,笱,Char,20
4,1568,跗,Char,20
4,1569,鲅,Char,20
4,1570,硷,Char,20
4,1571,苎,Char,20
4,1572,匏,Char,20
4,1573,嗾,Char,20
4,1574,圄,Char,20
4,1575,彀,Char,20
4,1576,粳,Char,20
4,1577,卣,Char,20
4,1578,勐,Char,20
4,1579,掴,Char,20
4,1580,涑,Char,20
4,1581,浞,Char,20
4,1582,玳,Char,20
4,1583,愍,Char,20
4,1584,畛,Char,20
4,1585,赧,Char,20
4,1586,貉,Char,20
4,1587,擀,Char,20
4,1588,湫,Char,20
4,1589,逦,Char,20
4,1590,椴,Char,20
4,1591,铄,Char,20
4,1592,箧,Char,20
4,1593,刖,Char,20
4,1594,鲮,Char,20
4,1595,訇,Char,20
4,1596,茱,Char,20
4,1597,啖,Char,20
4,1598,悭,Char,20
4,1599,愀,Char,20
4,1600,朐,Char,20
4,1601,畈,Char,20
4,1602,鹨,Char,20
4,1603,蛘,Char,20
4,1604,佶,Char,20
4,1605,缃,Char,20
4,1606,晟,Char,20
4,1607,鲱,Char,20
4,1608,凼,Char,20
4,1609,苴,Char,20
4,1610,颛,Char,20
4,1611,厍,Char,20
4,1612,匚,Char,20
4,1613,徉,Char,20
4,1614,洙,Char,20
4,1615,氡,Char,20
4,1616,胗,Char,20
4,1617,癯,Char,20
4,1618,鞒,Char,20
4,1619,锆,Char,20
4,1620,佤,Char,20
4,1621,錢,Char,20
4,1622,飲,Char,20
4,1623,細,Char,20
4,1624,勰,Char,20
4,1625,钺,Char,20
4,1626,繇,Char,20
4,1627,螭,Char,20
4,1628,嵬,Char,20
4,1629,轸,Char,20
4,1630,肟,Char,20
4,1631,肫,Char,20
4,1632,邨,Char,20
4,1633,瘿,Char,20
4,1634,仞,Char,20
4,1635,奁,Char,20
4,1636,宄,Char,20
4,1637,轳,Char,20
4,1638,熳,Char,20
4,1639,睇,Char,20
4,1640,钼,Char,20
4,1641,蝼,Char,20
4,1642,跆,Char,20
4,1643,樗,Char,20
4,1644,鲰,Char,20
4,1645,節,Char,20
4,1646,诶,Char,20
4,1647,薜,Char,20
4,1648,铧,Char,20
4,1649,裥,Char,20
4,1650,榇,Char,20
4,1651,馃,Char,20
4,1652,術,Char,20
4,1653,蹚,Char,20
4,1654,怄,Char,20
4,1655,寤,Char,20
4,1656,缗,Char,20
4,1657,硗,Char,20
4,1658,碡,Char,20
4,1659,矬,Char,20
4,1660,鸱,Char,20
4,1661,虺,Char,20
4,1662,糅,Char,20
4,1663,雠,Char,20
4,1664,帑,Char,20
4,1665,镧,Char,20
4,1666,埙,Char,20
4,1667,啁,Char,20
4,1668,悒,Char,20
4,1669,犍,Char,20
4,1670,硌,Char,20
4,1671,锩,Char,20
4,1672,虿,Char,20
4,1673,蛑,Char,20
4,1674,艉,Char,20
4,1675,钅,Char,20
4,1676,咴,Char,20
4,1677,筮,Char,20
4,1678,艏,Char,20
4,1679,糁,Char,20
4,1680,鼍,Char,20
4,1681,肄,Char,20
4,1682,籴,Char,20
4,1683,骜,Char,20
4,1684,砻,Char,20
4,1685,蜮,Char,20
4,1686,龀,Char,20
4,1687,黢,Char,20
4,1688,劢,Char,20
4,1689,腫,Char,20
4,1690,耪,Char,20
4,1691,鬯,Char,20
4,1692,畚,Char,20
4,1693,觳,Char,20
4,1694,稞,Char,20
4,1695,鹁,Char,20
4,1696,鲲,Char,20
4,1697,稱,Char,20
4,1698,捌,Char,20
4,1699,菔,Char,20
4,1700,獬,Char,20
4,1701,柘,Char,20
4,1702,娆,Char,20
4,1703,篪,Char,20
4,1704,鲀,Char,20
4,1705,谰,Char,20
4,1706,孬,Char,20
4,1707,伥,Char,20
4,1708,谇,Char,20
4,1709,鄄,Char,20
4,1710,狎,Char,20
4,1711,闫,Char,20
4,1712,滟,Char,20
4,1713,齑,Char,20
4,1714,遒,Char,20
4,1715,磔,Char,20
4,1716,聃,Char,20
4,1717,綦,Char,20
4,1718,鲡,Char,20
4,1719,蔻,Char,20
4,1720,泠,Char,20
4,1721,砗,Char,20
4,1722,钕,Char,20
4,1723,镫,Char,20
4,1724,菹,Char,20
4,1725,胂,Char,20
4,1726,煅,Char,20
4,1727,煸,Char,20
4,1728,螯,Char,20
4,1729,躅,Char,20
4,1730,鲠,Char,20
4,1731,佥,Char,20
4,1732,罘,Char,20
4,1733,嶝,Char,20
4,1734,適,Char,20
4,1735,坨,Char,20
4,1736,菽,Char,20
4,1737,哞,Char,20
4,1738,徜,Char,20
4,1739,慊,Char,20
4,1740,洳,Char,20
4,1741,渑,Char,20
4,1742,灞,Char,20
4,1743,盍,Char,20
4,1744,钋,Char,20
4,1745,鸫,Char,20
4,1746,踯,Char,20
4,1747,縻,Char,20
4,1748,萘,Char,20
4,1749,褫,Char,20
4,1750,羰,Char,20
4,1751,腦,Char,20
4,1752,俅,Char,20
4,1753,芤,Char,20
4,1754,隳,Char,20
4,1755,洮,Char,20
4,1756,胼,Char,20
4,1757,罴,Char,20
4,1758,镛,Char,20
4,1759,怛,Char,20
4,1760,芊,Char,20
4,1761,啉,Char,20
4,1762,噌,Char,20
4,1763,嫱,Char,20
4,1764,绲,Char,20
4,1765,膻,Char,20
4,1766,焐,Char,20
4,1767,裡,Char,20
4,1768,葎,Char,20
4,1769,亓,Char,20
4,1770,倮,Char,20
4,1771,莼,Char,20
4,1772,蘅,Char,20
4,1773,嘞,Char,20
4,1774,缒,Char,20
4,1775,镆,Char,20
4,1776,網,Char,20
4,1777,伧,Char,20
4,1778,荏,Char,20
4,1779,唳,Char,20
4,1780,檩,Char,20
4,1781,鸶,Char,20
4,1782,蚬,Char,20
4,1783,骱,Char,20
4,1784,蘖,Char,20
4,1785,澍,Char,20
4,1786,韫,Char,20
4,1787,颎,Char,20
4,1788,嘏,Char,20
4,1789,垡,Char,20
4,1790,腚,Char,20
4,1791,焯,Char,20
4,1792,繻,Char,20
4,1793,怙,Char,20
4,1794,羧,Char,20
4,1795,鼙,Char,20
4,1796,倥,Char,20
4,1797,亳,Char,20
4,1798,艽,Char,20
4,1799,荠,Char,20
4,1800,昴,Char,20
4,1801,舨,Char,20
4,1802,魈,Char,20
4,1803,醣,Char,20
4,1804,枵,Char,20
4,1805,粜,Char,20
4,1806,甙,Char,20
4,1807,珲,Char,20
4,1808,杓,Char,20
4,1809,楸,Char,20
4,1810,楦,Char,20
4,1811,疃,Char,20
4,1812,蛏,Char,20
4,1813,蠛,Char,20
4,1814,髌,Char,20
4,1815,茔,Char,20
4,1816,臨,Char,20
4,1817,诼,Char,20
4,1818,嬖,Char,20
4,1819,耒,Char,20
4,1820,蜣,Char,20
4,1821,笄,Char,20
4,1822,跣,Char,20
4,1823,钣,Char,20
4,1824,戆,Char,20
4,1825,蜉,Char,20
4,1826,喾,Char,20
4,1827,铍,Char,20
4,1828,陉,Char,20
4,1829,薹,Char,20
4,1830,肷,Char,20
4,1831,岵,Char,20
4,1832,瓴,Char,20
4,1833,荽,Char,20
4,1834,怫,Char,20
4,1835,钭,Char,20
4,1836,窀,Char,20
4,1837,缯,Char,20
4,1838,倬,Char,20
4,1839,摭,Char,20
4,1840,帔,Char,20
4,1841,楝,Char,20
4,1842,痱,Char,20
4,1843,蚶,Char,20
4,1844,螬,Char,20
4,1845,髑,Char,20
4,1846,紅,Char,20
4,1847,鼗,Char,20
4,1848,狷,Char,20
4,1849,殛,Char,20
4,1850,裉,Char,20
4,1851,粝,Char,20
4,1852,萋,Char,20
4,1853,葭,Char,20
4,1854,衽,Char,20
4,1855,鳢,Char,20
4,1856,傧,Char,20
4,1857,喁,Char,20
4,1858,嫘,Char,20
4,1859,罟,Char,20
4,1860,钌,Char,20
4,1861,裼,Char,20
4,1862,愦,Char,20
4,1863,蝽,Char,20
4,1864,雖,Char,20
4,1865,锗,Char,20
4,1866,衿,Char,20
4,1867,粢,Char,20
4,1868,醵,Char,20
4,1869,跫,Char,20
4,1870,鐾,Char,20
4,1871,廛,Char,20
4,1872,墉,Char,20
4,1873,哌,Char,20
4,1874,輕,Char,20
4,1875,扦,Char,20
4,1876,堇,Char,20
4,1877,婧,Char,20
4,1878,暌,Char,20
4,1879,罱,Char,20
4,1880,镞,Char,20
4,1881,蹰,Char,20
4,1882,陟,Char,20
4,1883,鳔,Char,20
4,1884,脘,Char,20
4,1885,臟,Char,20
4,1886,岿,Char,20
4,1887,侔,Char,20
4,1888,郾,Char,20
4,1889,唿,Char,20
4,1890,砹,Char,20
4,1891,疴,Char,20
4,1892,麸,Char,20
4,1893,薨,Char,20
4,1894,綝,Char,20
4,1895,滁,Char,20
4,1896,偾,Char,20
4,1897,拊,Char,20
4,1898,撺,Char,20
4,1899,呒,Char,20
4,1900,狯,Char,20
4,1901,猢,Char,20
4,1902,椁,Char,20
4,1903,榱,Char,20
4,1904,罾,Char,20
4,1905,铳,Char,20
4,1906,裎,Char,20
4,1907,鳚,Char,20
4,1908,眦,Char,20
4,1909,璎,Char,20
4,1910,認,Char,20
4,1911,崞,Char,20
4,1912,缇,Char,20
4,1913,蝣,Char,20
4,1914,萑,Char,20
4,1915,狲,Char,20
4,1916,缱,Char,20
4,1917,晷,Char,20
4,1918,冼,Char,20
4,1919,痧,Char,20
4,1920,統,Char,20
4,1921,蕖,Char,20
4,1922,狍,Char,20
4,1923,憷,Char,20
4,1924,锛,Char,20
4,1925,窨,Char,20
4,1926,袼,Char,20
4,1927,帏,Char,20
4,1928,儋,Char,20
4,1929,绨,Char,20
4,1930,疠,Char,20
4,1931,蘩,Char,20
4,1932,嵝,Char,20
4,1933,庀,Char,20
4,1934,汜,Char,20
4,1935,炅,Char,20
4,1936,煳,Char,20
4,1937,泶,Char,20
4,1938,瓠,Char,20
4,1939,窳,Char,20
4,1940,虮,Char,20
4,1941,蚰,Char,20
4,1942,邰,Char,20
4,1943,苊,Char,20
4,1944,砀,Char,20
4,1945,捩,Char,20
4,1946,蹉,Char,20
4,1947,莪,Char,20
4,1948,螽,Char,20
4,1949,覺,Char,20
4,1950,蘼,Char,20
4,1951,槔,Char,20
4,1952,曛,Char,20
4,1953,蛲,Char,20
4,1954,鹾,Char,20
4,1955,隹,Char,20
4,1956,犸,Char,20
4,1957,衄,Char,20
4,1958,觀,Char,20
4,1959,轉,Char,20
4,1960,銎,Char,20
4,1961,泫,Char,20
4,1962,玢,Char,20
4,1963,辊,Char,20
4,1964,瞋,Char,20
4,1965,墀,Char,20
4,1966,酐,Char,20
4,1967,隱,Char,20
4,1968,堞,Char,20
4,1969,尥,Char,20
4,1970,嚯,Char,20
4,1971,猗,Char,20
4,1972,逑,Char,20
4,1973,逯,Char,20
4,1974,硖,Char,20
4,1975,噻,Char,20
4,1976,嵛,Char,20
4,1977,畀,Char,20
4,1978,運,Char,20
4,1979,鲃,Char,20
4,1980,偬,Char,20
4,1981,鄞,Char,20
4,1982,呖,Char,20
4,1983,溧,Char,20
4,1984,嬲,Char,20
4,1985,肭,Char,20
4,1986,鹈,Char,20
4,1987,鹱,Char,20
4,1988,窭,Char,20
4,1989,黧,Char,20
4,1990,谵,Char,20
4,1991,沆,Char,20
4,1992,嫒,Char,20
4,1993,塬,Char,20
4,1994,缣,Char,20
4,1995,篯,Char,20
4,1996,酃,Char,20
4,1997,喱,Char,20
4,1998,泔,Char,20
4,1999,溘,Char,20
4,2000,迕,Char,20
4,2001,肀,Char,20
4,2002,秫,Char,20
4,2003,裣,Char,20
4,2004,铋,Char,20
4,2005,蒌,Char,20
4,2006,曩,Char,20
4,2007,赀,Char,20
4,2008,箪,Char,20
4,2009,朊,Char,20
4,2010,鳙,Char,20
4,2011,仫,Char,20
4,2012,钎,Char,20
4,2013,芑,Char,20
4,2014,胙,Char,20
4,2015,盱,Char,20
4,2016,糇,Char,20
4,2017,挹,Char,20
4,2018,捭,Char,20
4,2019,悱,Char,20
4,2020,鬟,Char,20
4,2021,緩,Char,20
4,2022,請,Char,20
4,2023,崤,Char,20
4,2024,澶,Char,20
4,2025,甾,Char,20
4,2026,欹,Char,20
4,2027,瞽,Char,20
4,2028,钇,Char,20
4,2029,鹪,Char,20
4,2030,鞔,Char,20
4,2031,缡,Char,20
4,2032,铯,Char,20
4,2033,鲚,Char,20
4,2034,組,Char,20
4,2035,嘬,Char,20
4,2036,庹,Char,20
4,2037,渖,Char,20
4,2038,湔,Char,20
4,2039,玎,Char,20
4,2040,锜,Char,20
4,2041,锊,Char,20
4,2042,舾,Char,20
4,2043,籼,Char,20
4,2044,阊,Char,20
4,2045,祕,Char,20
4,2046,猊,Char,20
4,2047,燹,Char,20
4,2048,葑,Char,20
4,2049,蓼,Char,20
4,2050,幛,Char,20
4,2051,岣,Char,20
4,2052,浼,Char,20
4,2053,甯,Char,20
4,2054,瑷,Char,20
4,2055,敫,Char,20
4,2056,钔,Char,20
4,2057,钫,Char,20
4,2058,锼,Char,20
4,2059,锿,Char,20
4,2060,癔,Char,20
4,2061,穸,Char,20
4,2062,褊,Char,20
4,2063,蚍,Char,20
4,2064,篦,Char,20
4,2065,麇,Char,20
4,2066,樘,Char,20
4,2067,钯,Char,20
4,2068,禇,Char,20
4,2069,铒,Char,20
4,2070,續,Char,20
4,2071,莩,Char,20
4,2072,嵯,Char,20
4,2073,逭,Char,20
4,2074,遄,Char,20
4,2075,戗,Char,20
4,2076,睃,Char,20
4,2077,鮈,Char,20
4,2078,瀣,Char,20
4,2079,皴,Char,20
4,2080,泮,Char,20
4,2081,轫,Char,20
4,2082,褰,Char,20
4,2083,炱,Char,20
4,2084,醍,Char,20
4,2085,锱,Char,20
4,2086,篁,Char,20
4,2087,葚,Char,20
4,2088,難,Char,20
4,2089,矇,Char,20
4,2090,驽,Char,20
4,2091,辚,Char,20
4,2092,睥,Char,20
4,2093,鸺,Char,20
4,2094,筇,Char,20
4,2095,戥,Char,20
4,2096,髀,Char,20
4,2097,驺,Char,20
4,2098,頸,Char,20
4,2099,哙,Char,20
4,2100,濞,Char,20
4,2101,逄,Char,20
4,2102,桤,Char,20
4,2103,攵,Char,20
4,2104,炻,Char,20
4,2105,磙,Char,20
4,2106,疳,Char,20
4,2107,醭,Char,20
4,2108,鳇,Char,20
4,2109,鹮,Char,20
4,2110,迓,Char,20
4,2111,眇,Char,20
4,2112,楮,Char,20
4,2113,砜,Char,20
4,2114,謝,Char,20
4,2115,離,Char,20
4,2116,約,Char,20
4,2117,菘,Char,20
4,2118,馇,Char,20
4,2119,栌,Char,20
4,2120,醐,Char,20
4,2121,唢,Char,20
4,2122,獍,Char,20
4,2123,殳,Char,20
4,2124,仡,Char,20
4,2125,軟,Char,20
4,2126,刿,Char,20
4,2127,葜,Char,20
4,2128,薅,Char,20
4,2129,湓,Char,20
4,2130,搴,Char,20
4,2131,尕,Char,20
4,2132,磴,Char,20
4,2133,锝,Char,20
4,2134,镅,Char,20
4,2135,艚,Char,20
4,2136,殄,Char,20
4,2137,暝,Char,20
4,2138,祢,Char,20
4,2139,豉,Char,20
4,2140,垴,Char,20
4,2141,維,Char,20
4,2142,瓿,Char,20
4,2143,煺,Char,20
4,2144,蟥,Char,20
4,2145,蹀,Char,20
4,2146,門,Char,20
4,2147,黼,Char,20
4,2148,氙,Char,20
4,2149,铑,Char,20
4,2150,積,Char,20
4,2151,線,Char,20
4,2152,蒡,Char,20
4,2153,杪,Char,20
4,2154,肜,Char,20
4,2155,膂,Char,20
4,2156,砬,Char,20
4,2157,硭,Char,20
4,2158,酽,Char,20
4,2159,踟,Char,20
4,2160,鲷,Char,20
4,2161,蒴,Char,20
4,2162,藁,Char,20
4,2163,猡,Char,20
4,2164,旒,Char,20
4,2165,硇,Char,20
4,2166,锍,Char,20
4,2167,鞲,Char,20
4,2168,哿,Char,20
4,2169,皤,Char,20
4,2170,哏,Char,20
4,2171,殍,Char,20
4,2172,漯,Char,20
4,2173,確,Char,20
4,2174,織,Char,20
4,2175,連,Char,20
4,2176,谂,Char,20
4,2177,跶,Char,20
4,2178,橥,Char,20
4,2179,镬,Char,20
4,2180,鸲,Char,20
4,2181,姝,Char,20
4,2182,茭,Char,20
4,2183,窆,Char,20
4,2184,髟,Char,20
4,2185,畋,Char,20
4,2186,溏,Char,20
4,2187,鲔,Char,20
4,2188,顯,Char,20
4,2189,喹,Char,20
4,2190,紹,Char,20
4,2191,吣,Char,20
4,2192,羼,Char,20
4,2193,缧,Char,20
4,2194,窬,Char,20
4,2195,骘,Char,20
4,2196,赉,Char,20
4,2197,镓,Char,20
4,2198,邳,Char,20
4,2199,璩,Char,20
4,2200,鸸,Char,20
4,2201,涠,Char,20
4,2202,溲,Char,20
4,2203,孥,Char,20
4,2204,敉,Char,20
4,2205,筌,Char,20
4,2206,,Char,20
4,2207,義,Char,20
4,2208,衛,Char,20
4,2209,響,Char,20
4,2210,蹓,Char,20
4,2211,垓,Char,20
4,2212,苒,Char,20
4,2213,荸,Char,20
4,2214,甓,Char,20
4,2215,锪,Char,20
4,2216,镄,Char,20
4,2217,脔,Char,20
4,2218,艟,Char,20
4,2219,選,Char,20
4,2220,達,Char,20
4,2221,眬,Char,20
4,2222,彘,Char,20
4,2223,檠,Char,20
4,2224,胩,Char,20
4,2225,旄,Char,20
4,2226,祆,Char,20
4,2227,伛,Char,20
4,2228,鲥,Char,20
4,2229,荦,Char,20
4,2230,暾,Char,20
4,2231,脈,Char,20
4,2232,納,Char,20
4,2233,缌,Char,20
4,2234,飏,Char,20
4,2235,锞,Char,20
4,2236,趵,Char,20
4,2237,跖,Char,20
4,2238,跬,Char,20
4,2239,僬,Char,20
4,2240,皲,Char,20
4,2241,翥,Char,20
4,2242,祎,Char,20
4,2243,貢,Char,20
4,2244,習,Char,20
4,2245,閉,Char,20
4,2246,芴,Char,20
4,2247,菰,Char,20
4,2248,眙,Char,20
4,2249,锓,Char,20
4,2250,訾,Char,20
4,2251,莳,Char,20
4,2252,菪,Char,20
4,2253,槠,Char,20
4,2254,榍,Char,20
4,2255,俜,Char,20
4,2256,觚,Char,20
4,2257,撄,Char,20
4,2258,嵫,Char,20
4,2259,桴,Char,20
4,2260,晡,Char,20
4,2261,爨,Char,20
4,2262,悫,Char,20
4,2263,锇,Char,20
4,2264,锖,Char,20
4,2265,锘,Char,20
4,2266,蝾,Char,20
4,2267,糌,Char,20
4,2268,柙,Char,20
4,2269,滹,Char,20
4,2270,睚,Char,20
4,2271,辦,Char,20
4,2272,莨,Char,20
4,2273,尻,Char,20
4,2274,罨,Char,20
4,2275,锔,Char,20
4,2276,筲,Char,20
4,2277,妣,Char,20
4,2278,砘,Char,20
4,2279,谳,Char,20
4,2280,钽,Char,20
4,2281,鈤,Char,20
4,2282,脹,Char,20
4,2283,遺,Char,20
4,2284,鄹,Char,20
4,2285,菡,Char,20
4,2286,崦,Char,20
4,2287,狺,Char,20
4,2288,杌,Char,20
4,2289,秭,Char,20
4,2290,舯,Char,20
4,2291,豇,Char,20
4,2292,鲵,Char,20
4,2293,蘧,Char,20
4,2294,阚,Char,20
4,2295,悝,Char,20
4,2296,铌,Char,20
4,2297,預,Char,20
4,2298,缑,Char,20
4,2299,瑗,Char,20
4,2300,椹,Char,20
4,2301,旰,Char,20
4,2302,魆,Char,20
4,2303,蓍,Char,20
4,2304,蕹,Char,20
4,2305,岜,Char,20
4,2306,钐,Char,20
4,2307,锬,Char,20
4,2308,镪,Char,20
4,2309,绡,Char,20
4,2310,檎,Char,20
4,2311,穀,Char,20
4,2312,茕,Char,20
4,2313,話,Char,20
4,2314,縮,Char,20
4,2315,顧,Char,20
4,2316,荈,Char,20
4,2317,侉,Char,20
4,2318,渫,Char,20
4,2319,辂,Char,20
4,2320,欷,Char,20
4,2321,轾,Char,20
4,2322,麴,Char,20
4,2323,戢,Char,20
4,2324,趼,Char,20
4,2325,誤,Char,20
4,2326,芈,Char,20
4,2327,苈,Char,20
4,2328,缍,Char,20
4,2329,歃,Char,20
4,2330,燠,Char,20
4,2331,耜,Char,20
4,2332,顸,Char,20
4,2333,蚵,Char,20
4,2334,哓,Char,20
4,2335,澌,Char,20
4,2336,郜,Char,20
4,2337,徼,Char,20
4,2338,籀,Char,20
4,2339,陬,Char,20
4,2340,蕤,Char,20
4,2341,叻,Char,20
4,2342,猞,Char,20
4,2343,洇,Char,20
4,2344,锎,Char,20
4,2345,舳,Char,20
4,2346,缋,Char,20
4,2347,镗,Char,20
4,2348,褙,Char,20
4,2349,耋,Char,20
4,2350,聬,Char,20
4,2351,鳡,Char,20
4,2352,鲌,Char,20
4,2353,鰽,Char,20
4,2354,筆,Char,20
4,2355,簡,Char,20
4,2356,計,Char,20
4,2357,語,Char,20
4,2358,謂,Char,20
4,2359,袴,Char,20
4,2360,巯,Char,20
4,2361,吖,Char,20
4,2362,猁,Char,20
4,2363,桷,Char,20
4,2364,砼,Char,20
4,2365,锾,Char,20
4,2366,颟,Char,20
4,2367,跽,Char,20
4,2368,悛,Char,20
4,2369,桕,Char,20
4,2370,艨,Char,20
4,2371,颡,Char,20
4,2372,髹,Char,20
4,2373,桫,Char,20
4,2374,鬆,Char,20
4,2375,練,Char,20
4,2376,總,Char,20
4,2377,膽,Char,20
4,2378,貝,Char,20
4,2379,葸,Char,20
4,2380,屣,Char,20
4,2381,獒,Char,20
4,2382,瘌,Char,20
4,2383,佴,Char,20
4,2384,锫,Char,20
4,2385,隰,Char,20
4,2386,醌,Char,20
4,2387,萬,Char,20
4,2388,矯,Char,20
4,2389,鰕,Char,20
4,2390,岽,Char,20
4,2391,昃,Char,20
4,2392,螓,Char,20
4,2393,垧,Char,20
4,2394,廨,Char,20
4,2395,骺,Char,20
4,2396,黥,Char,20
4,2397,豳,Char,20
4,2398,議,Char,20
4,2399,絡,Char,20
4,2400,護,Char,20
4,2401,釋,Char,20
4,2402,隨,Char,20
4,2403,荑,Char,20
4,2404,莶,Char,20
4,2405,蓊,Char,20
4,2406,揎,Char,20
4,2407,娈,Char,20
4,2408,嫜,Char,20
4,2409,毽,Char,20
4,2410,砑,Char,20
4,2411,碶,Char,20
4,2412,剀,Char,20
4,2413,薷,Char,20
4,2414,怃,Char,20
4,2415,怿,Char,20
4,2416,骐,Char,20
4,2417,腧,Char,20
4,2418,霈,Char,20
4,2419,蝻,Char,20
4,2420,鵰,Char,20
4,2421,讀,Char,20
4,2422,墼,Char,20
4,2423,坩,Char,20
4,2424,甏,Char,20
4,2425,鹇,Char,20
4,2426,鹣,Char,20
4,2427,舴,Char,20
4,2428,鲭,Char,20
4,2429,傺,Char,20
4,2430,枘,Char,20
4,2431,秕,Char,20
4,2432,糨,Char,20
4,2433,忉,Char,20
4,2434,磲,Char,20
4,2435,顒,Char,20
4,2436,蟲,Char,20
4,2437,訓,Char,20
4,2438,侑,Char,20
4,2439,萁,Char,20
4,2440,葳,Char,20
4,2441,呙,Char,20
4,2442,鹋,Char,20
4,2443,貘,Char,20
4,2444,葶,Char,20
4,2445,枨,Char,20
4,2446,棹,Char,20
4,2447,纛,Char,20
4,2448,籤,Char,20
4,2449,規,Char,20
4,2450,資,Char,20
4,2451,嶷,Char,20
4,2452,妁,Char,20
4,2453,杩,Char,20
4,2454,鹛,Char,20
4,2455,羝,Char,20
4,2456,骖,Char,20
4,2457,祧,Char,20
4,2458,給,Char,20
4,2459,淠,Char,20
4,2460,畎,Char,20
4,2461,箨,Char,20
4,2462,鳐,Char,20
4,2463,識,Char,20
4,2464,遠,Char,20
4,2465,谿,Char,20
4,2466,剡,Char,20
4,2467,吲,Char,20
4,2468,嫫,Char,20
4,2469,戽,Char,20
4,2470,糗,Char,20
4,2471,鸮,Char,20
4,2472,蕰,Char,20
4,2473,坼,Char,20
4,2474,璺,Char,20
4,2475,栊,Char,20
4,2476,镝,Char,20
4,2477,疔,Char,20
4,2478,瘰,Char,20
4,2479,谮,Char,20
4,2480,辋,Char,20
4,2481,碥,Char,20
4,2482,豂,Char,20
4,2483,竅,Char,20
4,2484,讓,Char,20
4,2485,黒,Char,20
4,2486,劂,Char,20
4,2487,潋,Char,20
4,2488,孓,Char,20
4,2489,螋,Char,20
4,2490,鲳,Char,20
4,2491,铙,Char,20
4,2492,塄,Char,20
4,2493,萆,Char,20
4,2494,碲,Char,20
4,2495,粋,Char,20
4,2496,纻,Char,20
4,2497,沭,Char,20
4,2498,祏,Char,20
4,2499,電,Char,20
4,2500,鱲,Char,20
4,2501,頻,Char,20
4,2502,設,Char,20
4,2503,試,Char,20
4,2504,項,Char,20
4,2505,鄩,Char,20
4,2506,鱖,Char,20
4,2507,鱧,Char,20
4,2508,怍,Char,20
4,2509,糍,Char,20
4,2510,鸻,Char,20
4,2511,仵,Char,20
4,2512,柰,Char,20
4,2513,棼,Char,20
4,2514,氇,Char,20
4,2515,氆,Char,20
4,2516,烀,Char,20
4,2517,镔,Char,20
4,2518,珉,Char,20
4,2519,鞬,Char,20
4,2520,範,Char,20
4,2521,膠,Char,20
4,2522,眾,Char,20
4,2523,鶇,Char,20
4,2524,囝,Char,20
4,2525,犴,Char,20
4,2526,镠,Char,20
4,2527,觇,Char,20
4,2528,钆,Char,20
4,2529,蚺,Char,20
4,2530,蝓,Char,20
4,2531,趑,Char,20
4,2532,貔,Char,20
4,2533,躞,Char,20
4,2534,氽,Char,20
4,2535,绂,Char,20
4,2536,栲,Char,20
4,2537,鹎,Char,20
4,2538,襻,Char,20
4,2539,蓚,Char,20
4,2540,貪,Char,20
4,2541,祓,Char,20
4,2542,繼,Char,20
4,2543,脫,Char,20
4,2544,郿,Char,20
4,2545,骝,Char,20
4,2546,檫,Char,20
4,2547,砟,Char,20
4,2548,蝰,Char,20
4,2549,猱,Char,20
4,2550,缵,Char,20
4,2551,沔,Char,20
4,2552,彖,Char,20
4,2553,黻,Char,20
4,2554,眢,Char,20
4,2555,車,Char,20
4,2556,陳,Char,20
4,2557,雜,Char,20
4,2558,驚,Char,20
4,2559,龍,Char,20
4,2560,鮠,Char,20
4,2561,茛,Char,20
4,2562,蕈,Char,20
4,2563,骀,Char,20
4,2564,樨,Char,20
4,2565,昝,Char,20
4,2566,餂,Char,20
4,2567,镎,Char,20
4,2568,酡,Char,20
4,2569,鳜,Char,20
4,2570,觋,Char,20
4,2571,礅,Char,20
4,2572,垆,Char,20
4,2573,坻,Char,20
4,2574,荇,Char,20
4,2575,扃,Char,20
4,2576,磻,Char,20
4,2577,郗,Char,20
4,2578,阇,Char,20
4,2579,腈,Char,20
4,2580,铈,Char,20
4,2581,臥,Char,20
4,2582,顱,Char,20
4,2583,級,Char,20
4,2584,階,Char,20
4,2585,顟,Char,20
4,2586,衖,Char,20
4,2587,珙,Char,20
4,2588,襞,Char,20
4,2589,劁,Char,20
4,2590,隈,Char,20
4,2591,胬,Char,20
4,2592,纮,Char,20
4,2593,翙,Char,20
4,2594,茀,Char,20
4,2595,荜,Char,20
4,2596,溱,Char,20
4,2597,酤,Char,20
4,2598,腳,Char,20
4,2599,記,Char,20
4,2600,許,Char,20
4,2601,錯,Char,20
4,2602,鱇,Char,20
4,2603,圯,Char,20
4,2604,柽,Char,20
4,2605,瞀,Char,20
4,2606,铖,Char,20
4,2607,粞,Char,20
4,2608,撙,Char,20
4,2609,铊,Char,20
4,2610,圹,Char,20
4,2611,菝,Char,20
4,2612,迴,Char,20
4,2613,岙,Char,20
4,2614,漶,Char,20
4,2615,缏,Char,20
4,2616,貊,Char,20
4,2617,粫,Char,20
4,2618,徂,Char,20
4,2619,洎,Char,20
4,2620,礌,Char,20
4,2621,膿,Char,20
4,2622,葉,Char,20
4,2623,險,Char,20
4,2624,雙,Char,20
4,2625,餘,Char,20
4,2626,邠,Char,20
4,2627,邽,Char,20
4,2628,溽,Char,20
4,2629,棰,Char,20
4,2630,舭,Char,20
4,2631,艋,Char,20
4,2632,靜,Char,20
4,2633,聱,Char,20
4,2634,尢,Char,20
4,2635,藚,Char,20
4,2636,佾,Char,20
4,2637,蕻,Char,20
4,2638,狁,Char,20
4,2639,绁,Char,20
4,2640,牾,Char,20
4,2641,慝,Char,20
4,2642,蜱,Char,20
4,2643,鬘,Char,20
4,2644,膚,Char,20
4,2645,虧,Char,20
4,2646,邊,Char,20
4,2647,髮,Char,20
4,2648,埚,Char,20
4,2649,堙,Char,20
4,2650,菥,Char,20
4,2651,萏,Char,20
4,2652,玟,Char,20
4,2653,椟,Char,20
4,2654,铗,Char,20
4,2655,颙,Char,20
4,2656,踬,Char,20
4,2657,筚,Char,20
4,2658,矻,Char,20
4,2659,搠,Char,20
4,2660,圉,Char,20
4,2661,浍,Char,20
4,2662,閱,Char,20
4,2663,蛸,Char,20
4,2664,礎,Char,20
4,2665,討,Char,20
4,2666,鎮,Char,20
4,2667,鮊,Char,20
4,2668,芘,Char,20
4,2669,萜,Char,20
4,2670,鄗,Char,20
4,2671,惝,Char,20
4,2672,毵,Char,20
4,2673,鲽,Char,20
4,2674,酞,Char,20
4,2675,絕,Char,20
4,2676,哚,Char,20
4,2677,溷,Char,20
4,2678,缞,Char,20
4,2679,踰,Char,20
4,2680,搦,Char,20
4,2681,帻,Char,20
4,2682,铦,Char,20
4,2683,鲴,Char,20
4,2684,髫,Char,20
4,2685,盡,Char,20
4,2686,蓋,Char,20
4,2687,製,Char,20
4,2688,載,Char,20
4,2689,週,Char,20
4,2690,陸,Char,20
4,2691,醡,Char,20
4,2692,儇,Char,20
4,2693,狴,Char,20
4,2694,迮,Char,20
4,2695,鍬,Char,20
4,2696,趱,Char,20
4,2697,椠,Char,20
4,2698,赟,Char,20
4,2699,陔,Char,20
4,2700,坌,Char,20
4,2701,悃,Char,20
4,2702,塍,Char,20
4,2703,疬,Char,20
4,2704,麈,Char,20
4,2705,絜,Char,20
4,2706,脩,Char,20
4,2707,赒,Char,20
4,2708,埒,Char,20
4,2709,镡,Char,20
4,2710,镨,Char,20
4,2711,骎,Char,20
4,2712,骙,Char,20
4,2713,薑,Char,20
4,2714,鼩,Char,20
4,2715,雰,Char,20
4,2716,穩,Char,20
4,2717,藴,Char,20
4,2718,責,Char,20
4,2719,鮮,Char,20
4,2720,鳑,Char,20
4,2721,豨,Char,20
4,2722,琚,Char,20
4,2723,觫,Char,20
4,2724,鲦,Char,20
4,2725,刳,Char,20
4,2726,拶,Char,20
4,2727,掊,Char,20
4,2728,泐,Char,20
4,2729,瘗,Char,20
4,2730,雩,Char,20
4,2731,麿,Char,20
4,2732,檗,Char,20
4,2733,鼂,Char,20
4,2734,詳,Char,20
4,2735,際,Char,20
4,2736,褔,Char,20
4,2737,铟,Char,20
4,2738,聽,Char,20
4,2739,觸,Char,20
4,2740,靈,Char,20
4,2741,鲏,Char,20
4,2742,蒗,Char,20
4,2743,魟,Char,20
4,2744,遹,Char,20
4,2745,攴,Char,20
4,2746,蝥,Char,20
4,2747,茆,Char,20
4,2748,蓁,Char,20
4,2749,嚆,Char,20
4,2750,忮,Char,20
4,2751,篌,Char,20
4,2752,菧,Char,20
4,2753,卺,Char,20
4,2754,郫,Char,20
4,2755,篠,Char,20
4,2756,複,Char,20
4,2757,該,Char,20
4,2758,貴,Char,20
4,2759,辯,Char,20
4,2760,飛,Char,20
4,2761,犰,Char,20
4,2762,狳,Char,20
4,2763,陠,Char,20
4,2764,蹁,Char,20
4,2765,蓐,Char,20
4,2766,稜,Char,20
4,2767,菃,Char,20
4,2768,埝,Char,20
4,2769,蕞,Char,20
4,2770,喈,Char,20
4,2771,戋,Char,20
4,2772,赙,Char,20
4,2773,磉,Char,20
4,2774,郤,Char,20
4,2775,聍,Char,20
4,2776,铷,Char,20
4,2777,硏,Char,20
4,2778,腘,Char,20
4,2779,興,Char,20
4,2780,雞,Char,20
4,2781,鬱,Char,20
4,2782,鳴,Char,20
4,2783,麥,Char,20
4,2784,鮟,Char,20
4,2785,鳈,Char,20
4,2786,秾,Char,20
4,2787,邗,Char,20
4,2788,釐,Char,20
4,2789,矧,Char,20
4,2790,舁,Char,20
4,2791,貅,Char,20
4,2792,瞇,Char,20
4,2793,骢,Char,20
4,2794,阼,Char,20
4,2795,垸,Char,20
4,2796,墁,Char,20
4,2797,攮,Char,20
4,2798,柝,Char,20
4,2799,梃,Char,20
4,2800,眚,Char,20
4,2801,箜,Char,20
4,2802,簏,Char,20
4,2803,綮,Char,20
4,2804,鲩,Char,20
4,2805,諡,Char,20
4,2806,茇,Char,20
4,2807,摅,Char,20
4,2808,顐,Char,20
4,2809,蜾,Char,20
4,2810,龂,Char,20
4,2811,,Char,20
4,2812,臍,Char,20
4,2813,膩,Char,20
4,2814,諸,Char,20
4,2815,讉,Char,20
4,2816,鎯,Char,20
4,2817,脒,Char,20
4,2818,箬,Char,20
4,2819,鲻,Char,20
4,2820,埸,Char,20
4,2821,颃,Char,20
4,2822,蒹,Char,20
4,2823,瞍,Char,20
4,2824,铫,Char,20
4,2825,蒐,Char,20
4,2826,蹻,Char,20
4,2827,幞,Char,20
4,2828,阯,Char,20
4,2829,觏,Char,20
4,2830,媵,Char,20
4,2831,钬,Char,20
4,2832,襦,Char,20
4,2833,簋,Char,20
4,2834,翮,Char,20
4,2835,蹯,Char,20
4,2836,艖,Char,20
4,2837,貓,Char,20
4,2838,鐮,Char,20
4,2839,負,Char,20
4,2840,順,Char,20
4,2841,鲿,Char,20
4,2842,緊,Char,20
4,2843,蹠,Char,20
4,2844,攉,Char,20
4,2845,禊,Char,20
4,2846,箐,Char,20
4,2847,镟,Char,20
4,2848,癍,Char,20
4,2849,霪,Char,20
4,2850,袪,Char,20
4,2851,劓,Char,20
4,2852,殂,Char,20
4,2853,脞,Char,20
4,2854,霨,Char,20
4,2855,饾,Char,20
4,2856,耵,Char,20
4,2857,泺,Char,20
4,2858,埤,Char,20
4,2859,碁,Char,20
4,2860,鲐,Char,20
4,2861,鷟,Char,20
4,2862,膬,Char,20
4,2863,茲,Char,20
4,2864,粯,Char,20
4,2865,糞,Char,20
4,2866,聲,Char,20
4,2867,貼,Char,20
4,2868,陴,Char,20
4,2869,橼,Char,20
4,2870,驩,Char,20
4,2871,唣,Char,20
4,2872,蜩,Char,20
4,2873,埯,Char,20
4,2874,蓥,Char,20
4,2875,袝,Char,20
4,2876,谞,Char,20
4,2877,馘,Char,20
4,2878,谫,Char,20
4,2879,輶,Char,20
4,2880,廑,Char,20
4,2881,瘐,Char,20
4,2882,躐,Char,20
4,2883,黟,Char,20
4,2884,纔,Char,20
4,2885,礙,Char,20
4,2886,膯,Char,20
4,2887,華,Char,20
4,2888,藭,Char,20
4,2889,禆,Char,20
4,2890,號,Char,20
4,2891,談,Char,20
4,2892,費,Char,20
4,2893,顏,Char,20
4,2894,飯,Char,20
4,2895,稓,Char,20
4,2896,縠,Char,20
4,2897,揠,Char,20
4,2898,绐,Char,20
4,2899,鸰,Char,20
4,2900,搛,Char,20
4,2901,黹,Char,20
4,2902,恧,Char,20
4,2903,粎,Char,20
4,2904,柒,Char,20
4,2905,裒,Char,20
4,2906,栳,Char,20
4,2907,钸,Char,20
4,2908,饸,Char,20
4,2909,譞,Char,20
4,2910,販,Char,20
4,2911,铕,Char,20
4,2912,絷,Char,20
4,2913,蒨,Char,20
4,2914,蓣,Char,20
4,2915,迻,Char,20
4,2916,釆,Char,20
4,2917,鲕,Char,20
4,2918,頗,Char,20
4,2919,鍏,Char,20
4,2920,鷉,Char,20
4,2921,郄,Char,20
4,2922,埘,Char,20
4,2923,薤,Char,20
4,2924,鲞,Char,20
4,2925,鼯,Char,20
4,2926,坭,Char,20
4,2927,蔌,Char,20
4,2928,缳,Char,20
4,2929,靦,Char,20
4,2930,筸,Char,20
4,2931,蘋,Char,20
4,2932,夼,Char,20
4,2933,椐,Char,20
4,2934,轹,Char,20
4,2935,脬,Char,20
4,2936,眍,Char,20
4,2937,饹,Char,20
4,2938,瘥,Char,20
4,2939,瘵,Char,20
4,2940,蝦,Char,20
4,2941,誌,Char,20
4,2942,邴,Char,20
4,2943,鉁,Char,20
4,2944,鞮,Char,20
4,2945,舄,Char,20
4,2946,麄,Char,20
4,2947,翛,Char,20
4,2948,覩,Char,20
4,2949,纩,Char,20
4,2950,蓮,Char,20
4,2951,唛,Char,20
4,2952,袓,Char,20
4,2953,祂,Char,20
4,2954,轎,Char,20
4,2955,紀,Char,20
4,2956,纖,Char,20
4,2957,輔,Char,20
4,2958,鉀,Char,20
4,2959,領,Char,20
4,2960,螵,Char,20
4,2961,鸊,Char,20
4,2962,鮡,Char,20
4,2963,禛,Char,20
4,2964,袆,Char,20
4,2965,謴,Char,20
4,2966,邾,Char,20
4,2967,鮣,Char,20
4,2968,酲,Char,20
4,2969,龁,Char,20
4,2970,汔,Char,20
4,2971,眄,Char,20
4,2972,眊,Char,20
4,2973,鬲,Char,20
4,2974,阨,Char,20
4,2975,靸,Char,20
4,2976,臉,Char,20
4,2977,贇,Char,20
4,2978,酺,Char,20
4,2979,狃,Char,20
4,2980,轺,Char,20
4,2981,霅,Char,20
4,2982,鬂,Char,20
4,2983,鼷,Char,20
4,2984,蠃,Char,20
4,2985,埴,Char,20
4,2986,鴥,Char,20
4,2987,隊,Char,20
4,2988,髆,Char,20
4,2989,綱,Char,20
4,2990,膮,Char,20
4,2991,謹,Char,20
4,2992,铪,Char,20
4,2993,鹼,Char,20
4,2994,簳,Char,20
4,2995,終,Char,20
4,2996,綜,Char,20
4,2997,裝,Char,20
4,2998,訉,Char,20
4,2999,銀,Char,20
4,3000,鲉,Char,20
4,3001,蕿,Char,20
4,3002,袊,Char,20
4,3003,汆,Char,20
4,3004,硃,Char,20
4,3005,仝,Char,20
4,3006,趽,Char,20
4,3007,堍,Char,20
4,3008,揸,Char,20
4,3009,忭,Char,20
4,3010,銧,Char,20
4,3011,妤,Char,20
4,3012,頫,Char,20
4,3013,緡,Char,20
4,3014,讟,Char,20
4,3015,龠,Char,20
4,3016,垤,Char,20
4,3017,擐,Char,20
4,3018,噍,Char,20
4,3019,洫,Char,20
4,3020,滏,Char,20
4,3021,璁,Char,20
4,3022,癃,Char,20
4,3023,邡,Char,20
4,3024,絁,Char,20
4,3025,鍩,Char,20
4,3026,趨,Char,20
4,3027,蒽,Char,20
4,3028,絲,Char,20
4,3029,膫,Char,20
4,3030,臅,Char,20
4,3031,茖,Char,20
4,3032,蘇,Char,20
4,3033,詞,Char,20
4,3034,詾,Char,20
4,3035,贆,Char,20
4,3036,蹨,Char,20
4,3037,農,Char,20
4,3038,錄,Char,20
4,3039,鐘,Char,20
4,3040,鰜,Char,20
4,3041,鹽,Char,20
4,3042,赕,Char,20
4,3043,鯔,Char,20
4,3044,鯮,Char,20
4,3045,蔯,Char,20
4,3046,貙,Char,20
4,3047,餬,Char,20
4,3048,躜,Char,20
4,3049,鳀,Char,20
4,3050,鹡,Char,20
4,3051,,Char,20
4,3052,蠋,Char,20
4,3053,钲,Char,20
4,3054,蜁,Char,20
4,3055,兕,Char,20
4,3056,阽,Char,20
4,3057,鎰,Char,20
4,3058,绋,Char,20
4,3059,铓,Char,20
4,3060,爝,Char,20
4,3061,磾,Char,20
4,3062,葷,Char,20
4,3063,螘,Char,20
4,3064,仂,Char,20
4,3065,雲,Char,20
4,3066,顗,Char,20
4,3067,蟫,Char,20
4,3068,蕺,Char,20
4,3069,骃,Char,20
4,3070,蔀,Char,20
4,3071,诪,Char,20
4,3072,猹,Char,20
4,3073,鋬,Char,20
4,3074,盤,Char,20
4,3075,齾,Char,20
4,3076,埕,Char,20
4,3077,聞,Char,20
4,3078,舉,Char,20
4,3079,虡,Char,20
4,3080,評,Char,20
4,3081,鍋,Char,20
4,3082,陣,Char,20
4,3083,紬,Char,20
4,3084,訢,Char,20
4,3085,蔎,Char,20
4,3086,繸,Char,20
4,3087,绖,Char,20
4,3088,埭,Char,20
4,3089,駮,Char,20
4,3090,鰡,Char,20
4,3091,鵳,Char,20
4,3092,柁,Char,20
4,3093,筴,Char,20
4,3094,珧,Char,20
4,3095,贳,Char,20
4,3096,贶,Char,20
4,3097,腩,Char,20
4,3098,臌,Char,20
4,3099,礓,Char,20
4,3100,袛,Char,20
4,3101,貐,Char,20
4,3102,蹐,Char,20
4,3103,圬,Char,20
4,3104,堠,Char,20
4,3105,屦,Char,20
4,3106,驵,Char,20
4,3107,鑑,Char,20
4,3108,桄,Char,20
4,3109,霑,Char,20
4,3110,憝,Char,20
4,3111,瘳,Char,20
4,3112,騃,Char,20
4,3113,茌,Char,20
4,3114,辀,Char,20
4,3115,胠,Char,20
4,3116,埏,Char,20
4,3117,腠,Char,20
4,3118,靰,Char,20
4,3119,鞡,Char,20
4,3120,缻,Char,20
4,3121,輳,Char,20
4,3122,闆,Char,20
4,3123,铼,Char,20
4,3124,紤,Char,20
4,3125,翹,Char,20
4,3126,聯,Char,20
4,3127,詢,Char,20
4,3128,課,Char,20
4,3129,豐,Char,20
4,3130,賴,Char,20
4,3131,輸,Char,20
4,3132,遲,Char,20
4,3133,鐣,Char,20
4,3134,齡,Char,20
4,3135,莤,Char,20
4,3136,鱯,Char,20
4,3137,缽,Char,20
4,3138,邲,Char,20
4,3139,唼,Char,20
4,3140,鐻,Char,20
4,3141,閟,Char,20
4,3142,駚,Char,20
4,3143,篥,Char,20
4,3144,茈,Char,20
4,3145,肏,Char,20
4,3146,萩,Char,20
4,3147,跐,Char,20
4,3148,蹅,Char,20
4,3149,瞢,Char,20
4,3150,罽,Char,20
4,3151,聭,Char,20
4,3152,辻,Char,20
4,3153,铚,Char,20
4,3154,箦,Char,20
4,3155,踣,Char,20
4,3156,菑,Char,20
4,3157,蹟,Char,20
4,3158,捃,Char,20
4,3159,瘕,Char,20
4,3160,睺,Char,20
4,3161,閒,Char,20
4,3162,鈦,Char,20
4,3163,顩,Char,20
4,3164,鳓,Char,20
4,3165,闇,Char,20
4,3166,鹹,Char,20
4,3167,,Char,20
4,3168,禍,Char,20
4,3169,窩,Char,20
4,3170,純,Char,20
4,3171,縱,Char,20
4,3172,聖,Char,20
4,3173,聛,Char,20
4,3174,脮,Char,20
4,3175,衝,Char,20
4,3176,訊,Char,20
4,3177,馬,Char,20
4,3178,諹,Char,20
4,3179,誖,Char,20
4,3180,蕅,Char,20
4,3181,鰨,Char,20
4,3182,睒,Char,20
4,3183,笰,Char,20
4,3184,籥,Char,20
4,3185,翧,Char,20
4,3186,镩,Char,20
4,3187,耧,Char,20
4,3188,蜞,Char,20
4,3189,舡,Char,20
4,3190,鰲,Char,20
4,3191,鹀,Char,20
4,3192,,Char,20
4,3193,罣,Char,20
4,3194,觍,Char,20
4,3195,絽,Char,20
4,3196,羶,Char,20
4,3197,臜,Char,20
4,3198,薙,Char,20
4,3199,觔,Char,20
4,3200,躼,Char,20
4,3201,岈,Char,20
4,3202,潲,Char,20
4,3203,枧,Char,20
4,3204,觌,Char,20
4,3205,膦,Char,20
4,3206,礞,Char,20
4,3207,蝤,Char,20
4,3208,螗,Char,20
4,3209,酹,Char,20
4,3210,醅,Char,20
4,3211,絅,Char,20
4,3212,纁,Char,20
4,3213,葰,Char,20
4,3214,郇,Char,20
4,3215,躄,Char,20
4,3216,茼,Char,20
4,3217,洧,Char,20
4,3218,滠,Char,20
4,3219,澉,Char,20
4,3220,鎭,Char,20
4,3221,铏,Char,20
4,3222,閤,Char,20
4,3223,赆,Char,20
4,3224,赇,Char,20
4,3225,顣,Char,20
4,3226,骕,Char,20
4,3227,飑,Char,20
4,3228,訄,Char,20
4,3229,輓,Char,20
4,3230,鉤,Char,20
4,3231,鋹,Char,20
4,3232,钘,Char,20
4,3233,陁,Char,20
4,3234,耱,Char,20
4,3235,繫,Char,20
4,3236,鋵,Char,20
4,3237,鱵,Char,20
4,3238,黨,Char,20
4,3239,禿,Char,20
4,3240,貧,Char,20
4,3241,買,Char,20
4,3242,賈,Char,20
4,3243,榀,Char,20
4,3244,緣,Char,20
4,3245,膶,Char,20
4,3246,茐,Char,20
4,3247,螝,Char,20
4,3248,訙,Char,20
4,3249,誘,Char,20
4,3250,賦,Char,20
4,3251,贅,Char,20
4,3252,鄬,Char,20
4,3253,釤,Char,20
4,3254,鍵,Char,20
4,3255,閮,Char,20
4,3256,隻,Char,20
4,3257,飽,Char,20
4,3258,齒,Char,20
4,3259,鯆,Char,20
4,3260,逿,Char,20
4,3261,鮀,Char,20
4,3262,鯝,Char,20
4,3263,鰁,Char,20
4,3264,鱤,Char,20
4,3265,郕,Char,20
4,3266,镴,Char,20
4,3267,韻,Char,20
4,3268,鮄,Char,20
4,3269,鲙,Char,20
4,3270,鳁,Char,20
4,3271,齁,Char,20
4,3272,舖,Char,20
4,3273,膹,Char,20
4,3274,袣,Char,20
4,3275,謿,Char,20
4,3276,陧,Char,20
4,3277,坜,Char,20
4,3278,坫,Char,20
4,3279,甍,Char,20
4,3280,绠,Char,20
4,3281,恝,Char,20
4,3282,飗,Char,20
4,3283,镙,Char,20
4,3284,镱,Char,20
4,3285,騾,Char,20
4,3286,魋,Char,20
4,3287,硱,Char,20
4,3288,祫,Char,20
4,3289,筍,Char,20
4,3290,箖,Char,20
4,3291,袧,Char,20
4,3292,迯,Char,20
4,3293,郙,Char,20
4,3294,酖,Char,20
4,3295,遘,Char,20
4,3296,阘,Char,20
4,3297,眭,Char,20
4,3298,餗,Char,20
4,3299,耖,Char,20
4,3300,鯒,Char,20
4,3301,邶,Char,20
4,3302,絼,Char,20
4,3303,颥,Char,20
4,3304,篚,Char,20
4,3305,鳘,Char,20
4,3306,,Char,20
4,3307,虒,Char,20
4,3308,裈,Char,20
4,3309,遆,Char,20
4,3310,麑,Char,20
4,3311,粚,Char,20
4,3312,託,Char,20
4,3313,鄚,Char,20
4,3314,軌,Char,20
4,3315,饋,Char,20
4,3316,銳,Char,20
4,3317,粌,Char,20
4,3318,紙,Char,20
4,3319,職,Char,20
4,3320,臏,Char,20
4,3321,莖,Char,20
4,3322,葌,Char,20
4,3323,豬,Char,20
4,3324,貏,Char,20
4,3325,違,Char,20
4,3326,鄉,Char,20
4,3327,闅,Char,20
4,3328,闊,Char,20
4,3329,頂,Char,20
4,3330,飢,Char,20
4,3331,驅,Char,20
4,3332,魚,Char,20
4,3333,鳉,Char,20
4,3334,鴱,Char,20
4,3335,鶎,Char,20
4,3336,黴,Char,20
4,3337,祼,Char,20
4,3338,鬛,Char,20
4,3339,镈,Char,20
4,3340,瞓,Char,20
4,3341,罶,Char,20
4,3342,羑,Char,20
4,3343,黉,Char,20
4,3344,霚,Char,20
4,3345,笹,Char,20
4,3346,郐,Char,20
4,3347,溻,Char,20
4,3348,骯,Char,20
4,3349,礡,Char,20
4,3350,袉,Char,20
4,3351,訚,Char,20
4,3352,谉,Char,20
4,3353,莛,Char,20
4,3354,哕,Char,20
4,3355,滗,Char,20
4,3356,瀹,Char,20
4,3357,鏰,Char,20
4,3358,稃,Char,20
4,3359,眰,Char,20
4,3360,眳,Char,20
4,3361,矞,Char,20
4,3362,硚,Char,20
4,3363,禋,Char,20
4,3364,翀,Char,20
4,3365,苾,Char,20
4,3366,襕,Char,20
4,3367,趥,Char,20
4,3368,茺,Char,20
4,3369,軿,Char,20
4,3370,逌,Char,20
4,3371,唪,Char,20
4,3372,庳,Char,20
4,3373,殪,Char,20
4,3374,隃,Char,20
4,3375,糈,Char,20
4,3376,鲄,Char,20
4,3377,龜,Char,20
4,3378,碕,Char,20
4,3379,鲣,Char,20
4,3380,綎,Char,20
4,3381,栝,Char,20
4,3382,轵,Char,20
4,3383,雔,Char,20
4,3384,頠,Char,20
4,3385,穈,Char,20
4,3386,翃,Char,20
4,3387,膭,Char,20
4,3388,衒,Char,20
4,3389,盇,Char,20
4,3390,礦,Char,20
4,3391,譢,Char,20
4,3392,鳰,Char,20
4,3393,遞,Char,20
4,3394,鴫,Char,20
4,3395,笟,Char,20
4,3396,莾,Char,20
4,3397,蒼,Char,20
4,3398,蟬,Char,20
4,3399,袑,Char,20
4,3400,訒,Char,20
4,3401,講,Char,20
4,3402,讝,Char,20
4,3403,購,Char,20
4,3404,趕,Char,20
4,3405,鈧,Char,20
4,3406,鈩,Char,20
4,3407,閃,Char,20
4,3408,閷,Char,20
4,3409,頉,Char,20
4,3410,髤,Char,20
4,3411,龤,Char,20
4,3412,薿,Char,20
4,3413,鱥,Char,20
4,3414,觝,Char,20
4,3415,鮻,Char,20
4,3416,鳤,Char,20
4,3417,穉,Char,20
4,3418,觱,Char,20
4,3419,轘,Char,20
4,3420,鐓,Char,20
4,3421,筘,Char,20
4,3422,鲝,Char,20
4,3423,睏,Char,20
4,3424,蔸,Char,20
4,3425,镚,Char,20
4,3426,痦,Char,20
4,3427,秵,Char,20
4,3428,臎,Char,20
4,3429,葴,Char,20
4,3430,蝟,Char,20
4,3431,訂,Char,20
4,3432,泖,Char,20
4,3433,骟,Char,20
4,3434,锽,Char,20
4,3435,犋,Char,20
4,3436,眵,Char,20
4,3437,耩,Char,20
4,3438,筢,Char,20
4,3439,躔,Char,20
4,3440,鬏,Char,20
4,3441,黪,Char,20
4,3442,,Char,20
4,3443,祔,Char,20
4,3444,箠,Char,20
4,3445,舲,Char,20
4,3446,蒷,Char,20
4,3447,蜺,Char,20
4,3448,襢,Char,20
4,3449,謺,Char,20
4,3450,劐,Char,20
4,3451,貯,Char,20
4,3452,搋,Char,20
4,3453,醊,Char,20
4,3454,廒,Char,20
4,3455,洚,Char,20
4,3456,胲,Char,20
4,3457,韥,Char,20
4,3458,饘,Char,20
4,3459,馂,Char,20
4,3460,筅,Char,20
4,3461,鳆,Char,20
4,3462,鲊,Char,20
4,3463,麗,Char,20
4,3464,篸,Char,20
4,3465,腄,Char,20
4,3466,臑,Char,20
4,3467,诐,Char,20
4,3468,仳,Char,20
4,3469,趩,Char,20
4,3470,篩,Char,20
4,3471,簾,Char,20
4,3472,絪,Char,20
4,3473,绹,Char,20
4,3474,膵,Char,20
4,3475,蕗,Char,20
4,3476,蝘,Char,20
4,3477,袠,Char,20
4,3478,賸,Char,20
4,3479,葙,Char,20
4,3480,遊,Char,20
4,3481,饑,Char,20
4,3482,驀,Char,20
4,3483,祪,Char,20
4,3484,禘,Char,20
4,3485,臺,Char,20
4,3486,菍,Char,20
4,3487,髒,Char,20
4,3488,軸,Char,20
4,3489,釘,Char,20
4,3490,頃,Char,20
4,3491,仉,Char,20
4,3492,氕,Char,20
4,3493,矔,Char,20
4,3494,緒,Char,20
4,3495,脅,Char,20
4,3496,臒,Char,20
4,3497,苿,Char,20
4,3498,菢,Char,20
4,3499,蔂,Char,20
4,3500,藞,Char,20
4,3501,袩,Char,20
4,3502,貞,Char,20
4,3503,賣,Char,20
4,3504,跍,Char,20
4,3505,跓,Char,20
4,3506,蹤,Char,20
4,3507,軍,Char,20
4,3508,邿,Char,20
4,3509,鄰,Char,20
4,3510,醿,Char,20
4,3511,鈨,Char,20
4,3512,鋼,Char,20
4,3513,駵,Char,20
4,3514,駸,Char,20
4,3515,鰪,Char,20
4,3516,鱾,Char,20
4,3517,,Char,20
4,3518,賨,Char,20
4,3519,艞,Char,20
4,3520,鹟,Char,20
4,3521,钁,Char,20
4,3522,鞓,Char,20
4,3523,鰉,Char,20
4,3524,監,Char,20
4,3525,穊,Char,20
4,3526,蕡,Char,20
4,3527,鑨,Char,20
4,3528,楱,Char,20
4,3529,靹,Char,20
4,3530,鷃,Char,20
4,3531,鼱,Char,20
4,3532,眫,Char,20
4,3533,艆,Char,20
4,3534,褯,Char,20
4,3535,剞,Char,20
4,3536,蔟,Char,20
4,3537,靿,Char,20
4,3538,飭,Char,20
4,3539,瘼,Char,20
4,3540,酴,Char,20
4,3541,鼢,Char,20
4,3542,睆,Char,20
4,3543,硁,Char,20
4,3544,秬,Char,20
4,3545,穪,Char,20
4,3546,筦,Char,20
4,3547,粡,Char,20
4,3548,粣,Char,20
4,3549,綖,Char,20
4,3550,裏,Char,20
4,3551,刭,Char,20
4,3552,跼,Char,20
4,3553,蒇,Char,20
4,3554,挢,Char,20
4,3555,邆,Char,20
4,3556,彡,Char,20
4,3557,猃,Char,20
4,3558,闉,Char,20
4,3559,阓,Char,20
4,3560,阛,Char,20
4,3561,靺,Char,20
4,3562,鞨,Char,20
4,3563,铥,Char,20
4,3564,瘅,Char,20
4,3565,駰,Char,20
4,3566,騻,Char,20
4,3567,箅,Char,20
4,3568,箢,Char,20
4,3569,觖,Char,20
4,3570,麆,Char,20
4,3571,齮,Char,20
4,3572,糀,Char,20
4,3573,虯,Char,20
4,3574,瘊,Char,20
4,3575,絛,Char,20
4,3576,聴,Char,20
4,3577,蘭,Char,20
4,3578,讬,Char,20
4,3579,揲,Char,20
4,3580,镮,Char,20
4,3581,钷,Char,20
4,3582,睪,Char,20
4,3583,砲,Char,20
4,3584,稅,Char,20
4,3585,翫,Char,20
4,3586,荅,Char,20
4,3587,菉,Char,20
4,3588,袚,Char,20
4,3589,褋,Char,20
4,3590,贠,Char,20
4,3591,跡,Char,20
4,3592,踦,Char,20
4,3593,遯,Char,20
4,3594,鉅,Char,20
4,3595,鎌,Char,20
4,3596,靉,Char,20
4,3597,韲,Char,20
4,3598,餖,Char,20
4,3599,鶺,Char,20
4,3600,麕,Char,20
4,3601,瞼,Char,20
4,3602,菵,Char,20
4,3603,蟭,Char,20
4,3604,錏,Char,20
4,3605,踐,Char,20
4,3606,輾,Char,20
4,3607,銷,Char,20
4,3608,閣,Char,20
4,3609,頁,Char,20
4,3610,驟,Char,20
4,3611,碼,Char,20
4,3612,禎,Char,20
4,3613,禦,Char,20
4,3614,稖,Char,20
4,3615,稟,Char,20
4,3616,竇,Char,20
4,3617,笇,Char,20
4,3618,篂,Char,20
4,3619,緛,Char,20
4,3620,編,Char,20
4,3621,縿,Char,20
4,3622,舊,Char,20
4,3623,蓴,Char,20
4,3624,蕚,Char,20
4,3625,蘆,Char,20
4,3626,蝿,Char,20
4,3627,袃,Char,20
4,3628,親,Char,20
4,3629,訴,Char,20
4,3630,讕,Char,20
4,3631,讚,Char,20
4,3632,財,Char,20
4,3633,贏,Char,20
4,3634,軅,Char,20
4,3635,軓,Char,20
4,3636,釙,Char,20
4,3637,鉄,Char,20
4,3638,錆,Char,20
4,3639,閶,Char,20
4,3640,鯕,Char,20
4,3641,鶕,Char,20
4,3642,麨,Char,20
4,3643,,Char,20
4,3644,,Char,20
4,3645,脭,Char,20
4,3646,鲯,Char,20
4,3647,鐏,Char,20
4,3648,魾,Char,20
4,3649,眎,Char,20
4,3650,睞,Char,20
4,3651,窋,Char,20
4,3652,籠,Char,20
4,3653,綠,Char,20
4,3654,縡,Char,20
4,3655,縫,Char,20
4,3656,肅,Char,20
4,3657,鉏,Char,20
4,3658,謦,Char,20
4,3659,麹,Char,20
4,3660,蔔,Char,20
4,3661,繐,Char,20
4,3662,眥,Char,20
4,3663,粺,Char,20
4,3664,缊,Char,20
4,3665,艈,Char,20
4,3666,蓇,Char,20
4,3667,蛣,Char,20
4,3668,蹾,Char,20
4,3669,掎,Char,20
4,3670,哜,Char,20
4,3671,鄦,Char,20
4,3672,陞,Char,20
4,3673,韰,Char,20
4,3674,飖,Char,20
4,3675,镲,Char,20
4,3676,麃,Char,20
4,3677,禑,Char,20
4,3678,筰,Char,20
4,3679,聠,Char,20
4,3680,茷,Char,20
4,3681,螀,Char,20
4,3682,袞,Char,20
4,3683,褧,Char,20
4,3684,賮,Char,20
4,3685,赗,Char,20
4,3686,踡,Char,20
4,3687,揞,Char,20
4,3688,遝,Char,20
4,3689,酂,Char,20
4,3690,酇,Char,20
4,3691,醜,Char,20
4,3692,檑,Char,20
4,3693,雮,Char,20
4,3694,氍,Char,20
4,3695,腙,Char,20
4,3696,飩,Char,20
4,3697,痖,Char,20
4,3698,髣,Char,20
4,3699,髳,Char,20
4,3700,酎,Char,20
4,3701,鲒,Char,20
4,3702,鲪,Char,20
4,3703,鹯,Char,20
4,3704,麜,Char,20
4,3705,齸,Char,20
4,3706,齻,Char,20
4,3707,粩,Char,20
4,3708,詣,Char,20
4,3709,隄,Char,20
4,3710,簰,Char,20
4,3711,蒾,Char,20
4,3712,蓏,Char,20
4,3713,薳,Char,20
4,3714,藛,Char,20
4,3715,蚢,Char,20
4,3716,蓠,Char,20
4,3717,蓰,Char,20
4,3718,遡,Char,20
4,3719,郋,Char,20
4,3720,鄜,Char,20
4,3721,錞,Char,20
4,3722,靣,Char,20
4,3723,鸂,Char,20
4,3724,麐,Char,20
4,3725,麚,Char,20
4,3726,齧,Char,20
4,3727,,Char,20
4,3728,睊,Char,20
4,3729,砢,Char,20
4,3730,碻,Char,20
4,3731,絃,Char,20
4,3732,茝,Char,20
4,3733,菴,Char,20
4,3734,袥,Char,20
4,3735,襍,Char,20
4,3736,覗,Char,20
4,3737,詩,Char,20
4,3738,諥,Char,20
4,3739,跂,Char,20
4,3740,辵,Char,20
4,3741,邅,Char,20
4,3742,醨,Char,20
4,3743,頍,Char,20
4,3744,疰,Char,20
4,3745,觜,Char,20
4,3746,鴿,Char,20
4,3747,笭,Char,20
4,3748,糷,Char,20
4,3749,纘,Char,20
4,3750,翉,Char,20
4,3751,胵,Char,20
4,3752,芖,Char,20
4,3753,蔣,Char,20
4,3754,蔦,Char,20
4,3755,蛚,Char,20
4,3756,蛯,Char,20
4,3757,蜏,Char,20
4,3758,讞,Char,20
4,3759,賲,Char,20
4,3760,钃,Char,20
4,3761,餈,Char,20
4,3762,馧,Char,20
4,3763,麤,Char,20
4,3764,鼶,Char,20
4,3765,禱,Char,20
4,3766,臓,Char,20
4,3767,鈍,Char,20
4,3768,錫,Char,20
4,3769,紛,Char,20
4,3770,遙,Char,20
4,3771,螣,Char,20
4,3772,铽,Char,20
4,3773,竝,Char,20
4,3774,粊,Char,20
4,3775,紗,Char,20
4,3776,紮,Char,20
4,3777,絺,Char,20
4,3778,絿,Char,20
4,3779,緯,Char,20
4,3780,脦,Char,20
4,3781,臇,Char,20
4,3782,臋,Char,20
4,3783,葍,Char,20
4,3784,葞,Char,20
4,3785,葯,Char,20
4,3786,葻,Char,20
4,3787,藙,Char,20
4,3788,蜔,Char,20
4,3789,螕,Char,20
4,3790,蟻,Char,20
4,3791,襲,Char,20
4,3792,觼,Char,20
4,3793,觿,Char,20
4,3794,詼,Char,20
4,3795,諝,Char,20
4,3796,貨,Char,20
4,3797,賀,Char,20
4,3798,趧,Char,20
4,3799,跉,Char,20
4,3800,躍,Char,20
4,3801,軒,Char,20
4,3802,輪,Char,20
4,3803,邉,Char,20
4,3804,鄶,Char,20
4,3805,酁,Char,20
4,3806,釀,Char,20
4,3807,鈾,Char,20
4,3808,鈿,Char,20
4,3809,鍊,Char,20
4,3810,闀,Char,20
4,3811,闄,Char,20
4,3812,腽,Char,20
4,3813,霧,Char,20
4,3814,韌,Char,20
4,3815,頎,Char,20
4,3816,額,Char,20
4,3817,顫,Char,20
4,3818,顬,Char,20
4,3819,髿,Char,20
4,3820,鴣,Char,20
4,3821,鶝,Char,20
4,3822,鷣,Char,20
4,3823,齋,Char,20
4,3824,鋊,Char,20
4,3825,隤,Char,20
4,3826,艦,Char,20
4,3827,譟,Char,20
4,3828,蒉,Char,20
4,3829,磜,Char,20
4,3830,綼,Char,20
4,3831,輋,Char,20
4,3832,頨,Char,20
4,3833,閗,Char,20
4,3834,鮍,Char,20
4,3835,鯡,Char,20
4,3836,鲹,Char,20
4,3837,禣,Char,20
4,3838,粏,Char,20
4,3839,綿,Char,20
4,3840,臐,Char,20
4,3841,迏,Char,20
4,3842,鋾,Char,20
4,3843,鐇,Char,20
4,3844,铻,Char,20
4,3845,鮼,Char,20
4,3846,鼈,Char,20
4,3847,込,Char,20
4,3848,篰,Char,20
4,3849,痄,Char,20
4,3850,睄,Char,20
4,3851,磡,Char,20
4,3852,窔,Char,20
4,3853,筊,Char,20
4,3854,羺,Char,20
4,3855,腪,Char,20
4,3856,臢,Char,20
4,3857,荄,Char,20
4,3858,蓡,Char,20
4,3859,蝀,Char,20
4,3860,詥,Char,20
4,3861,豀,Char,20
4,3862,苠,Char,20
4,3863,郞,Char,20
4,3864,骒,Char,20
4,3865,戤,Char,20
4,3866,铞,Char,20
4,3867,耢,Char,20
4,3868,麯,Char,20
4,3869,秱,Char,20
4,3870,筼,Char,20
4,3871,綈,Char,20
4,3872,翬,Char,20
4,3873,脧,Char,20
4,3874,茣,Char,20
4,3875,菒,Char,20
4,3876,蓯,Char,20
4,3877,蕝,Char,20
4,3878,詝,Char,20
4,3879,謱,Char,20
4,3880,冁,Char,20
4,3881,踧,Char,20
4,3882,茚,Char,20
4,3883,辌,Char,20
4,3884,辒,Char,20
4,3885,郪,Char,20
4,3886,鄘,Char,20
4,3887,鄠,Char,20
4,3888,帱,Char,20
4,3889,鈇,Char,20
4,3890,缲,Char,20
4,3891,雚,Char,20
4,3892,雟,Char,20
4,3893,韺,Char,20
4,3894,頵,Char,20
4,3895,顝,Char,20
4,3896,镘,Char,20
4,3897,鬋,Char,20
4,3898,酾,Char,20
4,3899,鳣,Char,20
4,3900,鴦,Char,20
4,3901,麀,Char,20
4,3902,麉,Char,20
4,3903,麊,Char,20
4,3904,麣,Char,20
4,3905,藬,Char,20
4,3906,鏘,Char,20
4,3907,鞚,Char,20
4,3908,飔,Char,20
4,3909,鴃,Char,20
4,3910,齏,Char,20
4,3911,礄,Char,20
4,3912,誥,Char,20
4,3913,醲,Char,20
4,3914,毳,Char,20
4,3915,築,Char,20
4,3916,絫,Char,20
4,3917,脺,Char,20
4,3918,苧,Char,20
4,3919,蚘,Char,20
4,3920,蝺,Char,20
4,3921,蠶,Char,20
4,3922,裀,Char,20
4,3923,詧,Char,20
4,3924,貍,Char,20
4,3925,踘,Char,20
4,3926,蹷,Char,20
4,3927,蟓,Char,20
4,3928,盦,Char,20
4,3929,瞆,Char,20
4,3930,矰,Char,20
4,3931,磥,Char,20
4,3932,祮,Char,20
4,3933,稛,Char,20
4,3934,箾,Char,20
4,3935,翂,Char,20
4,3936,胊,Char,20
4,3937,蓺,Char,20
4,3938,薾,Char,20
4,3939,襱,Char,20
4,3940,覅,Char,20
4,3941,讏,Char,20
4,3942,跅,Char,20
4,3943,踆,Char,20
4,3944,蹔,Char,20
4,3945,軐,Char,20
4,3946,轪,Char,20
4,3947,鄤,Char,20
4,3948,醰,Char,20
4,3949,鑟,Char,20
4,3950,铔,Char,20
4,3951,閛,Char,20
4,3952,陙,Char,20
4,3953,霳,Char,20
4,3954,顑,Char,20
4,3955,镤,Char,20
4,3956,鵲,Char,20
4,3957,竚,Char,20
4,3958,紩,Char,20
4,3959,聦,Char,20
4,3960,餅,Char,20
4,3961,鶄,Char,20
4,3962,競,Char,20
4,3963,簷,Char,20
4,3964,糵,Char,20
4,3965,紖,Char,20
4,3966,訪,Char,20
4,3967,豎,Char,20
4,3968,趦,Char,20
4,3969,隸,Char,20
4,3970,禠,Char,20
4,3971,籓,Char,20
4,3972,镥,Char,20
4,3973,盜,Char,20
4,3974,矝,Char,20
4,3975,笖,Char,20
4,3976,笧,Char,20
4,3977,簢,Char,20
4,3978,簻,Char,20
4,3979,籌,Char,20
4,3980,粍,Char,20
4,3981,綍,Char,20
4,3982,縕,Char,20
4,3983,罋,Char,20
4,3984,罷,Char,20
4,3985,翜,Char,20
4,3986,膰,Char,20
4,3987,膲,Char,20
4,3988,菂,Char,20
4,3989,葦,Char,20
4,3990,薢,Char,20
4,3991,藷,Char,20
4,3992,螞,Char,20
4,3993,蠻,Char,20
4,3994,袀,Char,20
4,3995,袐,Char,20
4,3996,覍,Char,20
4,3997,訌,Char,20
4,3998,訛,Char,20
4,3999,詿,Char,20
4,4000,諄,Char,20
4,4001,譜,Char,20
4,4002,豈,Char,20
4,4003,賢,Char,20
4,4004,賹,Char,20
4,4005,遷,Char,20
4,4006,釛,Char,20
4,4007,鈣,Char,20
4,4008,鈱,Char,20
4,4009,鈶,Char,20
4,4010,鍛,Char,20
4,4011,鍦,Char,20
4,4012,鐵,Char,20
4,4013,閯,Char,20
4,4014,閺,Char,20
4,4015,閻,Char,20
4,4016,隂,Char,20
4,4017,頌,Char,20
4,4018,頰,Char,20
4,4019,顆,Char,20
4,4020,顪,Char,20
4,4021,飼,Char,20
4,4022,駕,Char,20
4,4023,駝,Char,20
4,4024,驌,Char,20
4,4025,驘,Char,20
4,4026,鰠,Char,20
4,4027,鰹,Char,20
4,4028,鲗,Char,20
4,4029,鶒,Char,20
4,4030,鶗,Char,20
4,4031,鷥,Char,20
4,4032,鷹,Char,20
4,4033,齊,Char,20
4,4034,硙,Char,20
4,4035,禜,Char,20
4,4036,糢,Char,20
4,4037,藠,Char,20
4,4038,镦,Char,20
4,4039,蕂,Char,20
4,4040,霮,Char,20
4,4041,沩,Char,20
4,4042,颼,Char,20
4,4043,禬,Char,20
4,4044,鴪,Char,20
4,4045,鮨,Char,20
4,4046,鱣,Char,20
4,4047,盝,Char,20
4,4048,眹,Char,20
4,4049,睖,Char,20
4,4050,磫,Char,20
4,4051,禫,Char,20
4,4052,繨,Char,20
4,4053,薦,Char,20
4,4054,褱,Char,20
4,4055,鏏,Char,20
4,4056,鮁,Char,20
4,4057,鹓,Char,20
4,4058,繟,Char,20
4,4059,繺,Char,20
4,4060,沲,Char,20
4,4061,餦,Char,20
4,4062,篤,Char,20
4,4063,踺,Char,20
4,4064,祦,Char,20
4,4065,篲,Char,20
4,4066,糰,Char,20
4,4067,絙,Char,20
4,4068,纄,Char,20
4,4069,脝,Char,20
4,4070,茊,Char,20
4,4071,菫,Char,20
4,4072,蓞,Char,20
4,4073,酦,Char,20
4,4074,醾,Char,20
4,4075,锳,Char,20
4,4076,钶,Char,20
4,4077,鲼,Char,20
4,4078,齄,Char,20
4,4079,鴨,Char,20
4,4080,鷧,Char,20
4,4081,,Char,20
4,4082,祋,Char,20
4,4083,箯,Char,20
4,4084,粐,Char,20
4,4085,粦,Char,20
4,4086,粭,Char,20
4,4087,紃,Char,20
4,4088,脰,Char,20
4,4089,芃,Char,20
4,4090,苽,Char,20
4,4091,莿,Char,20
4,4092,菆,Char,20
4,4093,藗,Char,20
4,4094,藧,Char,20
4,4095,袵,Char,20
4,4096,裯,Char,20
4,4097,褵,Char,20
4,4098,襆,Char,20
4,4099,詤,Char,20
4,4100,譓,Char,20
4,4101,跊,Char,20
4,4102,軈,Char,20
4,4103,苘,Char,20
4,4104,迺,Char,20
4,4105,掭,Char,20
4,4106,邇,Char,20
4,4107,邘,Char,20
4,4108,鄳,Char,20
4,4109,猸,Char,20
4,4110,艴,Char,20
4,4111,鑕,Char,20
4,4112,柃,Char,20
4,4113,闒,Char,20
4,4114,毹,Char,20
4,4115,脶,Char,20
4,4116,颋,Char,20
4,4117,鵀,Char,20
4,4118,鶜,Char,20
4,4119,鶟,Char,20
4,4120,鷱,Char,20
4,4121,鷲,Char,20
4,4122,鹍,Char,20
4,4123,麖,Char,20
4,4124,,Char,20
4,4125,軎,Char,20
4,4126,稂,Char,20
4,4127,蒞,Char,20
4,4128,蠆,Char,20
4,4129,褲,Char,20
4,4130,佧,Char,20
4,4131,紵,Char,20
4,4132,緌,Char,20
4,4133,蠾,Char,20
4,4134,裲,Char,20
4,4135,郈,Char,20
4,4136,鋐,Char,20
4,4137,餱,Char,20
4,4138,瓞,Char,20
4,4139,驙,Char,20
4,4140,鯙,Char,20
4,4141,眆,Char,20
4,4142,睠,Char,20
4,4143,瞫,Char,20
4,4144,矅,Char,20
4,4145,碃,Char,20
4,4146,禃,Char,20
4,4147,秔,Char,20
4,4148,穻,Char,20
4,4149,箇,Char,20
4,4150,籐,Char,20
4,4151,絏,Char,20
4,4152,纕,Char,20
4,4153,翐,Char,20
4,4154,耈,Char,20
4,4155,耎,Char,20
4,4156,脷,Char,20
4,4157,膕,Char,20
4,4158,艐,Char,20
4,4159,艷,Char,20
4,4160,苙,Char,20
4,4161,葹,Char,20
4,4162,蓂,Char,20
4,4163,蔲,Char,20
4,4164,薋,Char,20
4,4165,蛷,Char,20
4,4166,蜑,Char,20
4,4167,衂,Char,20
4,4168,衋,Char,20
4,4169,袿,Char,20
4,4170,訕,Char,20
4,4171,訝,Char,20
4,4172,詠,Char,20
4,4173,誳,Char,20
4,4174,諆,Char,20
4,4175,讱,Char,20
4,4176,軃,Char,20
4,4177,轝,Char,20
4,4178,郀,Char,20
4,4179,郵,Char,20
4,4180,鉐,Char,20
4,4181,鍧,Char,20
4,4182,鍼,Char,20
4,4183,鏦,Char,20
4,4184,镵,Char,20
4,4185,閭,Char,20
4,4186,闢,Char,20
4,4187,陗,Char,20
4,4188,陼,Char,20
4,4189,韈,Char,20
4,4190,骫,Char,20
4,4191,骳,Char,20
4,4192,骹,Char,20
4,4193,髠,Char,20
4,4194,髥,Char,20
4,4195,鳒,Char,20
4,4196,鶡,Char,20
4,4197,龒,Char,20
4,4198,籂,Char,20
4,4199,翯,Char,20
4,4200,莚,Char,20
4,4201,萗,Char,20
4,4202,転,Char,20
4,4203,鄷,Char,20
4,4204,靭,Char,20
4,4205,馉,Char,20
4,4206,騙,Char,20
4,4207,驊,Char,20
4,4208,鼰,Char,20
4,4209,綑,Char,20
4,4210,績,Char,20
4,4211,臘,Char,20
4,4212,臛,Char,20
4,4213,賜,Char,20
4,4214,贈,Char,20
4,4215,蹣,Char,20
4,4216,軡,Char,20
4,4217,鋸,Char,20
4,4218,錐,Char,20
4,4219,顎,Char,20
4,4220,瞐,Char,20
4,4221,銶,Char,20
4,4222,钖,Char,20
4,4223,矊,Char,20
4,4224,矘,Char,20
4,4225,矚,Char,20
4,4226,矡,Char,20
4,4227,硽,Char,20
4,4228,磿,Char,20
4,4229,礈,Char,20
4,4230,礜,Char,20
4,4231,秲,Char,20
4,4232,窮,Char,20
4,4233,竄,Char,20
4,4234,笗,Char,20
4,4235,箘,Char,20
4,4236,箽,Char,20
4,4237,簍,Char,20
4,4238,簜,Char,20
4,4239,粷,Char,20
4,4240,絨,Char,20
4,4241,絹,Char,20
4,4242,緷,Char,20
4,4243,緻,Char,20
4,4244,繉,Char,20
4,4245,繙,Char,20
4,4246,罁,Char,20
4,4247,羅,Char,20
4,4248,羇,Char,20
4,4249,聣,Char,20
4,4250,聰,Char,20
4,4251,脙,Char,20
4,4252,脛,Char,20
4,4253,脻,Char,20
4,4254,脼,Char,20
4,4255,腗,Char,20
4,4256,艜,Char,20
4,4257,萊,Char,20
4,4258,葘,Char,20
4,4259,葢,Char,20
4,4260,蔥,Char,20
4,4261,藍,Char,20
4,4262,藘,Char,20
4,4263,藝,Char,20
4,4264,蘿,Char,20
4,4265,蛬,Char,20
4,4266,螁,Char,20
4,4267,螚,Char,20
4,4268,螤,Char,20
4,4269,袇,Char,20
4,4270,袌,Char,20
4,4271,袔,Char,20
4,4272,袦,Char,20
4,4273,袨,Char,20
4,4274,覂,Char,20
4,4275,訃,Char,20
4,4276,訋,Char,20
4,4277,詫,Char,20
4,4278,詬,Char,20
4,4279,詮,Char,20
4,4280,詻,Char,20
4,4281,誠,Char,20
4,4282,謬,Char,20
4,4283,譃,Char,20
4,4284,譄,Char,20
4,4285,譯,Char,20
4,4286,譽,Char,20
4,4287,賰,Char,20
4,4288,趮,Char,20
4,4289,蹱,Char,20
4,4290,軙,Char,20
4,4291,軠,Char,20
4,4292,輩,Char,20
4,4293,辭,Char,20
4,4294,遜,Char,20
4,4295,鄧,Char,20
4,4296,鄫,Char,20
4,4297,鄿,Char,20
4,4298,酀,Char,20
4,4299,釡,Char,20
4,4300,釢,Char,20
4,4301,鉃,Char,20
4,4302,鍍,Char,20
4,4303,鍎,Char,20
4,4304,鎖,Char,20
4,4305,闃,Char,20
4,4306,鞗,Char,20
4,4307,韱,Char,20
4,4308,頹,Char,20
4,4309,願,Char,20
4,4310,顳,Char,20
4,4311,餁,Char,20
4,4312,餃,Char,20
4,4313,餵,Char,20
4,4314,馮,Char,20
4,4315,馳,Char,20
4,4316,駛,Char,20
4,4317,騎,Char,20
4,4318,騺,Char,20
4,4319,鯚,Char,20
4,4320,鰟,Char,20
4,4321,鱉,Char,20
4,4322,鳛,Char,20
4,4323,鴟,Char,20
4,4324,鴮,Char,20
4,4325,鴲,Char,20
4,4326,鴷,Char,20
4,4327,鷷,Char,20
4,4328,鸀,Char,20
4,4329,麎,Char,20
4,4330,麡,Char,20
4,4331,麧,Char,20
4,4332,鼇,Char,20
4,4333,鼞,Char,20
4,4334,鼤,Char,20
4,4335,齺,Char,20
4,4336,齽,Char,20
4,4337,龑,Char,20
4,4338,裏,Char,20
4,4339,,Char,20
4,4340,,Char,20
4,4341,砮,Char,20
4,4342,綟,Char,20
4,4343,緜,Char,20
4,4344,繑,Char,20
4,4345,纑,Char,20
4,4346,罈,Char,20
4,4347,蠙,Char,20
4,4348,輴,Char,20
4,4349,酨,Char,20
4,4350,鏂,Char,20
4,4351,駹,Char,20
4,4352,鎪,Char,20
4,4353,瞕,Char,20
4,4354,窪,Char,20
4,4355,肻,Char,20
4,4356,蠔,Char,20
4,4357,鐰,Char,20
4,4358,綵,Char,20
4,4359,鮰,Char,20
4,4360,鳾,Char,20
4,4361,虰,Char,20
4,4362,驎,Char,20
4,4363,荬,Char,20
4,4364,鑛,Char,20
4,4365,犏,Char,20
4,4366,鞧,Char,20
4,4367,鮋,Char,20
4,4368,鰷,Char,20
4,4369,鶲,Char,20
4,4370,盕,Char,20
4,4371,盩,Char,20
4,4372,盻,Char,20
4,4373,眖,Char,20
4,4374,砛,Char,20
4,4375,硈,Char,20
4,4376,禢,Char,20
4,4377,禥,Char,20
4,4378,窼,Char,20
4,4379,竏,Char,20
4,4380,筈,Char,20
4,4381,筽,Char,20
4,4382,篴,Char,20
4,4383,籆,Char,20
4,4384,籇,Char,20
4,4385,紏,Char,20
4,4386,肣,Char,20
4,4387,胑,Char,20
4,4388,臮,Char,20
4,4389,苲,Char,20
4,4390,蒃,Char,20
4,4391,虗,Char,20
4,4392,蜌,Char,20
4,4393,跘,Char,20
4,4394,鞦,Char,20
4,4395,驄,Char,20
4,4396,鷭,Char,20
4,4397,鸼,Char,20
4,4398,鹐,Char,20
4,4399,矄,Char,20
4,4400,魖,Char,20
4,4401,鴐,Char,20
4,4402,薀,Char,20
4,4403,謏,Char,20
4,4404,脎,Char,20
4,4405,締,Char,20
4,4406,聧,Char,20
4,4407,脜,Char,20
4,4408,艤,Char,20
4,4409,荖,Char,20
4,4410,蕌,Char,20
4,4411,蠷,Char,20
4,4412,褏,Char,20
4,4413,觽,Char,20
4,4414,踫,Char,20
4,4415,蹽,Char,20
4,4416,軉,Char,20
4,4417,軛,Char,20
4,4418,墚,Char,20
4,4419,搌,Char,20
4,4420,擗,Char,20
4,4421,哳,Char,20
4,4422,鋻,Char,20
4,4423,楗,Char,20
4,4424,韂,Char,20
4,4425,飆,Char,20
4,4426,饏,Char,20
4,4427,耥,Char,20
4,4428,髼,Char,20
4,4429,篼,Char,20
4,4430,鬑,Char,20
4,4431,醑,Char,20
4,4432,鴧,Char,20
4,4433,眜,Char,20
4,4434,瞷,Char,20
4,4435,磦,Char,20
4,4436,礨,Char,20
4,4437,祃,Char,20
4,4438,祲,Char,20
4,4439,祻,Char,20
4,4440,窊,Char,20
4,4441,簥,Char,20
4,4442,籲,Char,20
4,4443,縢,Char,20
4,4444,繌,Char,20
4,4445,繒,Char,20
4,4446,聜,Char,20
4,4447,胔,Char,20
4,4448,胾,Char,20
4,4449,脨,Char,20
4,4450,膼,Char,20
4,4451,艕,Char,20
4,4452,苼,Char,20
4,4453,莻,Char,20
4,4454,蓨,Char,20
4,4455,蓵,Char,20
4,4456,蓾,Char,20
4,4457,藦,Char,20
4,4458,虀,Char,20
4,4459,蚈,Char,20
4,4460,蛡,Char,20
4,4461,蛻,Char,20
4,4462,蝝,Char,20
4,4463,蝹,Char,20
4,4464,蟿,Char,20
4,4465,衼,Char,20
4,4466,褦,Char,20
4,4467,襶,Char,20
4,4468,覐,Char,20
4,4469,詯,Char,20
4,4470,誴,Char,20
4,4471,諓,Char,20
4,4472,謧,Char,20
4,4473,謪,Char,20
4,4474,譁,Char,20
4,4475,貤,Char,20
4,4476,赪,Char,20
4,4477,踖,Char,20
4,4478,軆,Char,20
4,4479,輈,Char,20
4,4480,鄛,Char,20
4,4481,鄡,Char,20
4,4482,醖,Char,20
4,4483,屺,Char,20
4,4484,鍑,Char,20
4,4485,鏉,Char,20
4,4486,雊,Char,20
4,4487,顓,Char,20
4,4488,飐,Char,20
4,4489,稆,Char,20
4,4490,駳,Char,20
4,4491,騽,Char,20
4,4492,骍,Char,20
4,4493,筻,Char,20
4,4494,魱,Char,20
4,4495,舣,Char,20
4,4496,鮾,Char,20
4,4497,鯋,Char,20
4,4498,鯏,Char,20
4,4499,鶃,Char,20
4,4500,鶫,Char,20
4,4501,齛,Char,20
4,4502,矙,Char,20
4,4503,絾,Char,20
4,4504,袗,Char,20
4,4505,襬,Char,20
4,4506,漤,Char,20
4,4507,闕,Char,20
4,4508,鬐,Char,20
4,4509,鲾,Char,20
4,4510,鴾,Char,20
4,4511,稭,Char,20
4,4512,籄,Char,20
4,4513,聺,Char,20
4,4514,褹,Char,20
4,4515,訟,Char,20
4,4516,鏕,Char,20
4,4517,齆,Char,20
4,4518,盫,Char,20
4,4519,矎,Char,20
4,4520,礋,Char,20
4,4521,窌,Char,20
4,4522,簼,Char,20
4,4523,糴,Char,20
4,4524,纴,Char,20
4,4525,罵,Char,20
4,4526,翚,Char,20
4,4527,耰,Char,20
4,4528,艧,Char,20
4,4529,藇,Char,20
4,4530,虖,Char,20
4,4531,蚖,Char,20
4,4532,蜎,Char,20
4,4533,蜨,Char,20
4,4534,蠭,Char,20
4,4535,詟,Char,20
4,4536,詵,Char,20
4,4537,譔,Char,20
4,4538,豭,Char,20
4,4539,趙,Char,20
4,4540,趬,Char,20
4,4541,阢,Char,20
4,4542,圊,Char,20
4,4543,醃,Char,20
4,4544,録,Char,20
4,4545,鍮,Char,20
4,4546,鍸,Char,20
4,4547,闚,Char,20
4,4548,阤,Char,20
4,4549,霫,Char,20
4,4550,鞎,Char,20
4,4551,韗,Char,20
4,4552,鬖,Char,20
4,4553,鳠,Char,20
4,4554,鴼,Char,20
4,4555,鷇,Char,20
4,4556,黇,Char,20
4,4557,黡,Char,20
4,4558,齣,Char,20
4,4559,盞,Char,20
4,4560,眅,Char,20
4,4561,磈,Char,20
4,4562,磳,Char,20
4,4563,穫,Char,20
4,4564,窅,Char,20
4,4565,窾,Char,20
4,4566,筭,Char,20
4,4567,箣,Char,20
4,4568,簃,Char,20
4,4569,簺,Char,20
4,4570,粴,Char,20
4,4571,糦,Char,20
4,4572,絟,Char,20
4,4573,緺,Char,20
4,4574,縩,Char,20
4,4575,罍,Char,20
4,4576,翣,Char,20
4,4577,聟,Char,20
4,4578,肊,Char,20
4,4579,肙,Char,20
4,4580,肞,Char,20
4,4581,臞,Char,20
4,4582,苶,Char,20
4,4583,菭,Char,20
4,4584,葖,Char,20
4,4585,蕳,Char,20
4,4586,蚒,Char,20
4,4587,蜪,Char,20
4,4588,蝕,Char,20
4,4589,蠜,Char,20
4,4590,袕,Char,20
4,4591,裋,Char,20
4,4592,裩,Char,20
4,4593,褌,Char,20
4,4594,褎,Char,20
4,4595,襫,Char,20
4,4596,覈,Char,20
4,4597,觭,Char,20
4,4598,訆,Char,20
4,4599,訏,Char,20
4,4600,訽,Char,20
4,4601,詨,Char,20
4,4602,譻,Char,20
4,4603,诇,Char,20
4,4604,貑,Char,20
4,4605,跱,Char,20
4,4606,坶,Char,20
4,4607,躘,Char,20
4,4608,輖,Char,20
4,4609,轇,Char,20
4,4610,轋,Char,20
4,4611,轕,Char,20
4,4612,迒,Char,20
4,4613,郘,Char,20
4,4614,醄,Char,20
4,4615,醼,Char,20
4,4616,鋋,Char,20
4,4617,鏁,Char,20
4,4618,鏭,Char,20
4,4619,鐄,Char,20
4,4620,鑣,Char,20
4,4621,鑷,Char,20
4,4622,辁,Char,20
4,4623,阸,Char,20
4,4624,牿,Char,20
4,4625,鞝,Char,20
4,4626,頞,Char,20
4,4627,瞵,Char,20
4,4628,饤,Char,20
4,4629,駃,Char,20
4,4630,駉,Char,20
4,4631,騠,Char,20
4,4632,驡,Char,20
4,4633,髪,Char,20
4,4634,鬚,Char,20
4,4635,鬿,Char,20
4,4636,鮌,Char,20
4,4637,鯁,Char,20
4,4638,鱻,Char,20
4,4639,鶚,Char,20
4,4640,鷫,Char,20
4,4641,鹖,Char,20
4,4642,磩,Char,20
4,4643,磭,Char,20
4,4644,稌,Char,20
4,4645,穃,Char,20
4,4646,綂,Char,20
4,4647,膥,Char,20
4,4648,膱,Char,20
4,4649,臿,Char,20
4,4650,艎,Char,20
4,4651,苃,Char,20
4,4652,茍,Char,20
4,4653,蒟,Char,20
4,4654,藣,Char,20
4,4655,虈,Char,20
4,4656,蜐,Char,20
4,4657,訅,Char,20
4,4658,詭,Char,20
4,4659,讈,Char,20
4,4660,貿,Char,20
4,4661,趷,Char,20
4,4662,蹌,Char,20
4,4663,蹹,Char,20
4,4664,鈰,Char,20
4,4665,銑,Char,20
4,4666,鋫,Char,20
4,4667,鍔,Char,20
4,4668,鐨,Char,20
4,4669,餉,Char,20
4,4670,騛,Char,20
4,4671,鯛,Char,20
4,4672,鰤,Char,20
4,4673,鳳,Char,20
4,4674,鵂,Char,20
4,4675,鶢,Char,20
4,4676,鶳,Char,20
4,4677,黋,Char,20
4,4678,齢,Char,20
4,4679,磚,Char,20
4,4680,緲,Char,20
4,4681,繳,Char,20
4,4682,聝,Char,20
4,4683,膴,Char,20
4,4684,芵,Char,20
4,4685,藫,Char,20
4,4686,覓,Char,20
4,4687,誕,Char,20
4,4688,誡,Char,20
4,4689,貎,Char,20
4,4690,賄,Char,20
4,4691,跰,Char,20
4,4692,踥,Char,20
4,4693,迆,Char,20
4,4694,逕,Char,20
4,4695,逤,Char,20
4,4696,鏢,Char,20
4,4697,鏤,Char,20
4,4698,鑄,Char,20
4,4699,鑽,Char,20
4,4700,頷,Char,20
4,4701,鴉,Char,20
4,4702,鴰,Char,20
4,4703,麅,Char,20
4,4704,礱,Char,20
4,4705,祿,Char,20
4,4706,缷,Char,20
4,4707,虙,Char,20
4,4708,齗,Char,20
4,4709,裓,Char,20
4,4710,铹,Char,20
4,4711,睙,Char,20
4,4712,矟,Char,20
4,4713,硣,Char,20
4,4714,磹,Char,20
4,4715,礀,Char,20
4,4716,禮,Char,20
4,4717,秶,Char,20
4,4718,窇,Char,20
4,4719,竷,Char,20
4,4720,笣,Char,20
4,4721,篃,Char,20
4,4722,簬,Char,20
4,4723,簯,Char,20
4,4724,粓,Char,20
4,4725,粶,Char,20
4,4726,紋,Char,20
4,4727,紓,Char,20
4,4728,絞,Char,20
4,4729,緹,Char,20
4,4730,縷,Char,20
4,4731,縼,Char,20
4,4732,繆,Char,20
4,4733,繕,Char,20
4,4734,繚,Char,20
4,4735,繞,Char,20
4,4736,绤,Char,20
4,4737,罆,Char,20
4,4738,羈,Char,20
4,4739,翆,Char,20
4,4740,翑,Char,20
4,4741,聵,Char,20
4,4742,脵,Char,20
4,4743,臄,Char,20
4,4744,茽,Char,20
4,4745,莊,Char,20
4,4746,莢,Char,20
4,4747,莵,Char,20
4,4748,菕,Char,20
4,4749,蓛,Char,20
4,4750,蓷,Char,20
4,4751,蓸,Char,20
4,4752,蔘,Char,20
4,4753,蔞,Char,20
4,4754,蕘,Char,20
4,4755,蕼,Char,20
4,4756,薔,Char,20
4,4757,藖,Char,20
4,4758,藢,Char,20
4,4759,藶,Char,20
4,4760,蛢,Char,20
4,4761,蟯,Char,20
4,4762,蠄,Char,20
4,4763,蠈,Char,20
4,4764,蠎,Char,20
4,4765,蠣,Char,20
4,4766,襪,Char,20
4,4767,覙,Char,20
4,4768,訑,Char,20
4,4769,訣,Char,20
4,4770,詰,Char,20
4,4771,詸,Char,20
4,4772,誰,Char,20
4,4773,諏,Char,20
4,4774,諛,Char,20
4,4775,諮,Char,20
4,4776,諱,Char,20
4,4777,謥,Char,20
4,4778,謨,Char,20
4,4779,譫,Char,20
4,4780,貋,Char,20
4,4781,貛,Char,20
4,4782,貫,Char,20
4,4783,賓,Char,20
4,4784,賞,Char,20
4,4785,贁,Char,20
4,4786,贂,Char,20
4,4787,贉,Char,20
4,4788,趤,Char,20
4,4789,趯,Char,20
4,4790,趶,Char,20
4,4791,跔,Char,20
4,4792,踴,Char,20
4,4793,蹆,Char,20
4,4794,塥,Char,20
4,4795,輝,Char,20
4,4796,輰,Char,20
4,4797,輿,Char,20
4,4798,轂,Char,20
4,4799,邁,Char,20
4,4800,邼,Char,20
4,4801,釟,Char,20
4,4802,釠,Char,20
4,4803,釣,Char,20
4,4804,鈉,Char,20
4,4805,鈴,Char,20
4,4806,鈺,Char,20
4,4807,鉂,Char,20
4,4808,銊,Char,20
4,4809,銘,Char,20
4,4810,鋤,Char,20
4,4811,鋭,Char,20
4,4812,錃,Char,20
4,4813,錈,Char,20
4,4814,漭,Char,20
4,4815,錨,Char,20
4,4816,鍤,Char,20
4,4817,鏆,Char,20
4,4818,鐖,Char,20
4,4819,鐧,Char,20
4,4820,鐳,Char,20
4,4821,鑱,Char,20
4,4822,鑾,Char,20
4,4823,镃,Char,20
4,4824,閬,Char,20
4,4825,閾,Char,20
4,4826,閿,Char,20
4,4827,陜,Char,20
4,4828,陝,Char,20
4,4829,霠,Char,20
4,4830,鞏,Char,20
4,4831,鞖,Char,20
4,4832,韨,Char,20
4,4833,韼,Char,20
4,4834,韽,Char,20
4,4835,頒,Char,20
4,4836,頤,Char,20
4,4837,顛,Char,20
4,4838,飳,Char,20
4,4839,飸,Char,20
4,4840,餆,Char,20
4,4841,館,Char,20
4,4842,饅,Char,20
4,4843,駐,Char,20
4,4844,駡,Char,20
4,4845,駷,Char,20
4,4846,騁,Char,20
4,4847,騫,Char,20
4,4848,騷,Char,20
4,4849,騼,Char,20
4,4850,髕,Char,20
4,4851,魜,Char,20
4,4852,鰫,Char,20
4,4853,鱗,Char,20
4,4854,鱽,Char,20
4,4855,鲬,Char,20
4,4856,鴻,Char,20
4,4857,鶆,Char,20
4,4858,鶊,Char,20
4,4859,鷳,Char,20
4,4860,鷿,Char,20
4,4861,鸁,Char,20
4,4862,麞,Char,20
4,4863,鼏,Char,20
4,4864,鼜,Char,20
4,4865,鼫,Char,20
4,4866,齦,Char,20
4,4867,,Char,20
4,4868,,Char,20
4,4869,,Char,20
4,4870,,Char,20
4,4871,,Char,20
4,4872,盬,Char,20
4,4873,祅,Char,20
4,4874,禡,Char,20
4,4875,禭,Char,20
4,4876,糱,Char,20
4,4877,縂,Char,20
4,4878,蠥,Char,20
4,4879,軷,Char,20
4,4880,鄮,Char,20
4,4881,釱,Char,20
4,4882,銦,Char,20
4,4883,錣,Char,20
4,4884,鑢,Char,20
4,4885,钑,Char,20
4,4886,饟,Char,20
4,4887,鯅,Char,20
4,4888,鼊,Char,20
4,4889,,Char,20
4,4890,簫,Char,20
4,4891,粛,Char,20
4,4892,粻,Char,20
4,4893,饈,Char,20
4,4894,盌,Char,20
4,4895,瞂,Char,20
4,4896,鋅,Char,20
4,4897,靮,Char,20
4,4898,盨,Char,20
4,4899,県,Char,20
4,4900,箥,Char,20
4,4901,簕,Char,20
4,4902,臖,Char,20
4,4903,鎔,Char,20
4,4904,鏐,Char,20
4,4905,顔,Char,20
4,4906,盿,Char,20
4,4907,萵,Char,20
4,4908,蔊,Char,20
4,4909,覥,Char,20
4,4910,貲,Char,20
4,4911,驢,Char,20
4,4912,鶸,Char,20
4,4913,磑,Char,20
4,4914,窎,Char,20
4,4915,詒,Char,20
4,4916,鉔,Char,20
4,4917,鏱,Char,20
4,4918,隺,Char,20
4,4919,饜,Char,20
4,4920,荘,Char,20
4,4921,蒻,Char,20
4,4922,蔴,Char,20
4,4923,裛,Char,20
4,4924,鈙,Char,20
4,4925,鎋,Char,20
4,4926,鑀,Char,20
4,4927,髴,Char,20
4,4928,鴓,Char,20
4,4929,鸴,Char,20
4,4930,黿,Char,20
4,4931,秹,Char,20
4,4932,茢,Char,20
4,4933,蘁,Char,20
4,4934,蚑,Char,20
4,4935,鏻,Char,20
4,4936,霤,Char,20
4,4937,霩,Char,20
4,4938,頺,Char,20
4,4939,餚,Char,20
4,4940,鯂,Char,20
4,4941,籔,Char,20
4,4942,蕁,Char,20
4,4943,蘘,Char,20
4,4944,雑,Char,20
4,4945,鬶,Char,20
4,4946,鯵,Char,20
4,4947,鰧,Char,20
4,4948,鱂,Char,20
4,4949,鳂,Char,20
4,4950,鵟,Char,20
4,4951,盠,Char,20
4,4952,盳,Char,20
4,4953,盽,Char,20
4,4954,眃,Char,20
4,4955,眏,Char,20
4,4956,睧,Char,20
4,4957,硄,Char,20
4,4958,碔,Char,20
4,4959,碦,Char,20
4,4960,碸,Char,20
4,4961,磃,Char,20
4,4962,礘,Char,20
4,4963,礮,Char,20
4,4964,祘,Char,20
4,4965,禤,Char,20
4,4966,秌,Char,20
4,4967,秙,Char,20
4,4968,秢,Char,20
4,4969,稧,Char,20
4,4970,稬,Char,20
4,4971,稲,Char,20
4,4972,稸,Char,20
4,4973,穜,Char,20
4,4974,竒,Char,20
4,4975,筶,Char,20
4,4976,篬,Char,20
4,4977,籒,Char,20
4,4978,籜,Char,20
4,4979,籞,Char,20
4,4980,籶,Char,20
4,4981,糂,Char,20
4,4982,糉,Char,20
4,4983,綡,Char,20
4,4984,綶,Char,20
4,4985,緄,Char,20
4,4986,緗,Char,20
4,4987,緼,Char,20
4,4988,縁,Char,20
4,4989,縋,Char,20
4,4990,縞,Char,20
4,4991,繤,Char,20
4,4992,繧,Char,20
4,4993,繬,Char,20
4,4994,纃,Char,20
4,4995,纉,Char,20
4,4996,纒,Char,20
4,4997,纗,Char,20
4,4998,罯,Char,20
4,4999,羀,Char,20
4,5000,耴,Char,20
4,5001,肍,Char,20
4,5002,腨,Char,20
4,5003,膗,Char,20
4,5004,膟,Char,20
4,5005,舦,Char,20
4,5006,艊,Char,20
4,5007,菄,Char,20
4,5008,葾,Char,20
4,5009,蒕,Char,20
4,5010,蒘,Char,20
4,5011,蒧,Char,20
4,5012,蓃,Char,20
4,5013,蓆,Char,20
4,5014,蔱,Char,20
4,5015,蘔,Char,20
4,5016,蟨,Char,20
4,5017,蠪,Char,20
4,5018,襖,Char,20
4,5019,誇,Char,20
4,5020,謟,Char,20
4,5021,讙,Char,20
4,5022,谽,Char,20
4,5023,踨,Char,20
4,5024,躉,Char,20
4,5025,躱,Char,20
4,5026,輗,Char,20
4,5027,釔,Char,20
4,5028,鋕,Char,20
4,5029,鎚,Char,20
4,5030,韆,Char,20
4,5031,鯶,Char,20
4,5032,鳋,Char,20
4,5033,鹒,Char,20
4,5034,篭,Char,20
4,5035,縜,Char,20
4,5036,腣,Char,20
4,5037,赲,Char,20
4,5038,馻,Char,20
4,5039,磞,Char,20
4,5040,睕,Char,20
4,5041,瞜,Char,20
4,5042,碠,Char,20
4,5043,磽,Char,20
4,5044,簘,Char,20
4,5045,腃,Char,20
4,5046,腵,Char,20
4,5047,蓳,Char,20
4,5048,覇,Char,20
4,5049,醱,Char,20
4,5050,銝,Char,20
4,5051,巛,Char,20
4,5052,鐴,Char,20
4,5053,鑵,Char,20
4,5054,隩,Char,20
4,5055,颺,Char,20
4,5056,飮,Char,20
4,5057,飰,Char,20
4,5058,餇,Char,20
4,5059,饐,Char,20
4,5060,痃,Char,20
4,5061,駞,Char,20
4,5062,鴜,Char,20
4,5063,,Char,20
4,5064,,Char,20
4,5065,睅,Char,20
4,5066,睍,Char,20
4,5067,碭,Char,20
4,5068,碽,Char,20
4,5069,磸,Char,20
4,5070,礉,Char,20
4,5071,礽,Char,20
4,5072,祾,Char,20
4,5073,禌,Char,20
4,5074,筥,Char,20
4,5075,簴,Char,20
4,5076,紣,Char,20
4,5077,絍,Char,20
4,5078,縆,Char,20
4,5079,繀,Char,20
4,5080,繃,Char,20
4,5081,羕,Char,20
4,5082,羵,Char,20
4,5083,耇,Char,20
4,5084,聫,Char,20
4,5085,脗,Char,20
4,5086,臯,Char,20
4,5087,艁,Char,20
4,5088,艂,Char,20
4,5089,茞,Char,20
4,5090,葨,Char,20
4,5091,蒄,Char,20
4,5092,蒭,Char,20
4,5093,薂,Char,20
4,5094,藯,Char,20
4,5095,蜆,Char,20
4,5096,螑,Char,20
4,5097,蟼,Char,20
4,5098,衟,Char,20
4,5099,褑,Char,20
4,5100,褠,Char,20
4,5101,訐,Char,20
4,5102,訔,Char,20
4,5103,詖,Char,20
4,5104,詗,Char,20
4,5105,詪,Char,20
4,5106,諈,Char,20
4,5107,諑,Char,20
4,5108,讌,Char,20
4,5109,豗,Char,20
4,5110,豷,Char,20
4,5111,貗,Char,20
4,5112,貣,Char,20
4,5113,賯,Char,20
4,5114,贋,Char,20
4,5115,冱,Char,20
4,5116,輀,Char,20
4,5117,蒈,Char,20
4,5118,轓,Char,20
4,5119,迋,Char,20
4,5120,逓,Char,20
4,5121,鄺,Char,20
4,5122,酳,Char,20
4,5123,鈪,Char,20
4,5124,尜,Char,20
4,5125,鐐,Char,20
4,5126,轷,Char,20
4,5127,霘,Char,20
4,5128,鞄,Char,20
4,5129,騧,Char,20
4,5130,髽,Char,20
4,5131,魣,Char,20
4,5132,鯀,Char,20
4,5133,鰰,Char,20
4,5134,鴹,Char,20
4,5135,鼪,Char,20
4,5136,龔,Char,20
4,5137,秊,Char,20
4,5138,,Char,20
4,5139,眮,Char,20
4,5140,笀,Char,20
4,5141,籣,Char,20
4,5142,藑,Char,20
4,5143,垲,Char,20
4,5144,鍳,Char,20
4,5145,鵬,Char,20
4,5146,禔,Char,20
4,5147,穯,Char,20
4,5148,茿,Char,20
4,5149,莂,Char,20
4,5150,薃,Char,20
4,5151,襛,Char,20
4,5152,谻,Char,20
4,5153,賚,Char,20
4,5154,魳,Char,20
4,5155,鵄,Char,20
4,5156,,Char,20
4,5157,穄,Char,20
4,5158,穵,Char,20
4,5159,篛,Char,20
4,5160,簑,Char,20
4,5161,絭,Char,20
4,5162,緅,Char,20
4,5163,緍,Char,20
4,5164,罇,Char,20
4,5165,耑,Char,20
4,5166,艒,Char,20
4,5167,豠,Char,20
4,5168,蹎,Char,20
4,5169,辢,Char,20
4,5170,醻,Char,20
4,5171,鐍,Char,20
4,5172,鑮,Char,20
4,5173,闍,Char,20
4,5174,頳,Char,20
4,5175,驈,Char,20
4,5176,髲,Char,20
4,5177,鱮,Char,20
4,5178,麰,Char,20
4,5179,鼄,Char,20
4,5180,鼅,Char,20
4,5181,鼖,Char,20
4,5182,,Char,20
4,5183,眣,Char,20
4,5184,睎,Char,20
4,5185,瞣,Char,20
4,5186,矀,Char,20
4,5187,硊,Char,20
4,5188,碅,Char,20
4,5189,磪,Char,20
4,5190,礒,Char,20
4,5191,禞,Char,20
4,5192,秠,Char,20
4,5193,穙,Char,20
4,5194,穱,Char,20
4,5195,窯,Char,20
4,5196,竢,Char,20
4,5197,笍,Char,20
4,5198,筩,Char,20
4,5199,篳,Char,20
4,5200,簠,Char,20
4,5201,粃,Char,20
4,5202,粖,Char,20
4,5203,糓,Char,20
4,5204,糺,Char,20
4,5205,紭,Char,20
4,5206,紾,Char,20
4,5207,絶,Char,20
4,5208,綅,Char,20
4,5209,繂,Char,20
4,5210,繋,Char,20
4,5211,繣,Char,20
4,5212,罙,Char,20
4,5213,罥,Char,20
4,5214,罼,Char,20
4,5215,羗,Char,20
4,5216,羜,Char,20
4,5217,翭,Char,20
4,5218,耮,Char,20
4,5219,聸,Char,20
4,5220,肸,Char,20
4,5221,胹,Char,20
4,5222,脣,Char,20
4,5223,腬,Char,20
4,5224,膄,Char,20
4,5225,膆,Char,20
4,5226,膋,Char,20
4,5227,臕,Char,20
4,5228,舃,Char,20
4,5229,艫,Char,20
4,5230,艭,Char,20
4,5231,艶,Char,20
4,5232,艼,Char,20
4,5233,荢,Char,20
4,5234,荳,Char,20
4,5235,萚,Char,20
4,5236,蓗,Char,20
4,5237,蓱,Char,20
4,5238,蕋,Char,20
4,5239,蕟,Char,20
4,5240,薐,Char,20
4,5241,薠,Char,20
4,5242,藺,Char,20
4,5243,蘓,Char,20
4,5244,蘪,Char,20
4,5245,虵,Char,20
4,5246,蚾,Char,20
4,5247,蛖,Char,20
4,5248,蛜,Char,20
4,5249,蝍,Char,20
4,5250,蝨,Char,20
4,5251,蟂,Char,20
4,5252,蟜,Char,20
4,5253,蠏,Char,20
4,5254,衕,Char,20
4,5255,衘,Char,20
4,5256,袟,Char,20
4,5257,袬,Char,20
4,5258,誾,Char,20
4,5259,譅,Char,20
4,5260,譌,Char,20
4,5261,譸,Char,20
4,5262,讜,Char,20
4,5263,趝,Char,20
4,5264,趡,Char,20
4,5265,跾,Char,20
4,5266,踀,Char,20
4,5267,踸,Char,20
4,5268,蹡,Char,20
4,5269,垌,Char,20
4,5270,蹳,Char,20
4,5271,躛,Char,20
4,5272,躩,Char,20
4,5273,躶,Char,20
4,5274,軏,Char,20
4,5275,軬,Char,20
4,5276,輵,Char,20
4,5277,轗,Char,20
4,5278,轥,Char,20
4,5279,逷,Char,20
4,5280,遈,Char,20
4,5281,邌,Char,20
4,5282,鄟,Char,20
4,5283,醎,Char,20
4,5284,釭,Char,20
4,5285,鈸,Char,20
4,5286,怊,Char,20
4,5287,銌,Char,20
4,5288,鋂,Char,20
4,5289,鋎,Char,20
4,5290,鍐,Char,20
4,5291,鎴,Char,20
4,5292,鎸,Char,20
4,5293,鑘,Char,20
4,5294,閔,Char,20
4,5295,雋,Char,20
4,5296,膪,Char,20
4,5297,霣,Char,20
4,5298,靃,Char,20
4,5299,韍,Char,20
4,5300,颩,Char,20
4,5301,飦,Char,20
4,5302,餔,Char,20
4,5303,駋,Char,20
4,5304,騄,Char,20
4,5305,骩,Char,20
4,5306,骻,Char,20
4,5307,骾,Char,20
4,5308,鬙,Char,20
4,5309,鬽,Char,20
4,5310,魫,Char,20
4,5311,鯈,Char,20
4,5312,鯩,Char,20
4,5313,鯬,Char,20
4,5314,鰌,Char,20
4,5315,鲓,Char,20
4,5316,鴂,Char,20
4,5317,鶍,Char,20
4,5318,鶠,Char,20
4,5319,鷁,Char,20
4,5320,鷖,Char,20
4,5321,鸇,Char,20
4,5322,鸘,Char,20
4,5323,鸧,Char,20
4,5324,鹙,Char,20
4,5325,麏,Char,20
4,5326,黮,Char,20
4,5327,齯,Char,20
4,5328,龓,Char,20
4,5329,盓,Char,20
4,5330,眕,Char,20
4,5331,睘,Char,20
4,5332,睩,Char,20
4,5333,矂,Char,20
4,5334,矵,Char,20
4,5335,矺,Char,20
4,5336,砪,Char,20
4,5337,硂,Char,20
4,5338,碒,Char,20
4,5339,磣,Char,20
4,5340,祤,Char,20
4,5341,禩,Char,20
4,5342,稑,Char,20
4,5343,穐,Char,20
4,5344,穛,Char,20
4,5345,竂,Char,20
4,5346,笉,Char,20
4,5347,篟,Char,20
4,5348,篺,Char,20
4,5349,紂,Char,20
4,5350,紻,Char,20
4,5351,綹,Char,20
4,5352,緐,Char,20
4,5353,縈,Char,20
4,5354,繖,Char,20
4,5355,繯,Char,20
4,5356,繴,Char,20
4,5357,纀,Char,20
4,5358,羉,Char,20
4,5359,翈,Char,20
4,5360,耡,Char,20
4,5361,腀,Char,20
4,5362,艩,Char,20
4,5363,苅,Char,20
4,5364,莁,Char,20
4,5365,菞,Char,20
4,5366,菳,Char,20
4,5367,萈,Char,20
4,5368,蒁,Char,20
4,5369,蒑,Char,20
4,5370,蓔,Char,20
4,5371,蓕,Char,20
4,5372,蔙,Char,20
4,5373,蔿,Char,20
4,5374,蕧,Char,20
4,5375,薆,Char,20
4,5376,薗,Char,20
4,5377,薝,Char,20
4,5378,藀,Char,20
4,5379,蘌,Char,20
4,5380,虋,Char,20
4,5381,蚿,Char,20
4,5382,蜫,Char,20
4,5383,蜽,Char,20
4,5384,螥,Char,20
4,5385,蠚,Char,20
4,5386,袽,Char,20
4,5387,裶,Char,20
4,5388,裺,Char,20
4,5389,褣,Char,20
4,5390,褸,Char,20
4,5391,詅,Char,20
4,5392,詇,Char,20
4,5393,詐,Char,20
4,5394,誻,Char,20
4,5395,諧,Char,20
4,5396,謚,Char,20
4,5397,豧,Char,20
4,5398,貮,Char,20
4,5399,賡,Char,20
4,5400,賱,Char,20
4,5401,赑,Char,20
4,5402,赹,Char,20
4,5403,赽,Char,20
4,5404,踃,Char,20
4,5405,蹞,Char,20
4,5406,蹧,Char,20
4,5407,躻,Char,20
4,5408,躿,Char,20
4,5409,輻,Char,20
4,5410,郟,Char,20
4,5411,鄑,Char,20
4,5412,酼,Char,20
4,5413,醁,Char,20
4,5414,醕,Char,20
4,5415,醥,Char,20
4,5416,釪,Char,20
4,5417,鈵,Char,20
4,5418,銒,Char,20
4,5419,銙,Char,20
4,5420,鋺,Char,20
4,5421,錗,Char,20
4,5422,錥,Char,20
4,5423,鍓,Char,20
4,5424,鍟,Char,20
4,5425,鎍,Char,20
4,5426,鎘,Char,20
4,5427,鏿,Char,20
4,5428,鐎,Char,20
4,5429,鐤,Char,20
4,5430,鐿,Char,20
4,5431,鑊,Char,20
4,5432,锧,Char,20
4,5433,閧,Char,20
4,5434,闛,Char,20
4,5435,隝,Char,20
4,5436,隥,Char,20
4,5437,隦,Char,20
4,5438,靄,Char,20
4,5439,靱,Char,20
4,5440,鞪,Char,20
4,5441,鞺,Char,20
4,5442,鞿,Char,20
4,5443,韟,Char,20
4,5444,顀,Char,20
4,5445,飀,Char,20
4,5446,飥,Char,20
4,5447,飪,Char,20
4,5448,餒,Char,20
4,5449,饆,Char,20
4,5450,馿,Char,20
4,5451,癀,Char,20
4,5452,驦,Char,20
4,5453,髉,Char,20
4,5454,鬉,Char,20
4,5455,鬸,Char,20
4,5456,魛,Char,20
4,5457,鳷,Char,20
4,5458,鵋,Char,20
4,5459,鵏,Char,20
4,5460,鵨,Char,20
4,5461,鵼,Char,20
4,5462,鷵,Char,20
4,5463,鷼,Char,20
4,5464,鸍,Char,20
4,5465,鸓,Char,20
4,5466,鸖,Char,20
4,5467,鹠,Char,20
4,5468,黶,Char,20
4,5469,鼉,Char,20
4,5470,齰,Char,20
4,5471,碀,Char,20
4,5472,礇,Char,20
4,5473,禪,Char,20
4,5474,筣,Char,20
4,5475,箏,Char,20
4,5476,糧,Char,20
4,5477,紐,Char,20
4,5478,紳,Char,20
4,5479,綀,Char,20
4,5480,緱,Char,20
4,5481,缾,Char,20
4,5482,羷,Char,20
4,5483,耊,Char,20
4,5484,臚,Char,20
4,5485,艍,Char,20
4,5486,葏,Char,20
4,5487,蠅,Char,20
4,5488,詛,Char,20
4,5489,誽,Char,20
4,5490,諂,Char,20
4,5491,賂,Char,20
4,5492,輧,Char,20
4,5493,輽,Char,20
4,5494,釦,Char,20
4,5495,鈕,Char,20
4,5496,鏍,Char,20
4,5497,鏽,Char,20
4,5498,鐲,Char,20
4,5499,颱,Char,20
4,5500,饝,Char,20
4,5501,騇,Char,20
4,5502,髏,Char,20
4,5503,腂,Char,20
4,5504,臗,Char,20
4,5505,眀,Char,20
4,5506,砫,Char,20
4,5507,祙,Char,20
4,5508,祳,Char,20
4,5509,粧,Char,20
4,5510,蕣,Char,20
4,5511,觓,Char,20
4,5512,趹,Char,20
4,5513,鄍,Char,20
4,5514,鈡,Char,20
4,5515,羭,Char,20
4,5516,蝄,Char,20
4,5517,衸,Char,20
4,5518,謡,Char,20
4,5519,閏,Char,20
4,5520,盪,Char,20
4,5521,眲,Char,20
4,5522,睋,Char,20
4,5523,矃,Char,20
4,5524,矒,Char,20
4,5525,硟,Char,20
4,5526,碩,Char,20
4,5527,磄,Char,20
4,5528,礂,Char,20
4,5529,礊,Char,20
4,5530,祰,Char,20
4,5531,祹,Char,20
4,5532,禐,Char,20
4,5533,秳,Char,20
4,5534,秼,Char,20
4,5535,稄,Char,20
4,5536,稇,Char,20
4,5537,稈,Char,20
4,5538,稘,Char,20
4,5539,稙,Char,20
4,5540,穢,Char,20
4,5541,竸,Char,20
4,5542,竾,Char,20
4,5543,笐,Char,20
4,5544,笜,Char,20
4,5545,筂,Char,20
4,5546,箒,Char,20
4,5547,箛,Char,20
4,5548,箞,Char,20
4,5549,箤,Char,20
4,5550,箷,Char,20
4,5551,箹,Char,20
4,5552,箿,Char,20
4,5553,篜,Char,20
4,5554,簞,Char,20
4,5555,簤,Char,20
4,5556,簨,Char,20
4,5557,簹,Char,20
4,5558,簽,Char,20
4,5559,籬,Char,20
4,5560,粔,Char,20
4,5561,粸,Char,20
4,5562,紇,Char,20
4,5563,紝,Char,20
4,5564,紺,Char,20
4,5565,絆,Char,20
4,5566,絳,Char,20
4,5567,綄,Char,20
4,5568,綊,Char,20
4,5569,綏,Char,20
4,5570,綒,Char,20
4,5571,綔,Char,20
4,5572,綗,Char,20
4,5573,綴,Char,20
4,5574,緝,Char,20
4,5575,緞,Char,20
4,5576,緦,Char,20
4,5577,緰,Char,20
4,5578,緶,Char,20
4,5579,縣,Char,20
4,5580,縹,Char,20
4,5581,繜,Char,20
4,5582,繝,Char,20
4,5583,繩,Char,20
4,5584,纏,Char,20
4,5585,罃,Char,20
4,5586,罝,Char,20
4,5587,罰,Char,20
4,5588,羴,Char,20
4,5589,翢,Char,20
4,5590,聡,Char,20
4,5591,聹,Char,20
4,5592,聻,Char,20
4,5593,聾,Char,20
4,5594,脕,Char,20
4,5595,脟,Char,20
4,5596,脳,Char,20
4,5597,脽,Char,20
4,5598,脿,Char,20
4,5599,臈,Char,20
4,5600,艑,Char,20
4,5601,艙,Char,20
4,5602,艢,Char,20
4,5603,芻,Char,20
4,5604,茻,Char,20
4,5605,荊,Char,20
4,5606,菐,Char,20
4,5607,菓,Char,20
4,5608,菙,Char,20
4,5609,菚,Char,20
4,5610,菣,Char,20
4,5611,菦,Char,20
4,5612,菨,Char,20
4,5613,葔,Char,20
4,5614,葠,Char,20
4,5615,葮,Char,20
4,5616,葲,Char,20
4,5617,蓙,Char,20
4,5618,蔁,Char,20
4,5619,蕛,Char,20
4,5620,蕜,Char,20
4,5621,蕦,Char,20
4,5622,蕵,Char,20
4,5623,蕷,Char,20
4,5624,薖,Char,20
4,5625,藨,Char,20
4,5626,藮,Char,20
4,5627,藰,Char,20
4,5628,藳,Char,20
4,5629,藵,Char,20
4,5630,虃,Char,20
4,5631,虘,Char,20
4,5632,虜,Char,20
4,5633,虝,Char,20
4,5634,蛥,Char,20
4,5635,蛶,Char,20
4,5636,蜠,Char,20
4,5637,蝸,Char,20
4,5638,螐,Char,20
4,5639,螖,Char,20
4,5640,螡,Char,20
4,5641,螢,Char,20
4,5642,蟳,Char,20
4,5643,蠌,Char,20
4,5644,蠍,Char,20
4,5645,蠒,Char,20
4,5646,蠗,Char,20
4,5647,蠝,Char,20
4,5648,蠟,Char,20
4,5649,袘,Char,20
4,5650,褜,Char,20
4,5651,褨,Char,20
4,5652,襾,Char,20
4,5653,覊,Char,20
4,5654,覚,Char,20
4,5655,覛,Char,20
4,5656,覟,Char,20
4,5657,覠,Char,20
4,5658,覯,Char,20
4,5659,訜,Char,20
4,5660,訡,Char,20
4,5661,訮,Char,20
4,5662,証,Char,20
4,5663,詷,Char,20
4,5664,詺,Char,20
4,5665,諉,Char,20
4,5666,諒,Char,20
4,5667,諘,Char,20
4,5668,諦,Char,20
4,5669,諺,Char,20
4,5670,謀,Char,20
4,5671,謠,Char,20
4,5672,謩,Char,20
4,5673,謸,Char,20
4,5674,謽,Char,20
4,5675,讍,Char,20
4,5676,讛,Char,20
4,5677,貦,Char,20
4,5678,貸,Char,20
4,5679,貽,Char,20
4,5680,賅,Char,20
4,5681,賊,Char,20
4,5682,賳,Char,20
4,5683,賺,Char,20
4,5684,贀,Char,20
4,5685,贄,Char,20
4,5686,贊,Char,20
4,5687,贌,Char,20
4,5688,趪,Char,20
4,5689,跁,Char,20
4,5690,跈,Char,20
4,5691,跒,Char,20
4,5692,蹖,Char,20
4,5693,軀,Char,20
4,5694,軇,Char,20
4,5695,軔,Char,20
4,5696,軘,Char,20
4,5697,軣,Char,20
4,5698,軻,Char,20
4,5699,輒,Char,20
4,5700,輥,Char,20
4,5701,輦,Char,20
4,5702,轟,Char,20
4,5703,逇,Char,20
4,5704,邔,Char,20
4,5705,邥,Char,20
4,5706,邫,Char,20
4,5707,鄽,Char,20
4,5708,醆,Char,20
4,5709,醞,Char,20
4,5710,醽,Char,20
4,5711,釥,Char,20
4,5712,鈂,Char,20
4,5713,鈽,Char,20
4,5714,鉍,Char,20
4,5715,鉛,Char,20
4,5716,銓,Char,20
4,5717,銜,Char,20
4,5718,鋇,Char,20
4,5719,鋒,Char,20
4,5720,鋰,Char,20
4,5721,鋷,Char,20
4,5722,錠,Char,20
4,5723,錦,Char,20
4,5724,鎲,Char,20
4,5725,鏈,Char,20
4,5726,鏟,Char,20
4,5727,鐑,Char,20
4,5728,鐬,Char,20
4,5729,鑲,Char,20
4,5730,鑴,Char,20
4,5731,鑿,Char,20
4,5732,镻,Char,20
4,5733,閑,Char,20
4,5734,閰,Char,20
4,5735,閳,Char,20
4,5736,閴,Char,20
4,5737,閹,Char,20
4,5738,闌,Char,20
4,5739,闡,Char,20
4,5740,陮,Char,20
4,5741,陻,Char,20
4,5742,霂,Char,20
4,5743,靵,Char,20
4,5744,鞊,Char,20
4,5745,鞛,Char,20
4,5746,韓,Char,20
4,5747,韴,Char,20
4,5748,韷,Char,20
4,5749,頊,Char,20
4,5750,頋,Char,20
4,5751,頓,Char,20
4,5752,頜,Char,20
4,5753,顕,Char,20
4,5754,顨,Char,20
4,5755,顴,Char,20
4,5756,飷,Char,20
4,5757,飺,Char,20
4,5758,飾,Char,20
4,5759,餀,Char,20
4,5760,餌,Char,20
4,5761,餓,Char,20
4,5762,饒,Char,20
4,5763,饡,Char,20
4,5764,饳,Char,20
4,5765,饻,Char,20
4,5766,馴,Char,20
4,5767,駜,Char,20
4,5768,駣,Char,20
4,5769,駥,Char,20
4,5770,駨,Char,20
4,5771,駶,Char,20
4,5772,騰,Char,20
4,5773,騿,Char,20
4,5774,驁,Char,20
4,5775,驇,Char,20
4,5776,驑,Char,20
4,5777,驕,Char,20
4,5778,驖,Char,20
4,5779,驥,Char,20
4,5780,髞,Char,20
4,5781,鬀,Char,20
4,5782,鬄,Char,20
4,5783,鬅,Char,20
4,5784,鬢,Char,20
4,5785,鬧,Char,20
4,5786,魰,Char,20
4,5787,魵,Char,20
4,5788,魸,Char,20
4,5789,魺,Char,20
4,5790,鯊,Char,20
4,5791,鯐,Char,20
4,5792,鯓,Char,20
4,5793,鯖,Char,20
4,5794,鯗,Char,20
4,5795,鰞,Char,20
4,5796,鰬,Char,20
4,5797,鰵,Char,20
4,5798,鰸,Char,20
4,5799,鰻,Char,20
4,5800,鱌,Char,20
4,5801,鱺,Char,20
4,5802,鳩,Char,20
4,5803,鳪,Char,20
4,5804,鳶,Char,20
4,5805,鴭,Char,20
4,5806,鴳,Char,20
4,5807,鴴,Char,20
4,5808,鴵,Char,20
4,5809,鴺,Char,20
4,5810,鴽,Char,20
4,5811,鵁,Char,20
4,5812,鵝,Char,20
4,5813,鶈,Char,20
4,5814,鶐,Char,20
4,5815,鶓,Char,20
4,5816,鶩,Char,20
4,5817,鶴,Char,20
4,5818,鷩,Char,20
4,5819,鷴,Char,20
4,5820,鷽,Char,20
4,5821,麩,Char,20
4,5822,麵,Char,20
4,5823,鼑,Char,20
4,5824,鼘,Char,20
4,5825,鼮,Char,20
4,5826,齲,Char,20
4,5827,齼,Char,20
4,5828,龝,Char,20
4,5829,,Char,20
4,5830,,Char,20
4,5831,,Char,20
4,5832,禖,Char,20
4,5833,禵,Char,20
4,5834,秅,Char,20
4,5835,竌,Char,20
4,5836,籙,Char,20
4,5837,粵,Char,20
4,5838,緋,Char,20
4,5839,羠,Char,20
4,5840,翖,Char,20
4,5841,艣,Char,20
4,5842,蚡,Char,20
4,5843,訹,Char,20
4,5844,諠,Char,20
4,5845,輂,Char,20
4,5846,輨,Char,20
4,5847,遶,Char,20
4,5848,鈆,Char,20
4,5849,鈖,Char,20
4,5850,銅,Char,20
4,5851,鍥,Char,20
4,5852,鎇,Char,20
4,5853,绗,Char,20
4,5854,鐷,Char,20
4,5855,閽,Char,20
4,5856,闟,Char,20
4,5857,韮,Char,20
4,5858,騣,Char,20
4,5859,髧,Char,20
4,5860,鴢,Char,20
4,5861,鷘,Char,20
4,5862,黺,Char,20
4,5863,祶,Char,20
4,5864,荮,Char,20
4,5865,瞏,Char,20
4,5866,稴,Char,20
4,5867,笲,Char,20
4,5868,笿,Char,20
4,5869,縪,Char,20
4,5870,纍,Char,20
4,5871,翸,Char,20
4,5872,肧,Char,20
4,5873,臶,Char,20
4,5874,蜸,Char,20
4,5875,豊,Char,20
4,5876,賁,Char,20
4,5877,輐,Char,20
4,5878,輘,Char,20
4,5879,邏,Char,20
4,5880,雘,Char,20
4,5881,鯽,Char,20
4,5882,,Char,20
4,5883,眞,Char,20
4,5884,睴,Char,20
4,5885,瞡,Char,20
4,5886,砏,Char,20
4,5887,磯,Char,20
4,5888,粿,Char,20
4,5889,紘,Char,20
4,5890,舋,Char,20
4,5891,葋,Char,20
4,5892,薭,Char,20
4,5893,虲,Char,20
4,5894,蠩,Char,20
4,5895,覵,Char,20
4,5896,註,Char,20
4,5897,詄,Char,20
4,5898,譗,Char,20
4,5899,趰,Char,20
4,5900,軧,Char,20
4,5901,岍,Char,20
4,5902,鉼,Char,20
4,5903,鋪,Char,20
4,5904,鞻,Char,20
4,5905,颵,Char,20
4,5906,餼,Char,20
4,5907,騍,Char,20
4,5908,驂,Char,20
4,5909,鯘,Char,20
4,5910,鳿,Char,20
4,5911,龎,Char,20
4,5912,睉,Char,20
4,5913,砤,Char,20
4,5914,礑,Char,20
4,5915,禰,Char,20
4,5916,窤,Char,20
4,5917,竈,Char,20
4,5918,聶,Char,20
4,5919,蕒,Char,20
4,5920,説,Char,20
4,5921,趌,Char,20
4,5922,踄,Char,20
4,5923,鑰,Char,20
4,5924,隣,Char,20
4,5925,饌,Char,20
4,5926,驛,Char,20
4,5927,骿,Char,20
4,5928,鼥,Char,20
4,5929,碵,Char,20
4,5930,竤,Char,20
4,5931,絒,Char,20
4,5932,絓,Char,20
4,5933,芼,Char,20
4,5934,萢,Char,20
4,5935,蓧,Char,20
4,5936,蔄,Char,20
4,5937,螦,Char,20
4,5938,詀,Char,20
4,5939,躦,Char,20
4,5940,狨,Char,20
4,5941,錋,Char,20
4,5942,鎝,Char,20
4,5943,鐩,Char,20
4,5944,隲,Char,20
4,5945,霝,Char,20
4,5946,鞟,Char,20
4,5947,礐,Char,20
4,5948,禗,Char,20
4,5949,稡,Char,20
4,5950,穽,Char,20
4,5951,糮,Char,20
4,5952,羮,Char,20
4,5953,肰,Char,20
4,5954,艸,Char,20
4,5955,葇,Char,20
4,5956,葟,Char,20
4,5957,蒪,Char,20
4,5958,蝑,Char,20
4,5959,螧,Char,20
4,5960,蟅,Char,20
4,5961,蟢,Char,20
4,5962,貒,Char,20
4,5963,銫,Char,20
4,5964,関,Char,20
4,5965,礤,Char,20
4,5966,鮭,Char,20
4,5967,鴙,Char,20
4,5968,鴞,Char,20
4,5969,鵣,Char,20
4,5970,鵪,Char,20
4,5971,鷦,Char,20
4,5972,鷺,Char,20
4,5973,齜,Char,20
4,5974,盢,Char,20
4,5975,眘,Char,20
4,5976,瞞,Char,20
4,5977,礿,Char,20
4,5978,祩,Char,20
4,5979,禨,Char,20
4,5980,秺,Char,20
4,5981,穟,Char,20
4,5982,窫,Char,20
4,5983,笎,Char,20
4,5984,篨,Char,20
4,5985,籋,Char,20
4,5986,緤,Char,20
4,5987,緵,Char,20
4,5988,縚,Char,20
4,5989,繿,Char,20
4,5990,羙,Char,20
4,5991,蘂,Char,20
4,5992,蜼,Char,20
4,5993,襘,Char,20
4,5994,訞,Char,20
4,5995,謄,Char,20
4,5996,谼,Char,20
4,5997,躒,Char,20
4,5998,躭,Char,20
4,5999,迍,Char,20
4,6000,釿,Char,20
4,6001,鏸,Char,20
4,6002,颻,Char,20
4,6003,餟,Char,20
4,6004,餫,Char,20
4,6005,餽,Char,20
4,6006,驆,Char,20
4,6007,鬳,Char,20
4,6008,魒,Char,20
4,6009,盉,Char,20
4,6010,睱,Char,20
4,6011,睻,Char,20
4,6012,磠,Char,20
4,6013,箋,Char,20
4,6014,絣,Char,20
4,6015,縀,Char,20
4,6016,縛,Char,20
4,6017,縧,Char,20
4,6018,荙,Char,20
4,6019,莕,Char,20
4,6020,莙,Char,20
4,6021,螠,Char,20
4,6022,蟧,Char,20
4,6023,襌,Char,20
4,6024,襽,Char,20
4,6025,豰,Char,20
4,6026,賷,Char,20
4,6027,鉽,Char,20
4,6028,銲,Char,20
4,6029,錧,Char,20
4,6030,鍚,Char,20
4,6031,鍱,Char,20
4,6032,骣,Char,20
4,6033,鑪,Char,20
4,6034,靷,Char,20
4,6035,頦,Char,20
4,6036,騊,Char,20
4,6037,骔,Char,20
4,6038,魽,Char,20
4,6039,魿,Char,20
4,6040,鮅,Char,20
4,6041,鮇,Char,20
4,6042,鮎,Char,20
4,6043,鮘,Char,20
4,6044,鮪,Char,20
4,6045,鯨,Char,20
4,6046,鰿,Char,20
4,6047,鱀,Char,20
4,6048,鱄,Char,20
4,6049,鱓,Char,20
4,6050,鲖,Char,20
4,6051,鴒,Char,20
4,6052,丂,Char,20
4,6053,丄,Char,20
4,6054,丅,Char,20
4,6055,丆,Char,20
4,6056,丌,Char,20
4,6057,丏,Char,20
4,6058,丒,Char,20
4,6059,丗,Char,20
4,6060,丟,Char,20
4,6061,丠,Char,20
4,6062,両,Char,20
4,6063,丣,Char,20
4,6064,並,Char,20
4,6065,丨,Char,20
4,6066,丩,Char,20
4,6067,丬,Char,20
4,6068,丮,Char,20
4,6069,丯,Char,20
4,6070,丱,Char,20
4,6071,丳,Char,20
4,6072,丵,Char,20
4,6073,丶,Char,20
4,6074,丷,Char,20
4,6075,丼,Char,20
4,6076,丿,Char,20
4,6077,乀,Char,20
4,6078,乁,Char,20
4,6079,乂,Char,20
4,6080,乄,Char,20
4,6081,乆,Char,20
4,6082,乊,Char,20
4,6083,乑,Char,20
4,6084,乕,Char,20
4,6085,乗,Char,20
4,6086,乚,Char,20
4,6087,乛,Char,20
4,6088,乢,Char,20
4,6089,乣,Char,20
4,6090,乤,Char,20
4,6091,乥,Char,20
4,6092,乧,Char,20
4,6093,乨,Char,20
4,6094,乪,Char,20
4,6095,乫,Char,20
4,6096,乬,Char,20
4,6097,乭,Char,20
4,6098,乮,Char,20
4,6099,乯,Char,20
4,6100,乲,Char,20
4,6101,乴,Char,20
4,6102,乵,Char,20
4,6103,乶,Char,20
4,6104,乷,Char,20
4,6105,乸,Char,20
4,6106,乹,Char,20
4,6107,乺,Char,20
4,6108,乻,Char,20
4,6109,乼,Char,20
4,6110,乽,Char,20
4,6111,乿,Char,20
4,6112,亀,Char,20
4,6113,亁,Char,20
4,6114,亂,Char,20
4,6115,亃,Char,20
4,6116,亄,Char,20
4,6117,亅,Char,20
4,6118,亇,Char,20
4,6119,亊,Char,20
4,6120,亍,Char,20
4,6121,亐,Char,20
4,6122,亖,Char,20
4,6123,亗,Char,20
4,6124,亙,Char,20
4,6125,亜,Char,20
4,6126,亝,Char,20
4,6127,亞,Char,20
4,6128,亠,Char,20
4,6129,亣,Char,20
4,6130,亪,Char,20
4,6131,亯,Char,20
4,6132,亰,Char,20
4,6133,亱,Char,20
4,6134,亴,Char,20
4,6135,亶,Char,20
4,6136,亷,Char,20
4,6137,亸,Char,20
4,6138,亹,Char,20
4,6139,亻,Char,20
4,6140,亼,Char,20
4,6141,亽,Char,20
4,6142,亾,Char,20
4,6143,仈,Char,20
4,6144,仌,Char,20
4,6145,仏,Char,20
4,6146,仐,Char,20
4,6147,仒,Char,20
4,6148,仚,Char,20
4,6149,仛,Char,20
4,6150,仜,Char,20
4,6151,仠,Char,20
4,6152,仢,Char,20
4,6153,仦,Char,20
4,6154,仧,Char,20
4,6155,仩,Char,20
4,6156,仭,Char,20
4,6157,仮,Char,20
4,6158,仯,Char,20
4,6159,仱,Char,20
4,6160,仴,Char,20
4,6161,仸,Char,20
4,6162,仹,Char,20
4,6163,仺,Char,20
4,6164,仼,Char,20
4,6165,仾,Char,20
4,6166,伀,Char,20
4,6167,伂,Char,20
4,6168,伃,Char,20
4,6169,伄,Char,20
4,6170,伅,Char,20
4,6171,伆,Char,20
4,6172,伇,Char,20
4,6173,伈,Char,20
4,6174,伋,Char,20
4,6175,伌,Char,20
4,6176,伒,Char,20
4,6177,伓,Char,20
4,6178,伔,Char,20
4,6179,伕,Char,20
4,6180,伖,Char,20
4,6181,伜,Char,20
4,6182,伝,Char,20
4,6183,伡,Char,20
4,6184,伣,Char,20
4,6185,伨,Char,20
4,6186,伩,Char,20
4,6187,伬,Char,20
4,6188,伭,Char,20
4,6189,伮,Char,20
4,6190,伱,Char,20
4,6191,伳,Char,20
4,6192,伵,Char,20
4,6193,伷,Char,20
4,6194,伹,Char,20
4,6195,伻,Char,20
4,6196,伾,Char,20
4,6197,伿,Char,20
4,6198,佀,Char,20
4,6199,佁,Char,20
4,6200,佂,Char,20
4,6201,佄,Char,20
4,6202,佅,Char,20
4,6203,佇,Char,20
4,6204,佈,Char,20
4,6205,佉,Char,20
4,6206,佊,Char,20
4,6207,佋,Char,20
4,6208,佌,Char,20
4,6209,佒,Char,20
4,6210,佔,Char,20
4,6211,佖,Char,20
4,6212,佡,Char,20
4,6213,佢,Char,20
4,6214,佦,Char,20
4,6215,佨,Char,20
4,6216,佪,Char,20
4,6217,佫,Char,20
4,6218,佭,Char,20
4,6219,佮,Char,20
4,6220,佱,Char,20
4,6221,佲,Char,20
4,6222,併,Char,20
4,6223,佷,Char,20
4,6224,佸,Char,20
4,6225,佹,Char,20
4,6226,佺,Char,20
4,6227,佽,Char,20
4,6228,侀,Char,20
4,6229,侁,Char,20
4,6230,侂,Char,20
4,6231,侅,Char,20
4,6232,來,Char,20
4,6233,侇,Char,20
4,6234,侊,Char,20
4,6235,侌,Char,20
4,6236,侎,Char,20
4,6237,侐,Char,20
4,6238,侒,Char,20
4,6239,侓,Char,20
4,6240,侕,Char,20
4,6241,侖,Char,20
4,6242,侘,Char,20
4,6243,侙,Char,20
4,6244,侚,Char,20
4,6245,侜,Char,20
4,6246,侞,Char,20
4,6247,侟,Char,20
4,6248,価,Char,20
4,6249,侢,Char,20
4,6250,侤,Char,20
4,6251,侫,Char,20
4,6252,侭,Char,20
4,6253,侰,Char,20
4,6254,侱,Char,20
4,6255,侲,Char,20
4,6256,侳,Char,20
4,6257,侴,Char,20
4,6258,侶,Char,20
4,6259,侷,Char,20
4,6260,侸,Char,20
4,6261,侹,Char,20
4,6262,侺,Char,20
4,6263,侻,Char,20
4,6264,侼,Char,20
4,6265,侽,Char,20
4,6266,侾,Char,20
4,6267,俀,Char,20
4,6268,俁,Char,20
4,6269,係,Char,20
4,6270,俆,Char,20
4,6271,俇,Char,20
4,6272,俈,Char,20
4,6273,俉,Char,20
4,6274,俋,Char,20
4,6275,俌,Char,20
4,6276,俍,Char,20
4,6277,俒,Char,20
4,6278,俓,Char,20
4,6279,俔,Char,20
4,6280,俕,Char,20
4,6281,俖,Char,20
4,6282,俙,Char,20
4,6283,俛,Char,20
4,6284,俠,Char,20
4,6285,俢,Char,20
4,6286,俤,Char,20
4,6287,俥,Char,20
4,6288,俧,Char,20
4,6289,俫,Char,20
4,6290,俬,Char,20
4,6291,俰,Char,20
4,6292,俲,Char,20
4,6293,俴,Char,20
4,6294,俵,Char,20
4,6295,俶,Char,20
4,6296,俷,Char,20
4,6297,俹,Char,20
4,6298,俻,Char,20
4,6299,俼,Char,20
4,6300,俽,Char,20
4,6301,俿,Char,20
4,6302,倀,Char,20
4,6303,倁,Char,20
4,6304,倂,Char,20
4,6305,倃,Char,20
4,6306,倄,Char,20
4,6307,倅,Char,20
4,6308,倆,Char,20
4,6309,倇,Char,20
4,6310,倈,Char,20
4,6311,倉,Char,20
4,6312,倊,Char,20
4,6313,個,Char,20
4,6314,倎,Char,20
4,6315,倐,Char,20
4,6316,們,Char,20
4,6317,倓,Char,20
4,6318,倕,Char,20
4,6319,倖,Char,20
4,6320,倗,Char,20
4,6321,倛,Char,20
4,6322,倝,Char,20
4,6323,倞,Char,20
4,6324,倠,Char,20
4,6325,倢,Char,20
4,6326,倣,Char,20
4,6327,値,Char,20
4,6328,倧,Char,20
4,6329,倫,Char,20
4,6330,倯,Char,20
4,6331,倰,Char,20
4,6332,倱,Char,20
4,6333,倲,Char,20
4,6334,倳,Char,20
4,6335,倴,Char,20
4,6336,倵,Char,20
4,6337,倶,Char,20
4,6338,倷,Char,20
4,6339,倸,Char,20
4,6340,倹,Char,20
4,6341,倻,Char,20
4,6342,倽,Char,20
4,6343,倿,Char,20
4,6344,偀,Char,20
4,6345,偁,Char,20
4,6346,偂,Char,20
4,6347,偄,Char,20
4,6348,偅,Char,20
4,6349,偆,Char,20
4,6350,偉,Char,20
4,6351,偊,Char,20
4,6352,偋,Char,20
4,6353,偍,Char,20
4,6354,偐,Char,20
4,6355,偑,Char,20
4,6356,偒,Char,20
4,6357,偓,Char,20
4,6358,偔,Char,20
4,6359,偖,Char,20
4,6360,偗,Char,20
4,6361,偘,Char,20
4,6362,偙,Char,20
4,6363,偛,Char,20
4,6364,偝,Char,20
4,6365,偞,Char,20
4,6366,偟,Char,20
4,6367,偠,Char,20
4,6368,偡,Char,20
4,6369,偢,Char,20
4,6370,偣,Char,20
4,6371,偤,Char,20
4,6372,偦,Char,20
4,6373,偧,Char,20
4,6374,偨,Char,20
4,6375,偩,Char,20
4,6376,偪,Char,20
4,6377,偫,Char,20
4,6378,偭,Char,20
4,6379,偮,Char,20
4,6380,偯,Char,20
4,6381,偰,Char,20
4,6382,偱,Char,20
4,6383,偲,Char,20
4,6384,偳,Char,20
4,6385,側,Char,20
4,6386,偵,Char,20
4,6387,偸,Char,20
4,6388,偹,Char,20
4,6389,偺,Char,20
4,6390,偼,Char,20
4,6391,偽,Char,20
4,6392,傁,Char,20
4,6393,傂,Char,20
4,6394,傃,Char,20
4,6395,傄,Char,20
4,6396,傆,Char,20
4,6397,傇,Char,20
4,6398,傉,Char,20
4,6399,傊,Char,20
4,6400,傋,Char,20
4,6401,傌,Char,20
4,6402,傎,Char,20
4,6403,傏,Char,20
4,6404,傐,Char,20
4,6405,傑,Char,20
4,6406,傒,Char,20
4,6407,傓,Char,20
4,6408,傔,Char,20
4,6409,傕,Char,20
4,6410,傖,Char,20
4,6411,傗,Char,20
4,6412,傘,Char,20
4,6413,備,Char,20
4,6414,傚,Char,20
4,6415,傛,Char,20
4,6416,傜,Char,20
4,6417,傝,Char,20
4,6418,傞,Char,20
4,6419,傟,Char,20
4,6420,傠,Char,20
4,6421,傡,Char,20
4,6422,傢,Char,20
4,6423,傤,Char,20
4,6424,傦,Char,20
4,6425,傪,Char,20
4,6426,傫,Char,20
4,6427,傭,Char,20
4,6428,傮,Char,20
4,6429,傯,Char,20
4,6430,傰,Char,20
4,6431,傱,Char,20
4,6432,傳,Char,20
4,6433,傴,Char,20
4,6434,債,Char,20
4,6435,傶,Char,20
4,6436,傷,Char,20
4,6437,傸,Char,20
4,6438,傹,Char,20
4,6439,傼,Char,20
4,6440,傽,Char,20
4,6441,傾,Char,20
4,6442,傿,Char,20
4,6443,僀,Char,20
4,6444,僁,Char,20
4,6445,僂,Char,20
4,6446,僃,Char,20
4,6447,僄,Char,20
4,6448,僅,Char,20
4,6449,僆,Char,20
4,6450,僇,Char,20
4,6451,僈,Char,20
4,6452,僉,Char,20
4,6453,僊,Char,20
4,6454,僋,Char,20
4,6455,僌,Char,20
4,6456,働,Char,20
4,6457,僎,Char,20
4,6458,僐,Char,20
4,6459,僑,Char,20
4,6460,僒,Char,20
4,6461,僓,Char,20
4,6462,僔,Char,20
4,6463,僕,Char,20
4,6464,僗,Char,20
4,6465,僘,Char,20
4,6466,僙,Char,20
4,6467,僛,Char,20
4,6468,僜,Char,20
4,6469,僝,Char,20
4,6470,僞,Char,20
4,6471,僟,Char,20
4,6472,僠,Char,20
4,6473,僡,Char,20
4,6474,僢,Char,20
4,6475,僣,Char,20
4,6476,僤,Char,20
4,6477,僥,Char,20
4,6478,僨,Char,20
4,6479,僩,Char,20
4,6480,僪,Char,20
4,6481,僫,Char,20
4,6482,僯,Char,20
4,6483,僰,Char,20
4,6484,僱,Char,20
4,6485,僲,Char,20
4,6486,僴,Char,20
4,6487,僶,Char,20
4,6488,僷,Char,20
4,6489,僸,Char,20
4,6490,價,Char,20
4,6491,僺,Char,20
4,6492,僼,Char,20
4,6493,僽,Char,20
4,6494,僾,Char,20
4,6495,僿,Char,20
4,6496,儀,Char,20
4,6497,儁,Char,20
4,6498,儂,Char,20
4,6499,儃,Char,20
4,6500,億,Char,20
4,6501,儅,Char,20
4,6502,儈,Char,20
4,6503,儉,Char,20
4,6504,儊,Char,20
4,6505,儌,Char,20
4,6506,儍,Char,20
4,6507,儎,Char,20
4,6508,儏,Char,20
4,6509,儐,Char,20
4,6510,儑,Char,20
4,6511,儓,Char,20
4,6512,儔,Char,20
4,6513,儕,Char,20
4,6514,儖,Char,20
4,6515,儗,Char,20
4,6516,儘,Char,20
4,6517,儙,Char,20
4,6518,儚,Char,20
4,6519,儛,Char,20
4,6520,儜,Char,20
4,6521,儝,Char,20
4,6522,儞,Char,20
4,6523,償,Char,20
4,6524,儠,Char,20
4,6525,儢,Char,20
4,6526,儣,Char,20
4,6527,儤,Char,20
4,6528,儥,Char,20
4,6529,儦,Char,20
4,6530,儧,Char,20
4,6531,儨,Char,20
4,6532,儩,Char,20
4,6533,優,Char,20
4,6534,儫,Char,20
4,6535,儬,Char,20
4,6536,儭,Char,20
4,6537,儮,Char,20
4,6538,儯,Char,20
4,6539,儰,Char,20
4,6540,儱,Char,20
4,6541,儲,Char,20
4,6542,儳,Char,20
4,6543,儴,Char,20
4,6544,儵,Char,20
4,6545,儶,Char,20
4,6546,儷,Char,20
4,6547,儸,Char,20
4,6548,儹,Char,20
4,6549,儺,Char,20
4,6550,儻,Char,20
4,6551,儼,Char,20
4,6552,儽,Char,20
4,6553,儾,Char,20
4,6554,兂,Char,20
4,6555,兇,Char,20
4,6556,兊,Char,20
4,6557,兌,Char,20
4,6558,兎,Char,20
4,6559,兏,Char,20
4,6560,児,Char,20
4,6561,兒,Char,20
4,6562,兓,Char,20
4,6563,兗,Char,20
4,6564,兘,Char,20
4,6565,兙,Char,20
4,6566,兛,Char,20
4,6567,兝,Char,20
4,6568,兞,Char,20
4,6569,兟,Char,20
4,6570,兠,Char,20
4,6571,兡,Char,20
4,6572,兣,Char,20
4,6573,兤,Char,20
4,6574,兦,Char,20
4,6575,內,Char,20
4,6576,兩,Char,20
4,6577,兪,Char,20
4,6578,兯,Char,20
4,6579,兲,Char,20
4,6580,兺,Char,20
4,6581,兾,Char,20
4,6582,兿,Char,20
4,6583,冂,Char,20
4,6584,冃,Char,20
4,6585,冄,Char,20
4,6586,円,Char,20
4,6587,冇,Char,20
4,6588,冊,Char,20
4,6589,冋,Char,20
4,6590,冎,Char,20
4,6591,冏,Char,20
4,6592,冐,Char,20
4,6593,冑,Char,20
4,6594,冓,Char,20
4,6595,冔,Char,20
4,6596,冖,Char,20
4,6597,冘,Char,20
4,6598,冚,Char,20
4,6599,冝,Char,20
4,6600,冞,Char,20
4,6601,冟,Char,20
4,6602,冡,Char,20
4,6603,冣,Char,20
4,6604,冦,Char,20
4,6605,冧,Char,20
4,6606,冨,Char,20
4,6607,冩,Char,20
4,6608,冪,Char,20
4,6609,冫,Char,20
4,6610,冭,Char,20
4,6611,冮,Char,20
4,6612,冴,Char,20
4,6613,冸,Char,20
4,6614,冹,Char,20
4,6615,冺,Char,20
4,6616,冾,Char,20
4,6617,冿,Char,20
4,6618,凁,Char,20
4,6619,凂,Char,20
4,6620,凃,Char,20
4,6621,凅,Char,20
4,6622,凈,Char,20
4,6623,凊,Char,20
4,6624,凍,Char,20
4,6625,凎,Char,20
4,6626,凐,Char,20
4,6627,凒,Char,20
4,6628,凓,Char,20
4,6629,凔,Char,20
4,6630,凕,Char,20
4,6631,凖,Char,20
4,6632,凗,Char,20
4,6633,凘,Char,20
4,6634,凙,Char,20
4,6635,凚,Char,20
4,6636,凜,Char,20
4,6637,凞,Char,20
4,6638,凟,Char,20
4,6639,凢,Char,20
4,6640,凣,Char,20
4,6641,凥,Char,20
4,6642,処,Char,20
4,6643,凧,Char,20
4,6644,凨,Char,20
4,6645,凩,Char,20
4,6646,凪,Char,20
4,6647,凬,Char,20
4,6648,凮,Char,20
4,6649,凱,Char,20
4,6650,凲,Char,20
4,6651,凴,Char,20
4,6652,凵,Char,20
4,6653,凷,Char,20
4,6654,凾,Char,20
4,6655,刂,Char,20
4,6656,刄,Char,20
4,6657,刅,Char,20
4,6658,刉,Char,20
4,6659,刋,Char,20
4,6660,刌,Char,20
4,6661,刏,Char,20
4,6662,刐,Char,20
4,6663,刓,Char,20
4,6664,刔,Char,20
4,6665,刕,Char,20
4,6666,刜,Char,20
4,6667,刞,Char,20
4,6668,刟,Char,20
4,6669,刡,Char,20
4,6670,刢,Char,20
4,6671,刣,Char,20
4,6672,別,Char,20
4,6673,刦,Char,20
4,6674,刧,Char,20
4,6675,刪,Char,20
4,6676,刬,Char,20
4,6677,刯,Char,20
4,6678,刱,Char,20
4,6679,刲,Char,20
4,6680,刴,Char,20
4,6681,刵,Char,20
4,6682,刼,Char,20
4,6683,刾,Char,20
4,6684,剄,Char,20
4,6685,剅,Char,20
4,6686,剆,Char,20
4,6687,則,Char,20
4,6688,剈,Char,20
4,6689,剉,Char,20
4,6690,剋,Char,20
4,6691,剎,Char,20
4,6692,剏,Char,20
4,6693,剒,Char,20
4,6694,剓,Char,20
4,6695,剕,Char,20
4,6696,剗,Char,20
4,6697,剘,Char,20
4,6698,剙,Char,20
4,6699,剚,Char,20
4,6700,剛,Char,20
4,6701,剝,Char,20
4,6702,剟,Char,20
4,6703,剠,Char,20
4,6704,剢,Char,20
4,6705,剣,Char,20
4,6706,剤,Char,20
4,6707,剦,Char,20
4,6708,剨,Char,20
4,6709,剫,Char,20
4,6710,剬,Char,20
4,6711,剭,Char,20
4,6712,剮,Char,20
4,6713,剰,Char,20
4,6714,剱,Char,20
4,6715,剳,Char,20
4,6716,剴,Char,20
4,6717,創,Char,20
4,6718,剶,Char,20
4,6719,剷,Char,20
4,6720,剸,Char,20
4,6721,剹,Char,20
4,6722,剺,Char,20
4,6723,剻,Char,20
4,6724,剼,Char,20
4,6725,剾,Char,20
4,6726,劀,Char,20
4,6727,劃,Char,20
4,6728,劄,Char,20
4,6729,劅,Char,20
4,6730,劆,Char,20
4,6731,劇,Char,20
4,6732,劉,Char,20
4,6733,劊,Char,20
4,6734,劋,Char,20
4,6735,劌,Char,20
4,6736,劍,Char,20
4,6737,劎,Char,20
4,6738,劏,Char,20
4,6739,劑,Char,20
4,6740,劒,Char,20
4,6741,劔,Char,20
4,6742,劕,Char,20
4,6743,劖,Char,20
4,6744,劗,Char,20
4,6745,劘,Char,20
4,6746,劙,Char,20
4,6747,劚,Char,20
4,6748,劜,Char,20
4,6749,劤,Char,20
4,6750,劥,Char,20
4,6751,劦,Char,20
4,6752,劧,Char,20
4,6753,劮,Char,20
4,6754,劯,Char,20
4,6755,劰,Char,20
4,6756,労,Char,20
4,6757,劵,Char,20
4,6758,劶,Char,20
4,6759,劷,Char,20
4,6760,劸,Char,20
4,6761,効,Char,20
4,6762,劺,Char,20
4,6763,劻,Char,20
4,6764,劼,Char,20
4,6765,劽,Char,20
4,6766,勀,Char,20
4,6767,勁,Char,20
4,6768,勂,Char,20
4,6769,勄,Char,20
4,6770,勅,Char,20
4,6771,勆,Char,20
4,6772,勈,Char,20
4,6773,勊,Char,20
4,6774,勌,Char,20
4,6775,勍,Char,20
4,6776,勎,Char,20
4,6777,勏,Char,20
4,6778,勑,Char,20
4,6779,勓,Char,20
4,6780,勔,Char,20
4,6781,動,Char,20
4,6782,勗,Char,20
4,6783,務,Char,20
4,6784,勚,Char,20
4,6785,勛,Char,20
4,6786,勜,Char,20
4,6787,勝,Char,20
4,6788,勞,Char,20
4,6789,勠,Char,20
4,6790,勡,Char,20
4,6791,勢,Char,20
4,6792,勣,Char,20
4,6793,勥,Char,20
4,6794,勦,Char,20
4,6795,勧,Char,20
4,6796,勨,Char,20
4,6797,勩,Char,20
4,6798,勪,Char,20
4,6799,勫,Char,20
4,6800,勬,Char,20
4,6801,勭,Char,20
4,6802,勮,Char,20
4,6803,勯,Char,20
4,6804,勱,Char,20
4,6805,勲,Char,20
4,6806,勳,Char,20
4,6807,勴,Char,20
4,6808,勵,Char,20
4,6809,勶,Char,20
4,6810,勷,Char,20
4,6811,勸,Char,20
4,6812,勹,Char,20
4,6813,勻,Char,20
4,6814,勼,Char,20
4,6815,勽,Char,20
4,6816,匁,Char,20
4,6817,匂,Char,20
4,6818,匃,Char,20
4,6819,匄,Char,20
4,6820,匇,Char,20
4,6821,匉,Char,20
4,6822,匊,Char,20
4,6823,匋,Char,20
4,6824,匌,Char,20
4,6825,匎,Char,20
4,6826,匑,Char,20
4,6827,匒,Char,20
4,6828,匓,Char,20
4,6829,匔,Char,20
4,6830,匘,Char,20
4,6831,匛,Char,20
4,6832,匜,Char,20
4,6833,匞,Char,20
4,6834,匟,Char,20
4,6835,匢,Char,20
4,6836,匤,Char,20
4,6837,匥,Char,20
4,6838,匧,Char,20
4,6839,匨,Char,20
4,6840,匩,Char,20
4,6841,匫,Char,20
4,6842,匬,Char,20
4,6843,匭,Char,20
4,6844,匯,Char,20
4,6845,匰,Char,20
4,6846,匱,Char,20
4,6847,匲,Char,20
4,6848,匳,Char,20
4,6849,匴,Char,20
4,6850,匵,Char,20
4,6851,匶,Char,20
4,6852,匷,Char,20
4,6853,匸,Char,20
4,6854,匼,Char,20
4,6855,匽,Char,20
4,6856,區,Char,20
4,6857,卂,Char,20
4,6858,卄,Char,20
4,6859,卆,Char,20
4,6860,卋,Char,20
4,6861,卌,Char,20
4,6862,卍,Char,20
4,6863,卐,Char,20
4,6864,協,Char,20
4,6865,単,Char,20
4,6866,卙,Char,20
4,6867,卛,Char,20
4,6868,卝,Char,20
4,6869,卥,Char,20
4,6870,卨,Char,20
4,6871,卩,Char,20
4,6872,卪,Char,20
4,6873,卬,Char,20
4,6874,卭,Char,20
4,6875,卲,Char,20
4,6876,卶,Char,20
4,6877,卹,Char,20
4,6878,卻,Char,20
4,6879,卼,Char,20
4,6880,卽,Char,20
4,6881,卾,Char,20
4,6882,厀,Char,20
4,6883,厁,Char,20
4,6884,厃,Char,20
4,6885,厇,Char,20
4,6886,厈,Char,20
4,6887,厊,Char,20
4,6888,厎,Char,20
4,6889,厏,Char,20
4,6890,厐,Char,20
4,6891,厑,Char,20
4,6892,厒,Char,20
4,6893,厓,Char,20
4,6894,厔,Char,20
4,6895,厖,Char,20
4,6896,厗,Char,20
4,6897,厙,Char,20
4,6898,厛,Char,20
4,6899,厜,Char,20
4,6900,厞,Char,20
4,6901,厠,Char,20
4,6902,厡,Char,20
4,6903,厤,Char,20
4,6904,厧,Char,20
4,6905,厪,Char,20
4,6906,厫,Char,20
4,6907,厬,Char,20
4,6908,厭,Char,20
4,6909,厯,Char,20
4,6910,厰,Char,20
4,6911,厱,Char,20
4,6912,厲,Char,20
4,6913,厳,Char,20
4,6914,厴,Char,20
4,6915,厵,Char,20
4,6916,厶,Char,20
4,6917,厷,Char,20
4,6918,厸,Char,20
4,6919,厹,Char,20
4,6920,厺,Char,20
4,6921,厼,Char,20
4,6922,厽,Char,20
4,6923,厾,Char,20
4,6924,叀,Char,20
4,6925,參,Char,20
4,6926,叄,Char,20
4,6927,叅,Char,20
4,6928,叆,Char,20
4,6929,叇,Char,20
4,6930,収,Char,20
4,6931,叏,Char,20
4,6932,叐,Char,20
4,6933,叒,Char,20
4,6934,叓,Char,20
4,6935,叕,Char,20
4,6936,叚,Char,20
4,6937,叜,Char,20
4,6938,叝,Char,20
4,6939,叞,Char,20
4,6940,叡,Char,20
4,6941,叢,Char,20
4,6942,叧,Char,20
4,6943,叴,Char,20
4,6944,叺,Char,20
4,6945,叾,Char,20
4,6946,叿,Char,20
4,6947,吀,Char,20
4,6948,吂,Char,20
4,6949,吅,Char,20
4,6950,吇,Char,20
4,6951,吋,Char,20
4,6952,吔,Char,20
4,6953,吘,Char,20
4,6954,吙,Char,20
4,6955,吚,Char,20
4,6956,吜,Char,20
4,6957,吢,Char,20
4,6958,吤,Char,20
4,6959,吥,Char,20
4,6960,吪,Char,20
4,6961,吰,Char,20
4,6962,吳,Char,20
4,6963,吶,Char,20
4,6964,吷,Char,20
4,6965,吺,Char,20
4,6966,吽,Char,20
4,6967,吿,Char,20
4,6968,呁,Char,20
4,6969,呂,Char,20
4,6970,呄,Char,20
4,6971,呅,Char,20
4,6972,呇,Char,20
4,6973,呉,Char,20
4,6974,呌,Char,20
4,6975,呍,Char,20
4,6976,呎,Char,20
4,6977,呏,Char,20
4,6978,呑,Char,20
4,6979,呚,Char,20
4,6980,呝,Char,20
4,6981,呞,Char,20
4,6982,呟,Char,20
4,6983,呠,Char,20
4,6984,呡,Char,20
4,6985,呣,Char,20
4,6986,呥,Char,20
4,6987,呧,Char,20
4,6988,呩,Char,20
4,6989,呪,Char,20
4,6990,呫,Char,20
4,6991,呬,Char,20
4,6992,呭,Char,20
4,6993,呮,Char,20
4,6994,呯,Char,20
4,6995,呰,Char,20
4,6996,呴,Char,20
4,6997,呹,Char,20
4,6998,呺,Char,20
4,6999,呾,Char,20
4,7000,呿,Char,20
4,7001,咁,Char,20
4,7002,咃,Char,20
4,7003,咅,Char,20
4,7004,咇,Char,20
4,7005,咈,Char,20
4,7006,咉,Char,20
4,7007,咊,Char,20
4,7008,咍,Char,20
4,7009,咑,Char,20
4,7010,咓,Char,20
4,7011,咗,Char,20
4,7012,咘,Char,20
4,7013,咜,Char,20
4,7014,咞,Char,20
4,7015,咟,Char,20
4,7016,咠,Char,20
4,7017,咡,Char,20
4,7018,咢,Char,20
4,7019,咥,Char,20
4,7020,咮,Char,20
4,7021,咰,Char,20
4,7022,咲,Char,20
4,7023,咵,Char,20
4,7024,咶,Char,20
4,7025,咷,Char,20
4,7026,咹,Char,20
4,7027,咺,Char,20
4,7028,咼,Char,20
4,7029,咾,Char,20
4,7030,哃,Char,20
4,7031,哅,Char,20
4,7032,哊,Char,20
4,7033,哋,Char,20
4,7034,哖,Char,20
4,7035,哘,Char,20
4,7036,哛,Char,20
4,7037,哠,Char,20
4,7038,員,Char,20
4,7039,哢,Char,20
4,7040,哣,Char,20
4,7041,哤,Char,20
4,7042,哫,Char,20
4,7043,哬,Char,20
4,7044,哯,Char,20
4,7045,哰,Char,20
4,7046,哱,Char,20
4,7047,哴,Char,20
4,7048,哵,Char,20
4,7049,哶,Char,20
4,7050,哷,Char,20
4,7051,哸,Char,20
4,7052,哹,Char,20
4,7053,哻,Char,20
4,7054,哾,Char,20
4,7055,唀,Char,20
4,7056,唂,Char,20
4,7057,唃,Char,20
4,7058,唄,Char,20
4,7059,唅,Char,20
4,7060,唈,Char,20
4,7061,唊,Char,20
4,7062,唋,Char,20
4,7063,唌,Char,20
4,7064,唍,Char,20
4,7065,唎,Char,20
4,7066,唒,Char,20
4,7067,唓,Char,20
4,7068,唕,Char,20
4,7069,唖,Char,20
4,7070,唗,Char,20
4,7071,唘,Char,20
4,7072,唙,Char,20
4,7073,唚,Char,20
4,7074,唜,Char,20
4,7075,唝,Char,20
4,7076,唞,Char,20
4,7077,唟,Char,20
4,7078,唡,Char,20
4,7079,唥,Char,20
4,7080,唦,Char,20
4,7081,唨,Char,20
4,7082,唩,Char,20
4,7083,唫,Char,20
4,7084,唭,Char,20
4,7085,唲,Char,20
4,7086,唴,Char,20
4,7087,唵,Char,20
4,7088,唶,Char,20
4,7089,唸,Char,20
4,7090,唹,Char,20
4,7091,唺,Char,20
4,7092,唻,Char,20
4,7093,唽,Char,20
4,7094,啀,Char,20
4,7095,啂,Char,20
4,7096,啅,Char,20
4,7097,啇,Char,20
4,7098,啈,Char,20
4,7099,啋,Char,20
4,7100,啌,Char,20
4,7101,啍,Char,20
4,7102,啎,Char,20
4,7103,問,Char,20
4,7104,啑,Char,20
4,7105,啒,Char,20
4,7106,啓,Char,20
4,7107,啔,Char,20
4,7108,啗,Char,20
4,7109,啘,Char,20
4,7110,啙,Char,20
4,7111,啚,Char,20
4,7112,啛,Char,20
4,7113,啝,Char,20
4,7114,啞,Char,20
4,7115,啟,Char,20
4,7116,啠,Char,20
4,7117,啢,Char,20
4,7118,啣,Char,20
4,7119,啨,Char,20
4,7120,啩,Char,20
4,7121,啫,Char,20
4,7122,啯,Char,20
4,7123,啰,Char,20
4,7124,啱,Char,20
4,7125,啲,Char,20
4,7126,啳,Char,20
4,7127,啴,Char,20
4,7128,啹,Char,20
4,7129,啺,Char,20
4,7130,啽,Char,20
4,7131,啿,Char,20
4,7132,喅,Char,20
4,7133,喆,Char,20
4,7134,喌,Char,20
4,7135,喍,Char,20
4,7136,喎,Char,20
4,7137,喐,Char,20
4,7138,喒,Char,20
4,7139,喓,Char,20
4,7140,喕,Char,20
4,7141,喖,Char,20
4,7142,喗,Char,20
4,7143,喚,Char,20
4,7144,喛,Char,20
4,7145,喞,Char,20
4,7146,喠,Char,20
4,7147,喡,Char,20
4,7148,喢,Char,20
4,7149,喣,Char,20
4,7150,喤,Char,20
4,7151,喥,Char,20
4,7152,喦,Char,20
4,7153,喨,Char,20
4,7154,喩,Char,20
4,7155,喪,Char,20
4,7156,喫,Char,20
4,7157,喬,Char,20
4,7158,喭,Char,20
4,7159,單,Char,20
4,7160,喯,Char,20
4,7161,喰,Char,20
4,7162,喲,Char,20
4,7163,喴,Char,20
4,7164,営,Char,20
4,7165,喸,Char,20
4,7166,喺,Char,20
4,7167,喼,Char,20
4,7168,喿,Char,20
4,7169,嗀,Char,20
4,7170,嗁,Char,20
4,7171,嗂,Char,20
4,7172,嗃,Char,20
4,7173,嗆,Char,20
4,7174,嗇,Char,20
4,7175,嗈,Char,20
4,7176,嗊,Char,20
4,7177,嗋,Char,20
4,7178,嗎,Char,20
4,7179,嗏,Char,20
4,7180,嗐,Char,20
4,7181,嗕,Char,20
4,7182,嗗,Char,20
4,7183,嗘,Char,20
4,7184,嗙,Char,20
4,7185,嗚,Char,20
4,7186,嗛,Char,20
4,7187,嗞,Char,20
4,7188,嗠,Char,20
4,7189,嗢,Char,20
4,7190,嗧,Char,20
4,7191,嗩,Char,20
4,7192,嗭,Char,20
4,7193,嗮,Char,20
4,7194,嗰,Char,20
4,7195,嗱,Char,20
4,7196,嗴,Char,20
4,7197,嗶,Char,20
4,7198,嗸,Char,20
4,7199,嗹,Char,20
4,7200,嗺,Char,20
4,7201,嗻,Char,20
4,7202,嗼,Char,20
4,7203,嗿,Char,20
4,7204,嘂,Char,20
4,7205,嘃,Char,20
4,7206,嘄,Char,20
4,7207,嘅,Char,20
4,7208,嘆,Char,20
4,7209,嘇,Char,20
4,7210,嘊,Char,20
4,7211,嘋,Char,20
4,7212,嘍,Char,20
4,7213,嘐,Char,20
4,7214,嘑,Char,20
4,7215,嘒,Char,20
4,7216,嘓,Char,20
4,7217,嘔,Char,20
4,7218,嘕,Char,20
4,7219,嘖,Char,20
4,7220,嘗,Char,20
4,7221,嘙,Char,20
4,7222,嘚,Char,20
4,7223,嘜,Char,20
4,7224,嘝,Char,20
4,7225,嘠,Char,20
4,7226,嘡,Char,20
4,7227,嘢,Char,20
4,7228,嘥,Char,20
4,7229,嘦,Char,20
4,7230,嘨,Char,20
4,7231,嘩,Char,20
4,7232,嘪,Char,20
4,7233,嘫,Char,20
4,7234,嘮,Char,20
4,7235,嘯,Char,20
4,7236,嘰,Char,20
4,7237,嘳,Char,20
4,7238,嘵,Char,20
4,7239,嘷,Char,20
4,7240,嘸,Char,20
4,7241,嘺,Char,20
4,7242,嘼,Char,20
4,7243,嘽,Char,20
4,7244,嘾,Char,20
4,7245,噀,Char,20
4,7246,噁,Char,20
4,7247,噂,Char,20
4,7248,噃,Char,20
4,7249,噄,Char,20
4,7250,噅,Char,20
4,7251,噆,Char,20
4,7252,噇,Char,20
4,7253,噈,Char,20
4,7254,噉,Char,20
4,7255,噊,Char,20
4,7256,噋,Char,20
4,7257,噏,Char,20
4,7258,噐,Char,20
4,7259,噑,Char,20
4,7260,噒,Char,20
4,7261,噓,Char,20
4,7262,噕,Char,20
4,7263,噖,Char,20
4,7264,噚,Char,20
4,7265,噛,Char,20
4,7266,噝,Char,20
4,7267,噞,Char,20
4,7268,噟,Char,20
4,7269,噠,Char,20
4,7270,噡,Char,20
4,7271,噣,Char,20
4,7272,噥,Char,20
4,7273,噦,Char,20
4,7274,噧,Char,20
4,7275,噭,Char,20
4,7276,噮,Char,20
4,7277,噯,Char,20
4,7278,噰,Char,20
4,7279,噲,Char,20
4,7280,噳,Char,20
4,7281,噴,Char,20
4,7282,噵,Char,20
4,7283,噷,Char,20
4,7284,噸,Char,20
4,7285,噹,Char,20
4,7286,噺,Char,20
4,7287,噽,Char,20
4,7288,噾,Char,20
4,7289,噿,Char,20
4,7290,嚀,Char,20
4,7291,嚁,Char,20
4,7292,嚂,Char,20
4,7293,嚃,Char,20
4,7294,嚄,Char,20
4,7295,嚇,Char,20
4,7296,嚈,Char,20
4,7297,嚉,Char,20
4,7298,嚊,Char,20
4,7299,嚋,Char,20
4,7300,嚌,Char,20
4,7301,嚍,Char,20
4,7302,嚐,Char,20
4,7303,嚑,Char,20
4,7304,嚒,Char,20
4,7305,嚔,Char,20
4,7306,嚕,Char,20
4,7307,嚖,Char,20
4,7308,嚗,Char,20
4,7309,嚘,Char,20
4,7310,嚙,Char,20
4,7311,嚚,Char,20
4,7312,嚛,Char,20
4,7313,嚜,Char,20
4,7314,嚝,Char,20
4,7315,嚞,Char,20
4,7316,嚟,Char,20
4,7317,嚠,Char,20
4,7318,嚡,Char,20
4,7319,嚢,Char,20
4,7320,嚤,Char,20
4,7321,嚥,Char,20
4,7322,嚦,Char,20
4,7323,嚧,Char,20
4,7324,嚨,Char,20
4,7325,嚩,Char,20
4,7326,嚪,Char,20
4,7327,嚫,Char,20
4,7328,嚬,Char,20
4,7329,嚭,Char,20
4,7330,嚮,Char,20
4,7331,嚰,Char,20
4,7332,嚱,Char,20
4,7333,嚲,Char,20
4,7334,嚳,Char,20
4,7335,嚴,Char,20
4,7336,嚵,Char,20
4,7337,嚶,Char,20
4,7338,嚸,Char,20
4,7339,嚹,Char,20
4,7340,嚺,Char,20
4,7341,嚻,Char,20
4,7342,嚽,Char,20
4,7343,嚾,Char,20
4,7344,嚿,Char,20
4,7345,囀,Char,20
4,7346,囁,Char,20
4,7347,囂,Char,20
4,7348,囃,Char,20
4,7349,囄,Char,20
4,7350,囅,Char,20
4,7351,囆,Char,20
4,7352,囇,Char,20
4,7353,囈,Char,20
4,7354,囉,Char,20
4,7355,囋,Char,20
4,7356,囌,Char,20
4,7357,囍,Char,20
4,7358,囎,Char,20
4,7359,囏,Char,20
4,7360,囐,Char,20
4,7361,囑,Char,20
4,7362,囒,Char,20
4,7363,囓,Char,20
4,7364,囕,Char,20
4,7365,囖,Char,20
4,7366,囗,Char,20
4,7367,囘,Char,20
4,7368,囙,Char,20
4,7369,囜,Char,20
4,7370,団,Char,20
4,7371,囥,Char,20
4,7372,囦,Char,20
4,7373,囧,Char,20
4,7374,囨,Char,20
4,7375,囩,Char,20
4,7376,囪,Char,20
4,7377,囬,Char,20
4,7378,囮,Char,20
4,7379,囯,Char,20
4,7380,囲,Char,20
4,7381,図,Char,20
4,7382,囶,Char,20
4,7383,囷,Char,20
4,7384,囸,Char,20
4,7385,囻,Char,20
4,7386,囼,Char,20
4,7387,圀,Char,20
4,7388,圁,Char,20
4,7389,圂,Char,20
4,7390,圅,Char,20
4,7391,圇,Char,20
4,7392,國,Char,20
4,7393,圌,Char,20
4,7394,圍,Char,20
4,7395,圎,Char,20
4,7396,圏,Char,20
4,7397,圐,Char,20
4,7398,圑,Char,20
4,7399,園,Char,20
4,7400,圓,Char,20
4,7401,圔,Char,20
4,7402,圕,Char,20
4,7403,圖,Char,20
4,7404,圗,Char,20
4,7405,團,Char,20
4,7406,圙,Char,20
4,7407,圚,Char,20
4,7408,圛,Char,20
4,7409,圝,Char,20
4,7410,圞,Char,20
4,7411,圠,Char,20
4,7412,圡,Char,20
4,7413,圢,Char,20
4,7414,圤,Char,20
4,7415,圥,Char,20
4,7416,圦,Char,20
4,7417,圧,Char,20
4,7418,圫,Char,20
4,7419,圱,Char,20
4,7420,圲,Char,20
4,7421,圴,Char,20
4,7422,圵,Char,20
4,7423,圶,Char,20
4,7424,圷,Char,20
4,7425,圸,Char,20
4,7426,圼,Char,20
4,7427,圽,Char,20
4,7428,圿,Char,20
4,7429,坁,Char,20
4,7430,坃,Char,20
4,7431,坄,Char,20
4,7432,坅,Char,20
4,7433,坆,Char,20
4,7434,坈,Char,20
4,7435,坉,Char,20
4,7436,坋,Char,20
4,7437,坒,Char,20
4,7438,坓,Char,20
4,7439,坔,Char,20
4,7440,坕,Char,20
4,7441,坖,Char,20
4,7442,坘,Char,20
4,7443,坙,Char,20
4,7444,坢,Char,20
4,7445,坣,Char,20
4,7446,坥,Char,20
4,7447,坧,Char,20
4,7448,坬,Char,20
4,7449,坮,Char,20
4,7450,坰,Char,20
4,7451,坱,Char,20
4,7452,坲,Char,20
4,7453,坴,Char,20
4,7454,坵,Char,20
4,7455,坸,Char,20
4,7456,坹,Char,20
4,7457,坺,Char,20
4,7458,坽,Char,20
4,7459,坾,Char,20
4,7460,坿,Char,20
4,7461,垀,Char,20
4,7462,垁,Char,20
4,7463,垇,Char,20
4,7464,垈,Char,20
4,7465,垉,Char,20
4,7466,垊,Char,20
4,7467,垍,Char,20
4,7468,垎,Char,20
4,7469,垏,Char,20
4,7470,垐,Char,20
4,7471,垑,Char,20
4,7472,垔,Char,20
4,7473,垕,Char,20
4,7474,垖,Char,20
4,7475,垗,Char,20
4,7476,垘,Char,20
4,7477,垙,Char,20
4,7478,垚,Char,20
4,7479,垜,Char,20
4,7480,垝,Char,20
4,7481,垞,Char,20
4,7482,垟,Char,20
4,7483,垥,Char,20
4,7484,垨,Char,20
4,7485,垪,Char,20
4,7486,垬,Char,20
4,7487,垯,Char,20
4,7488,垰,Char,20
4,7489,垱,Char,20
4,7490,垳,Char,20
4,7491,垵,Char,20
4,7492,垶,Char,20
4,7493,垷,Char,20
4,7494,垹,Char,20
4,7495,垺,Char,20
4,7496,垻,Char,20
4,7497,垼,Char,20
4,7498,垽,Char,20
4,7499,垾,Char,20
4,7500,垿,Char,20
4,7501,埀,Char,20
4,7502,埁,Char,20
4,7503,埄,Char,20
4,7504,埅,Char,20
4,7505,埆,Char,20
4,7506,埇,Char,20
4,7507,埈,Char,20
4,7508,埉,Char,20
4,7509,埊,Char,20
4,7510,埌,Char,20
4,7511,埍,Char,20
4,7512,埐,Char,20
4,7513,埑,Char,20
4,7514,埓,Char,20
4,7515,埖,Char,20
4,7516,埗,Char,20
4,7517,埛,Char,20
4,7518,埜,Char,20
4,7519,埞,Char,20
4,7520,埡,Char,20
4,7521,埢,Char,20
4,7522,埣,Char,20
4,7523,埥,Char,20
4,7524,埦,Char,20
4,7525,埧,Char,20
4,7526,埨,Char,20
4,7527,埩,Char,20
4,7528,埪,Char,20
4,7529,埫,Char,20
4,7530,埬,Char,20
4,7531,埮,Char,20
4,7532,埰,Char,20
4,7533,埱,Char,20
4,7534,埲,Char,20
4,7535,埳,Char,20
4,7536,埵,Char,20
4,7537,埶,Char,20
4,7538,執,Char,20
4,7539,埻,Char,20
4,7540,埼,Char,20
4,7541,埾,Char,20
4,7542,埿,Char,20
4,7543,堁,Char,20
4,7544,堃,Char,20
4,7545,堄,Char,20
4,7546,堅,Char,20
4,7547,堈,Char,20
4,7548,堉,Char,20
4,7549,堊,Char,20
4,7550,堌,Char,20
4,7551,堎,Char,20
4,7552,堏,Char,20
4,7553,堐,Char,20
4,7554,堒,Char,20
4,7555,堓,Char,20
4,7556,堔,Char,20
4,7557,堖,Char,20
4,7558,堗,Char,20
4,7559,堘,Char,20
4,7560,堚,Char,20
4,7561,堛,Char,20
4,7562,堜,Char,20
4,7563,堝,Char,20
4,7564,堟,Char,20
4,7565,堢,Char,20
4,7566,堣,Char,20
4,7567,堥,Char,20
4,7568,堦,Char,20
4,7569,堧,Char,20
4,7570,堨,Char,20
4,7571,堩,Char,20
4,7572,堫,Char,20
4,7573,堬,Char,20
4,7574,堭,Char,20
4,7575,堮,Char,20
4,7576,堯,Char,20
4,7577,報,Char,20
4,7578,堲,Char,20
4,7579,堳,Char,20
4,7580,場,Char,20
4,7581,堶,Char,20
4,7582,堷,Char,20
4,7583,堸,Char,20
4,7584,堹,Char,20
4,7585,堺,Char,20
4,7586,堻,Char,20
4,7587,堼,Char,20
4,7588,堽,Char,20
4,7589,堾,Char,20
4,7590,堿,Char,20
4,7591,塀,Char,20
4,7592,塁,Char,20
4,7593,塂,Char,20
4,7594,塃,Char,20
4,7595,塅,Char,20
4,7596,塆,Char,20
4,7597,塇,Char,20
4,7598,塈,Char,20
4,7599,塉,Char,20
4,7600,塊,Char,20
4,7601,塋,Char,20
4,7602,塎,Char,20
4,7603,塏,Char,20
4,7604,塐,Char,20
4,7605,塒,Char,20
4,7606,塓,Char,20
4,7607,塕,Char,20
4,7608,塖,Char,20
4,7609,塗,Char,20
4,7610,塙,Char,20
4,7611,塚,Char,20
4,7612,塛,Char,20
4,7613,塜,Char,20
4,7614,塝,Char,20
4,7615,塟,Char,20
4,7616,塠,Char,20
4,7617,塡,Char,20
4,7618,塢,Char,20
4,7619,塣,Char,20
4,7620,塤,Char,20
4,7621,塦,Char,20
4,7622,塧,Char,20
4,7623,塨,Char,20
4,7624,塩,Char,20
4,7625,塪,Char,20
4,7626,塭,Char,20
4,7627,塮,Char,20
4,7628,塯,Char,20
4,7629,塰,Char,20
4,7630,塱,Char,20
4,7631,塲,Char,20
4,7632,塳,Char,20
4,7633,塴,Char,20
4,7634,塵,Char,20
4,7635,塶,Char,20
4,7636,塷,Char,20
4,7637,塸,Char,20
4,7638,塹,Char,20
4,7639,塺,Char,20
4,7640,塻,Char,20
4,7641,塼,Char,20
4,7642,塽,Char,20
4,7643,塿,Char,20
4,7644,墂,Char,20
4,7645,墄,Char,20
4,7646,墆,Char,20
4,7647,墇,Char,20
4,7648,墈,Char,20
4,7649,墊,Char,20
4,7650,墋,Char,20
4,7651,墌,Char,20
4,7652,墍,Char,20
4,7653,墎,Char,20
4,7654,墏,Char,20
4,7655,墐,Char,20
4,7656,墑,Char,20
4,7657,墔,Char,20
4,7658,墕,Char,20
4,7659,墖,Char,20
4,7660,増,Char,20
4,7661,墘,Char,20
4,7662,墛,Char,20
4,7663,墜,Char,20
4,7664,墝,Char,20
4,7665,墠,Char,20
4,7666,墡,Char,20
4,7667,墢,Char,20
4,7668,墣,Char,20
4,7669,墤,Char,20
4,7670,墥,Char,20
4,7671,墦,Char,20
4,7672,墧,Char,20
4,7673,墪,Char,20
4,7674,墫,Char,20
4,7675,墬,Char,20
4,7676,墭,Char,20
4,7677,墮,Char,20
4,7678,墯,Char,20
4,7679,墰,Char,20
4,7680,墱,Char,20
4,7681,墲,Char,20
4,7682,墳,Char,20
4,7683,墴,Char,20
4,7684,墵,Char,20
4,7685,墶,Char,20
4,7686,墷,Char,20
4,7687,墸,Char,20
4,7688,墹,Char,20
4,7689,墺,Char,20
4,7690,墻,Char,20
4,7691,墽,Char,20
4,7692,墾,Char,20
4,7693,墿,Char,20
4,7694,壀,Char,20
4,7695,壂,Char,20
4,7696,壃,Char,20
4,7697,壄,Char,20
4,7698,壆,Char,20
4,7699,壇,Char,20
4,7700,壈,Char,20
4,7701,壉,Char,20
4,7702,壊,Char,20
4,7703,壋,Char,20
4,7704,壌,Char,20
4,7705,壍,Char,20
4,7706,壎,Char,20
4,7707,壏,Char,20
4,7708,壐,Char,20
4,7709,壒,Char,20
4,7710,壓,Char,20
4,7711,壔,Char,20
4,7712,壖,Char,20
4,7713,壗,Char,20
4,7714,壘,Char,20
4,7715,壙,Char,20
4,7716,壚,Char,20
4,7717,壛,Char,20
4,7718,壜,Char,20
4,7719,壝,Char,20
4,7720,壞,Char,20
4,7721,壟,Char,20
4,7722,壠,Char,20
4,7723,壡,Char,20
4,7724,壢,Char,20
4,7725,壣,Char,20
4,7726,壥,Char,20
4,7727,壦,Char,20
4,7728,壧,Char,20
4,7729,壨,Char,20
4,7730,壩,Char,20
4,7731,壪,Char,20
4,7732,壭,Char,20
4,7733,壯,Char,20
4,7734,壱,Char,20
4,7735,売,Char,20
4,7736,壴,Char,20
4,7737,壵,Char,20
4,7738,壷,Char,20
4,7739,壸,Char,20
4,7740,壺,Char,20
4,7741,壻,Char,20
4,7742,壼,Char,20
4,7743,壽,Char,20
4,7744,壾,Char,20
4,7745,壿,Char,20
4,7746,夀,Char,20
4,7747,夁,Char,20
4,7748,夂,Char,20
4,7749,夃,Char,20
4,7750,夅,Char,20
4,7751,夆,Char,20
4,7752,夈,Char,20
4,7753,変,Char,20
4,7754,夊,Char,20
4,7755,夋,Char,20
4,7756,夌,Char,20
4,7757,夎,Char,20
4,7758,夐,Char,20
4,7759,夑,Char,20
4,7760,夒,Char,20
4,7761,夓,Char,20
4,7762,夗,Char,20
4,7763,夘,Char,20
4,7764,夛,Char,20
4,7765,夝,Char,20
4,7766,夞,Char,20
4,7767,夠,Char,20
4,7768,夡,Char,20
4,7769,夢,Char,20
4,7770,夣,Char,20
4,7771,夦,Char,20
4,7772,夨,Char,20
4,7773,夬,Char,20
4,7774,夰,Char,20
4,7775,夲,Char,20
4,7776,夳,Char,20
4,7777,夵,Char,20
4,7778,夶,Char,20
4,7779,夻,Char,20
4,7780,夽,Char,20
4,7781,夾,Char,20
4,7782,夿,Char,20
4,7783,奀,Char,20
4,7784,奃,Char,20
4,7785,奅,Char,20
4,7786,奆,Char,20
4,7787,奊,Char,20
4,7788,奌,Char,20
4,7789,奍,Char,20
4,7790,奐,Char,20
4,7791,奒,Char,20
4,7792,奓,Char,20
4,7793,奙,Char,20
4,7794,奛,Char,20
4,7795,奜,Char,20
4,7796,奝,Char,20
4,7797,奞,Char,20
4,7798,奟,Char,20
4,7799,奡,Char,20
4,7800,奣,Char,20
4,7801,奤,Char,20
4,7802,奦,Char,20
4,7803,奧,Char,20
4,7804,奨,Char,20
4,7805,奩,Char,20
4,7806,奪,Char,20
4,7807,奫,Char,20
4,7808,奬,Char,20
4,7809,奭,Char,20
4,7810,奮,Char,20
4,7811,奯,Char,20
4,7812,奰,Char,20
4,7813,奱,Char,20
4,7814,奲,Char,20
4,7815,奵,Char,20
4,7816,奷,Char,20
4,7817,奺,Char,20
4,7818,奻,Char,20
4,7819,奼,Char,20
4,7820,奾,Char,20
4,7821,奿,Char,20
4,7822,妀,Char,20
4,7823,妅,Char,20
4,7824,妉,Char,20
4,7825,妋,Char,20
4,7826,妌,Char,20
4,7827,妎,Char,20
4,7828,妏,Char,20
4,7829,妐,Char,20
4,7830,妑,Char,20
4,7831,妔,Char,20
4,7832,妕,Char,20
4,7833,妘,Char,20
4,7834,妚,Char,20
4,7835,妛,Char,20
4,7836,妜,Char,20
4,7837,妝,Char,20
4,7838,妟,Char,20
4,7839,妠,Char,20
4,7840,妡,Char,20
4,7841,妢,Char,20
4,7842,妦,Char,20
4,7843,妧,Char,20
4,7844,妬,Char,20
4,7845,妭,Char,20
4,7846,妰,Char,20
4,7847,妱,Char,20
4,7848,妳,Char,20
4,7849,妴,Char,20
4,7850,妵,Char,20
4,7851,妶,Char,20
4,7852,妷,Char,20
4,7853,妸,Char,20
4,7854,妺,Char,20
4,7855,妼,Char,20
4,7856,妽,Char,20
4,7857,妿,Char,20
4,7858,姀,Char,20
4,7859,姁,Char,20
4,7860,姂,Char,20
4,7861,姃,Char,20
4,7862,姄,Char,20
4,7863,姅,Char,20
4,7864,姇,Char,20
4,7865,姈,Char,20
4,7866,姉,Char,20
4,7867,姌,Char,20
4,7868,姍,Char,20
4,7869,姎,Char,20
4,7870,姏,Char,20
4,7871,姕,Char,20
4,7872,姖,Char,20
4,7873,姙,Char,20
4,7874,姛,Char,20
4,7875,姞,Char,20
4,7876,姟,Char,20
4,7877,姠,Char,20
4,7878,姡,Char,20
4,7879,姢,Char,20
4,7880,姤,Char,20
4,7881,姦,Char,20
4,7882,姧,Char,20
4,7883,姩,Char,20
4,7884,姪,Char,20
4,7885,姫,Char,20
4,7886,姭,Char,20
4,7887,姮,Char,20
4,7888,姯,Char,20
4,7889,姰,Char,20
4,7890,姱,Char,20
4,7891,姲,Char,20
4,7892,姳,Char,20
4,7893,姴,Char,20
4,7894,姵,Char,20
4,7895,姶,Char,20
4,7896,姷,Char,20
4,7897,姸,Char,20
4,7898,姺,Char,20
4,7899,姼,Char,20
4,7900,姽,Char,20
4,7901,姾,Char,20
4,7902,娀,Char,20
4,7903,娂,Char,20
4,7904,娊,Char,20
4,7905,娋,Char,20
4,7906,娍,Char,20
4,7907,娎,Char,20
4,7908,娏,Char,20
4,7909,娐,Char,20
4,7910,娒,Char,20
4,7911,娔,Char,20
4,7912,娕,Char,20
4,7913,娖,Char,20
4,7914,娗,Char,20
4,7915,娙,Char,20
4,7916,娚,Char,20
4,7917,娛,Char,20
4,7918,娝,Char,20
4,7919,娞,Char,20
4,7920,娡,Char,20
4,7921,娢,Char,20
4,7922,娤,Char,20
4,7923,娦,Char,20
4,7924,娧,Char,20
4,7925,娨,Char,20
4,7926,娪,Char,20
4,7927,娫,Char,20
4,7928,娬,Char,20
4,7929,娭,Char,20
4,7930,娮,Char,20
4,7931,娯,Char,20
4,7932,娰,Char,20
4,7933,娳,Char,20
4,7934,娵,Char,20
4,7935,娷,Char,20
4,7936,娸,Char,20
4,7937,娹,Char,20
4,7938,娺,Char,20
4,7939,娻,Char,20
4,7940,娽,Char,20
4,7941,娾,Char,20
4,7942,娿,Char,20
4,7943,婁,Char,20
4,7944,婂,Char,20
4,7945,婃,Char,20
4,7946,婄,Char,20
4,7947,婅,Char,20
4,7948,婇,Char,20
4,7949,婈,Char,20
4,7950,婋,Char,20
4,7951,婌,Char,20
4,7952,婍,Char,20
4,7953,婎,Char,20
4,7954,婏,Char,20
4,7955,婐,Char,20
4,7956,婑,Char,20
4,7957,婒,Char,20
4,7958,婓,Char,20
4,7959,婔,Char,20
4,7960,婖,Char,20
4,7961,婗,Char,20
4,7962,婘,Char,20
4,7963,婙,Char,20
4,7964,婛,Char,20
4,7965,婜,Char,20
4,7966,婝,Char,20
4,7967,婞,Char,20
4,7968,婟,Char,20
4,7969,婠,Char,20
4,7970,婡,Char,20
4,7971,婣,Char,20
4,7972,婤,Char,20
4,7973,婥,Char,20
4,7974,婦,Char,20
4,7975,婨,Char,20
4,7976,婩,Char,20
4,7977,婫,Char,20
4,7978,婬,Char,20
4,7979,婭,Char,20
4,7980,婮,Char,20
4,7981,婯,Char,20
4,7982,婰,Char,20
4,7983,婱,Char,20
4,7984,婲,Char,20
4,7985,婳,Char,20
4,7986,婸,Char,20
4,7987,婹,Char,20
4,7988,婻,Char,20
4,7989,婼,Char,20
4,7990,婽,Char,20
4,7991,婾,Char,20
4,7992,媀,Char,20
4,7993,媁,Char,20
4,7994,媂,Char,20
4,7995,媃,Char,20
4,7996,媄,Char,20
4,7997,媅,Char,20
4,7998,媆,Char,20
4,7999,媇,Char,20
4,8000,媈,Char,20
4,8001,媉,Char,20
4,8002,媊,Char,20
4,8003,媋,Char,20
4,8004,媌,Char,20
4,8005,媍,Char,20
4,8006,媎,Char,20
4,8007,媏,Char,20
4,8008,媐,Char,20
4,8009,媑,Char,20
4,8010,媓,Char,20
4,8011,媔,Char,20
4,8012,媕,Char,20
4,8013,媖,Char,20
4,8014,媗,Char,20
4,8015,媘,Char,20
4,8016,媙,Char,20
4,8017,媜,Char,20
4,8018,媝,Char,20
4,8019,媞,Char,20
4,8020,媟,Char,20
4,8021,媠,Char,20
4,8022,媡,Char,20
4,8023,媢,Char,20
4,8024,媣,Char,20
4,8025,媤,Char,20
4,8026,媥,Char,20
4,8027,媦,Char,20
4,8028,媧,Char,20
4,8029,媨,Char,20
4,8030,媩,Char,20
4,8031,媫,Char,20
4,8032,媬,Char,20
4,8033,媭,Char,20
4,8034,媮,Char,20
4,8035,媯,Char,20
4,8036,媰,Char,20
4,8037,媱,Char,20
4,8038,媴,Char,20
4,8039,媶,Char,20
4,8040,媷,Char,20
4,8041,媹,Char,20
4,8042,媺,Char,20
4,8043,媻,Char,20
4,8044,媼,Char,20
4,8045,媽,Char,20
4,8046,媿,Char,20
4,8047,嫀,Char,20
4,8048,嫃,Char,20
4,8049,嫄,Char,20
4,8050,嫅,Char,20
4,8051,嫆,Char,20
4,8052,嫇,Char,20
4,8053,嫈,Char,20
4,8054,嫊,Char,20
4,8055,嫋,Char,20
4,8056,嫍,Char,20
4,8057,嫎,Char,20
4,8058,嫏,Char,20
4,8059,嫐,Char,20
4,8060,嫑,Char,20
4,8061,嫓,Char,20
4,8062,嫕,Char,20
4,8063,嫗,Char,20
4,8064,嫙,Char,20
4,8065,嫚,Char,20
4,8066,嫛,Char,20
4,8067,嫝,Char,20
4,8068,嫞,Char,20
4,8069,嫟,Char,20
4,8070,嫢,Char,20
4,8071,嫤,Char,20
4,8072,嫥,Char,20
4,8073,嫧,Char,20
4,8074,嫨,Char,20
4,8075,嫪,Char,20
4,8076,嫬,Char,20
4,8077,嫭,Char,20
4,8078,嫮,Char,20
4,8079,嫯,Char,20
4,8080,嫰,Char,20
4,8081,嫲,Char,20
4,8082,嫳,Char,20
4,8083,嫴,Char,20
4,8084,嫵,Char,20
4,8085,嫶,Char,20
4,8086,嫷,Char,20
4,8087,嫸,Char,20
4,8088,嫹,Char,20
4,8089,嫺,Char,20
4,8090,嫻,Char,20
4,8091,嫼,Char,20
4,8092,嫽,Char,20
4,8093,嫾,Char,20
4,8094,嫿,Char,20
4,8095,嬀,Char,20
4,8096,嬁,Char,20
4,8097,嬂,Char,20
4,8098,嬃,Char,20
4,8099,嬄,Char,20
4,8100,嬅,Char,20
4,8101,嬆,Char,20
4,8102,嬇,Char,20
4,8103,嬈,Char,20
4,8104,嬊,Char,20
4,8105,嬋,Char,20
4,8106,嬌,Char,20
4,8107,嬍,Char,20
4,8108,嬎,Char,20
4,8109,嬏,Char,20
4,8110,嬐,Char,20
4,8111,嬑,Char,20
4,8112,嬒,Char,20
4,8113,嬓,Char,20
4,8114,嬔,Char,20
4,8115,嬕,Char,20
4,8116,嬘,Char,20
4,8117,嬙,Char,20
4,8118,嬚,Char,20
4,8119,嬛,Char,20
4,8120,嬜,Char,20
4,8121,嬝,Char,20
4,8122,嬞,Char,20
4,8123,嬟,Char,20
4,8124,嬠,Char,20
4,8125,嬡,Char,20
4,8126,嬢,Char,20
4,8127,嬣,Char,20
4,8128,嬤,Char,20
4,8129,嬥,Char,20
4,8130,嬦,Char,20
4,8131,嬧,Char,20
4,8132,嬨,Char,20
4,8133,嬩,Char,20
4,8134,嬪,Char,20
4,8135,嬫,Char,20
4,8136,嬬,Char,20
4,8137,嬭,Char,20
4,8138,嬮,Char,20
4,8139,嬯,Char,20
4,8140,嬰,Char,20
4,8141,嬱,Char,20
4,8142,嬳,Char,20
4,8143,嬵,Char,20
4,8144,嬶,Char,20
4,8145,嬸,Char,20
4,8146,嬹,Char,20
4,8147,嬺,Char,20
4,8148,嬻,Char,20
4,8149,嬼,Char,20
4,8150,嬽,Char,20
4,8151,嬾,Char,20
4,8152,嬿,Char,20
4,8153,孁,Char,20
4,8154,孂,Char,20
4,8155,孃,Char,20
4,8156,孄,Char,20
4,8157,孅,Char,20
4,8158,孆,Char,20
4,8159,孇,Char,20
4,8160,孈,Char,20
4,8161,孉,Char,20
4,8162,孊,Char,20
4,8163,孋,Char,20
4,8164,孌,Char,20
4,8165,孍,Char,20
4,8166,孎,Char,20
4,8167,孏,Char,20
4,8168,孒,Char,20
4,8169,孖,Char,20
4,8170,孞,Char,20
4,8171,孠,Char,20
4,8172,孡,Char,20
4,8173,孧,Char,20
4,8174,孨,Char,20
4,8175,孫,Char,20
4,8176,孭,Char,20
4,8177,孮,Char,20
4,8178,孯,Char,20
4,8179,孲,Char,20
4,8180,孴,Char,20
4,8181,孶,Char,20
4,8182,孷,Char,20
4,8183,學,Char,20
4,8184,孹,Char,20
4,8185,孻,Char,20
4,8186,孼,Char,20
4,8187,孾,Char,20
4,8188,孿,Char,20
4,8189,宀,Char,20
4,8190,宂,Char,20
4,8191,宆,Char,20
4,8192,宊,Char,20
4,8193,宍,Char,20
4,8194,宎,Char,20
4,8195,宐,Char,20
4,8196,宑,Char,20
4,8197,宒,Char,20
4,8198,宔,Char,20
4,8199,宖,Char,20
4,8200,実,Char,20
4,8201,宧,Char,20
4,8202,宨,Char,20
4,8203,宩,Char,20
4,8204,宬,Char,20
4,8205,宭,Char,20
4,8206,宮,Char,20
4,8207,宯,Char,20
4,8208,宱,Char,20
4,8209,宲,Char,20
4,8210,宷,Char,20
4,8211,宺,Char,20
4,8212,宻,Char,20
4,8213,宼,Char,20
4,8214,寀,Char,20
4,8215,寁,Char,20
4,8216,寃,Char,20
4,8217,寈,Char,20
4,8218,寉,Char,20
4,8219,寊,Char,20
4,8220,寋,Char,20
4,8221,寍,Char,20
4,8222,寎,Char,20
4,8223,寏,Char,20
4,8224,寑,Char,20
4,8225,寔,Char,20
4,8226,寕,Char,20
4,8227,寖,Char,20
4,8228,寗,Char,20
4,8229,寘,Char,20
4,8230,寙,Char,20
4,8231,寚,Char,20
4,8232,寛,Char,20
4,8233,寜,Char,20
4,8234,寠,Char,20
4,8235,寢,Char,20
4,8236,寣,Char,20
4,8237,實,Char,20
4,8238,寧,Char,20
4,8239,審,Char,20
4,8240,寪,Char,20
4,8241,寫,Char,20
4,8242,寬,Char,20
4,8243,寭,Char,20
4,8244,寯,Char,20
4,8245,寱,Char,20
4,8246,寲,Char,20
4,8247,寳,Char,20
4,8248,寴,Char,20
4,8249,寵,Char,20
4,8250,寶,Char,20
4,8251,寷,Char,20
4,8252,寽,Char,20
4,8253,対,Char,20
4,8254,尀,Char,20
4,8255,専,Char,20
4,8256,尃,Char,20
4,8257,尅,Char,20
4,8258,將,Char,20
4,8259,專,Char,20
4,8260,尋,Char,20
4,8261,尌,Char,20
4,8262,對,Char,20
4,8263,導,Char,20
4,8264,尐,Char,20
4,8265,尒,Char,20
4,8266,尓,Char,20
4,8267,尗,Char,20
4,8268,尙,Char,20
4,8269,尛,Char,20
4,8270,尞,Char,20
4,8271,尟,Char,20
4,8272,尠,Char,20
4,8273,尡,Char,20
4,8274,尣,Char,20
4,8275,尦,Char,20
4,8276,尨,Char,20
4,8277,尩,Char,20
4,8278,尪,Char,20
4,8279,尫,Char,20
4,8280,尭,Char,20
4,8281,尮,Char,20
4,8282,尯,Char,20
4,8283,尰,Char,20
4,8284,尲,Char,20
4,8285,尳,Char,20
4,8286,尵,Char,20
4,8287,尶,Char,20
4,8288,尷,Char,20
4,8289,屃,Char,20
4,8290,屄,Char,20
4,8291,屆,Char,20
4,8292,屇,Char,20
4,8293,屌,Char,20
4,8294,屍,Char,20
4,8295,屒,Char,20
4,8296,屓,Char,20
4,8297,屔,Char,20
4,8298,屖,Char,20
4,8299,屗,Char,20
4,8300,屘,Char,20
4,8301,屚,Char,20
4,8302,屛,Char,20
4,8303,屜,Char,20
4,8304,屝,Char,20
4,8305,屟,Char,20
4,8306,屢,Char,20
4,8307,層,Char,20
4,8308,屧,Char,20
4,8309,屨,Char,20
4,8310,屩,Char,20
4,8311,屪,Char,20
4,8312,屫,Char,20
4,8313,屬,Char,20
4,8314,屭,Char,20
4,8315,屮,Char,20
4,8316,屰,Char,20
4,8317,屲,Char,20
4,8318,屳,Char,20
4,8319,屴,Char,20
4,8320,屵,Char,20
4,8321,屶,Char,20
4,8322,屷,Char,20
4,8323,屸,Char,20
4,8324,屻,Char,20
4,8325,屼,Char,20
4,8326,屽,Char,20
4,8327,屾,Char,20
4,8328,岀,Char,20
4,8329,岃,Char,20
4,8330,岄,Char,20
4,8331,岅,Char,20
4,8332,岆,Char,20
4,8333,岇,Char,20
4,8334,岉,Char,20
4,8335,岊,Char,20
4,8336,岋,Char,20
4,8337,岎,Char,20
4,8338,岏,Char,20
4,8339,岒,Char,20
4,8340,岓,Char,20
4,8341,岕,Char,20
4,8342,岝,Char,20
4,8343,岞,Char,20
4,8344,岟,Char,20
4,8345,岠,Char,20
4,8346,岡,Char,20
4,8347,岤,Char,20
4,8348,岥,Char,20
4,8349,岦,Char,20
4,8350,岧,Char,20
4,8351,岨,Char,20
4,8352,岪,Char,20
4,8353,岮,Char,20
4,8354,岯,Char,20
4,8355,岰,Char,20
4,8356,岲,Char,20
4,8357,岴,Char,20
4,8358,岶,Char,20
4,8359,岹,Char,20
4,8360,岺,Char,20
4,8361,岻,Char,20
4,8362,岼,Char,20
4,8363,岾,Char,20
4,8364,峀,Char,20
4,8365,峂,Char,20
4,8366,峃,Char,20
4,8367,峅,Char,20
4,8368,峆,Char,20
4,8369,峇,Char,20
4,8370,峈,Char,20
4,8371,峉,Char,20
4,8372,峊,Char,20
4,8373,峌,Char,20
4,8374,峍,Char,20
4,8375,峎,Char,20
4,8376,峏,Char,20
4,8377,峐,Char,20
4,8378,峑,Char,20
4,8379,峓,Char,20
4,8380,峔,Char,20
4,8381,峕,Char,20
4,8382,峖,Char,20
4,8383,峗,Char,20
4,8384,峘,Char,20
4,8385,峚,Char,20
4,8386,峛,Char,20
4,8387,峜,Char,20
4,8388,峝,Char,20
4,8389,峞,Char,20
4,8390,峟,Char,20
4,8391,峠,Char,20
4,8392,峢,Char,20
4,8393,峣,Char,20
4,8394,峧,Char,20
4,8395,峩,Char,20
4,8396,峫,Char,20
4,8397,峬,Char,20
4,8398,峮,Char,20
4,8399,峯,Char,20
4,8400,峱,Char,20
4,8401,峲,Char,20
4,8402,峳,Char,20
4,8403,峴,Char,20
4,8404,峵,Char,20
4,8405,島,Char,20
4,8406,峷,Char,20
4,8407,峸,Char,20
4,8408,峹,Char,20
4,8409,峺,Char,20
4,8410,峼,Char,20
4,8411,峽,Char,20
4,8412,峾,Char,20
4,8413,峿,Char,20
4,8414,崀,Char,20
4,8415,崁,Char,20
4,8416,崄,Char,20
4,8417,崅,Char,20
4,8418,崈,Char,20
4,8419,崉,Char,20
4,8420,崊,Char,20
4,8421,崋,Char,20
4,8422,崌,Char,20
4,8423,崍,Char,20
4,8424,崏,Char,20
4,8425,崐,Char,20
4,8426,崑,Char,20
4,8427,崒,Char,20
4,8428,崓,Char,20
4,8429,崕,Char,20
4,8430,崗,Char,20
4,8431,崘,Char,20
4,8432,崙,Char,20
4,8433,崚,Char,20
4,8434,崜,Char,20
4,8435,崝,Char,20
4,8436,崟,Char,20
4,8437,崠,Char,20
4,8438,崡,Char,20
4,8439,崢,Char,20
4,8440,崣,Char,20
4,8441,崥,Char,20
4,8442,崨,Char,20
4,8443,崪,Char,20
4,8444,崫,Char,20
4,8445,崬,Char,20
4,8446,崯,Char,20
4,8447,崰,Char,20
4,8448,崱,Char,20
4,8449,崲,Char,20
4,8450,崳,Char,20
4,8451,崵,Char,20
4,8452,崶,Char,20
4,8453,崷,Char,20
4,8454,崸,Char,20
4,8455,崹,Char,20
4,8456,崺,Char,20
4,8457,崻,Char,20
4,8458,崼,Char,20
4,8459,崿,Char,20
4,8460,嵀,Char,20
4,8461,嵁,Char,20
4,8462,嵂,Char,20
4,8463,嵃,Char,20
4,8464,嵄,Char,20
4,8465,嵅,Char,20
4,8466,嵆,Char,20
4,8467,嵈,Char,20
4,8468,嵉,Char,20
4,8469,嵍,Char,20
4,8470,嵎,Char,20
4,8471,嵏,Char,20
4,8472,嵐,Char,20
4,8473,嵑,Char,20
4,8474,嵒,Char,20
4,8475,嵓,Char,20
4,8476,嵔,Char,20
4,8477,嵕,Char,20
4,8478,嵖,Char,20
4,8479,嵗,Char,20
4,8480,嵙,Char,20
4,8481,嵚,Char,20
4,8482,嵜,Char,20
4,8483,嵞,Char,20
4,8484,嵟,Char,20
4,8485,嵠,Char,20
4,8486,嵡,Char,20
4,8487,嵢,Char,20
4,8488,嵣,Char,20
4,8489,嵤,Char,20
4,8490,嵥,Char,20
4,8491,嵦,Char,20
4,8492,嵧,Char,20
4,8493,嵨,Char,20
4,8494,嵪,Char,20
4,8495,嵭,Char,20
4,8496,嵮,Char,20
4,8497,嵰,Char,20
4,8498,嵱,Char,20
4,8499,嵲,Char,20
4,8500,嵳,Char,20
4,8501,嵵,Char,20
4,8502,嵶,Char,20
4,8503,嵷,Char,20
4,8504,嵸,Char,20
4,8505,嵹,Char,20
4,8506,嵺,Char,20
4,8507,嵻,Char,20
4,8508,嵼,Char,20
4,8509,嵽,Char,20
4,8510,嵾,Char,20
4,8511,嵿,Char,20
4,8512,嶀,Char,20
4,8513,嶁,Char,20
4,8514,嶃,Char,20
4,8515,嶄,Char,20
4,8516,嶅,Char,20
4,8517,嶆,Char,20
4,8518,嶇,Char,20
4,8519,嶈,Char,20
4,8520,嶉,Char,20
4,8521,嶊,Char,20
4,8522,嶋,Char,20
4,8523,嶌,Char,20
4,8524,嶍,Char,20
4,8525,嶎,Char,20
4,8526,嶏,Char,20
4,8527,嶐,Char,20
4,8528,嶑,Char,20
4,8529,嶒,Char,20
4,8530,嶓,Char,20
4,8531,嶔,Char,20
4,8532,嶕,Char,20
4,8533,嶖,Char,20
4,8534,嶗,Char,20
4,8535,嶘,Char,20
4,8536,嶚,Char,20
4,8537,嶛,Char,20
4,8538,嶜,Char,20
4,8539,嶞,Char,20
4,8540,嶟,Char,20
4,8541,嶠,Char,20
4,8542,嶡,Char,20
4,8543,嶢,Char,20
4,8544,嶣,Char,20
4,8545,嶤,Char,20
4,8546,嶥,Char,20
4,8547,嶦,Char,20
4,8548,嶧,Char,20
4,8549,嶨,Char,20
4,8550,嶩,Char,20
4,8551,嶪,Char,20
4,8552,嶫,Char,20
4,8553,嶬,Char,20
4,8554,嶭,Char,20
4,8555,嶮,Char,20
4,8556,嶯,Char,20
4,8557,嶰,Char,20
4,8558,嶱,Char,20
4,8559,嶲,Char,20
4,8560,嶳,Char,20
4,8561,嶴,Char,20
4,8562,嶵,Char,20
4,8563,嶶,Char,20
4,8564,嶸,Char,20
4,8565,嶹,Char,20
4,8566,嶺,Char,20
4,8567,嶻,Char,20
4,8568,嶼,Char,20
4,8569,嶽,Char,20
4,8570,嶾,Char,20
4,8571,嶿,Char,20
4,8572,巀,Char,20
4,8573,巁,Char,20
4,8574,巂,Char,20
4,8575,巃,Char,20
4,8576,巄,Char,20
4,8577,巆,Char,20
4,8578,巇,Char,20
4,8579,巈,Char,20
4,8580,巉,Char,20
4,8581,巊,Char,20
4,8582,巋,Char,20
4,8583,巌,Char,20
4,8584,巎,Char,20
4,8585,巏,Char,20
4,8586,巐,Char,20
4,8587,巑,Char,20
4,8588,巒,Char,20
4,8589,巓,Char,20
4,8590,巔,Char,20
4,8591,巕,Char,20
4,8592,巖,Char,20
4,8593,巗,Char,20
4,8594,巘,Char,20
4,8595,巙,Char,20
4,8596,巚,Char,20
4,8597,巜,Char,20
4,8598,巟,Char,20
4,8599,巠,Char,20
4,8600,巣,Char,20
4,8601,巤,Char,20
4,8602,巪,Char,20
4,8603,巬,Char,20
4,8604,巭,Char,20
4,8605,巰,Char,20
4,8606,巵,Char,20
4,8607,巶,Char,20
4,8608,巸,Char,20
4,8609,巹,Char,20
4,8610,巺,Char,20
4,8611,巻,Char,20
4,8612,巼,Char,20
4,8613,巿,Char,20
4,8614,帀,Char,20
4,8615,帄,Char,20
4,8616,帇,Char,20
4,8617,帉,Char,20
4,8618,帊,Char,20
4,8619,帋,Char,20
4,8620,帍,Char,20
4,8621,帎,Char,20
4,8622,帒,Char,20
4,8623,帓,Char,20
4,8624,帗,Char,20
4,8625,帞,Char,20
4,8626,帟,Char,20
4,8627,帠,Char,20
4,8628,帡,Char,20
4,8629,帢,Char,20
4,8630,帣,Char,20
4,8631,帤,Char,20
4,8632,帥,Char,20
4,8633,帨,Char,20
4,8634,帩,Char,20
4,8635,帪,Char,20
4,8636,師,Char,20
4,8637,帬,Char,20
4,8638,帯,Char,20
4,8639,帰,Char,20
4,8640,帲,Char,20
4,8641,帳,Char,20
4,8642,帴,Char,20
4,8643,帵,Char,20
4,8644,帶,Char,20
4,8645,帹,Char,20
4,8646,帺,Char,20
4,8647,帾,Char,20
4,8648,帿,Char,20
4,8649,幀,Char,20
4,8650,幁,Char,20
4,8651,幃,Char,20
4,8652,幆,Char,20
4,8653,幇,Char,20
4,8654,幈,Char,20
4,8655,幉,Char,20
4,8656,幊,Char,20
4,8657,幋,Char,20
4,8658,幍,Char,20
4,8659,幎,Char,20
4,8660,幏,Char,20
4,8661,幐,Char,20
4,8662,幑,Char,20
4,8663,幒,Char,20
4,8664,幓,Char,20
4,8665,幖,Char,20
4,8666,幗,Char,20
4,8667,幘,Char,20
4,8668,幙,Char,20
4,8669,幚,Char,20
4,8670,幜,Char,20
4,8671,幝,Char,20
4,8672,幟,Char,20
4,8673,幠,Char,20
4,8674,幣,Char,20
4,8675,幤,Char,20
4,8676,幥,Char,20
4,8677,幦,Char,20
4,8678,幧,Char,20
4,8679,幨,Char,20
4,8680,幩,Char,20
4,8681,幪,Char,20
4,8682,幫,Char,20
4,8683,幬,Char,20
4,8684,幭,Char,20
4,8685,幮,Char,20
4,8686,幯,Char,20
4,8687,幰,Char,20
4,8688,幱,Char,20
4,8689,幵,Char,20
4,8690,幷,Char,20
4,8691,幹,Char,20
4,8692,幾,Char,20
4,8693,庁,Char,20
4,8694,庂,Char,20
4,8695,広,Char,20
4,8696,庅,Char,20
4,8697,庈,Char,20
4,8698,庉,Char,20
4,8699,庌,Char,20
4,8700,庍,Char,20
4,8701,庎,Char,20
4,8702,庒,Char,20
4,8703,庘,Char,20
4,8704,庛,Char,20
4,8705,庝,Char,20
4,8706,庡,Char,20
4,8707,庢,Char,20
4,8708,庣,Char,20
4,8709,庤,Char,20
4,8710,庨,Char,20
4,8711,庩,Char,20
4,8712,庪,Char,20
4,8713,庫,Char,20
4,8714,庬,Char,20
4,8715,庮,Char,20
4,8716,庯,Char,20
4,8717,庰,Char,20
4,8718,庱,Char,20
4,8719,庲,Char,20
4,8720,庴,Char,20
4,8721,庺,Char,20
4,8722,庻,Char,20
4,8723,庼,Char,20
4,8724,庽,Char,20
4,8725,庿,Char,20
4,8726,廀,Char,20
4,8727,廁,Char,20
4,8728,廂,Char,20
4,8729,廃,Char,20
4,8730,廄,Char,20
4,8731,廅,Char,20
4,8732,廆,Char,20
4,8733,廇,Char,20
4,8734,廈,Char,20
4,8735,廋,Char,20
4,8736,廌,Char,20
4,8737,廍,Char,20
4,8738,廎,Char,20
4,8739,廏,Char,20
4,8740,廐,Char,20
4,8741,廔,Char,20
4,8742,廕,Char,20
4,8743,廗,Char,20
4,8744,廘,Char,20
4,8745,廙,Char,20
4,8746,廚,Char,20
4,8747,廜,Char,20
4,8748,廝,Char,20
4,8749,廞,Char,20
4,8750,廟,Char,20
4,8751,廠,Char,20
4,8752,廡,Char,20
4,8753,廢,Char,20
4,8754,廣,Char,20
4,8755,廤,Char,20
4,8756,廥,Char,20
4,8757,廦,Char,20
4,8758,廧,Char,20
4,8759,廩,Char,20
4,8760,廫,Char,20
4,8761,廬,Char,20
4,8762,廭,Char,20
4,8763,廮,Char,20
4,8764,廯,Char,20
4,8765,廰,Char,20
4,8766,廱,Char,20
4,8767,廲,Char,20
4,8768,廳,Char,20
4,8769,廴,Char,20
4,8770,廵,Char,20
4,8771,廸,Char,20
4,8772,廹,Char,20
4,8773,廻,Char,20
4,8774,廼,Char,20
4,8775,廽,Char,20
4,8776,廾,Char,20
4,8777,弅,Char,20
4,8778,弆,Char,20
4,8779,弇,Char,20
4,8780,弉,Char,20
4,8781,弌,Char,20
4,8782,弍,Char,20
4,8783,弎,Char,20
4,8784,弐,Char,20
4,8785,弒,Char,20
4,8786,弔,Char,20
4,8787,弖,Char,20
4,8788,弙,Char,20
4,8789,弚,Char,20
4,8790,弜,Char,20
4,8791,弝,Char,20
4,8792,弞,Char,20
4,8793,弡,Char,20
4,8794,弢,Char,20
4,8795,弣,Char,20
4,8796,弤,Char,20
4,8797,弨,Char,20
4,8798,弪,Char,20
4,8799,弫,Char,20
4,8800,弬,Char,20
4,8801,弮,Char,20
4,8802,弰,Char,20
4,8803,弲,Char,20
4,8804,弳,Char,20
4,8805,弴,Char,20
4,8806,張,Char,20
4,8807,弶,Char,20
4,8808,強,Char,20
4,8809,弸,Char,20
4,8810,弻,Char,20
4,8811,弽,Char,20
4,8812,弾,Char,20
4,8813,弿,Char,20
4,8814,彁,Char,20
4,8815,彂,Char,20
4,8816,彃,Char,20
4,8817,彄,Char,20
4,8818,彅,Char,20
4,8819,彆,Char,20
4,8820,彇,Char,20
4,8821,彈,Char,20
4,8822,彉,Char,20
4,8823,彊,Char,20
4,8824,彋,Char,20
4,8825,彌,Char,20
4,8826,彍,Char,20
4,8827,彎,Char,20
4,8828,彏,Char,20
4,8829,彐,Char,20
4,8830,彑,Char,20
4,8831,彔,Char,20
4,8832,彙,Char,20
4,8833,彚,Char,20
4,8834,彛,Char,20
4,8835,彜,Char,20
4,8836,彞,Char,20
4,8837,彟,Char,20
4,8838,彠,Char,20
4,8839,彣,Char,20
4,8840,彥,Char,20
4,8841,彧,Char,20
4,8842,彨,Char,20
4,8843,彫,Char,20
4,8844,彮,Char,20
4,8845,彯,Char,20
4,8846,彲,Char,20
4,8847,彳,Char,20
4,8848,彴,Char,20
4,8849,彵,Char,20
4,8850,彶,Char,20
4,8851,彸,Char,20
4,8852,彺,Char,20
4,8853,彽,Char,20
4,8854,彾,Char,20
4,8855,彿,Char,20
4,8856,徃,Char,20
4,8857,徆,Char,20
4,8858,徍,Char,20
4,8859,徎,Char,20
4,8860,徏,Char,20
4,8861,徑,Char,20
4,8862,従,Char,20
4,8863,徔,Char,20
4,8864,徖,Char,20
4,8865,徚,Char,20
4,8866,徛,Char,20
4,8867,徝,Char,20
4,8868,從,Char,20
4,8869,徟,Char,20
4,8870,徠,Char,20
4,8871,徢,Char,20
4,8872,徣,Char,20
4,8873,徤,Char,20
4,8874,徥,Char,20
4,8875,徦,Char,20
4,8876,徧,Char,20
4,8877,復,Char,20
4,8878,徫,Char,20
4,8879,徬,Char,20
4,8880,徯,Char,20
4,8881,徰,Char,20
4,8882,徱,Char,20
4,8883,徲,Char,20
4,8884,徳,Char,20
4,8885,徴,Char,20
4,8886,徶,Char,20
4,8887,徸,Char,20
4,8888,徹,Char,20
4,8889,徺,Char,20
4,8890,徻,Char,20
4,8891,徾,Char,20
4,8892,徿,Char,20
4,8893,忀,Char,20
4,8894,忁,Char,20
4,8895,忂,Char,20
4,8896,忄,Char,20
4,8897,忇,Char,20
4,8898,忈,Char,20
4,8899,忊,Char,20
4,8900,忋,Char,20
4,8901,忎,Char,20
4,8902,忓,Char,20
4,8903,忔,Char,20
4,8904,忕,Char,20
4,8905,忚,Char,20
4,8906,忛,Char,20
4,8907,応,Char,20
4,8908,忞,Char,20
4,8909,忟,Char,20
4,8910,忢,Char,20
4,8911,忣,Char,20
4,8912,忥,Char,20
4,8913,忦,Char,20
4,8914,忨,Char,20
4,8915,忩,Char,20
4,8916,忬,Char,20
4,8917,忯,Char,20
4,8918,忰,Char,20
4,8919,忲,Char,20
4,8920,忳,Char,20
4,8921,忴,Char,20
4,8922,忶,Char,20
4,8923,忷,Char,20
4,8924,忹,Char,20
4,8925,忺,Char,20
4,8926,忼,Char,20
4,8927,怇,Char,20
4,8928,怈,Char,20
4,8929,怉,Char,20
4,8930,怋,Char,20
4,8931,怌,Char,20
4,8932,怐,Char,20
4,8933,怑,Char,20
4,8934,怓,Char,20
4,8935,怗,Char,20
4,8936,怘,Char,20
4,8937,怚,Char,20
4,8938,怞,Char,20
4,8939,怟,Char,20
4,8940,怢,Char,20
4,8941,怣,Char,20
4,8942,怤,Char,20
4,8943,怬,Char,20
4,8944,怭,Char,20
4,8945,怮,Char,20
4,8946,怰,Char,20
4,8947,怱,Char,20
4,8948,怲,Char,20
4,8949,怳,Char,20
4,8950,怴,Char,20
4,8951,怶,Char,20
4,8952,怷,Char,20
4,8953,怸,Char,20
4,8954,怹,Char,20
4,8955,怺,Char,20
4,8956,怽,Char,20
4,8957,怾,Char,20
4,8958,恀,Char,20
4,8959,恄,Char,20
4,8960,恅,Char,20
4,8961,恆,Char,20
4,8962,恇,Char,20
4,8963,恈,Char,20
4,8964,恉,Char,20
4,8965,恊,Char,20
4,8966,恌,Char,20
4,8967,恎,Char,20
4,8968,恏,Char,20
4,8969,恑,Char,20
4,8970,恓,Char,20
4,8971,恔,Char,20
4,8972,恖,Char,20
4,8973,恗,Char,20
4,8974,恘,Char,20
4,8975,恛,Char,20
4,8976,恜,Char,20
4,8977,恞,Char,20
4,8978,恟,Char,20
4,8979,恠,Char,20
4,8980,恡,Char,20
4,8981,恥,Char,20
4,8982,恦,Char,20
4,8983,恮,Char,20
4,8984,恱,Char,20
4,8985,恲,Char,20
4,8986,恴,Char,20
4,8987,恵,Char,20
4,8988,恷,Char,20
4,8989,恾,Char,20
4,8990,悀,Char,20
4,8991,悁,Char,20
4,8992,悂,Char,20
4,8993,悅,Char,20
4,8994,悆,Char,20
4,8995,悇,Char,20
4,8996,悈,Char,20
4,8997,悊,Char,20
4,8998,悋,Char,20
4,8999,悎,Char,20
4,9000,悏,Char,20
4,9001,悐,Char,20
4,9002,悑,Char,20
4,9003,悓,Char,20
4,9004,悕,Char,20
4,9005,悗,Char,20
4,9006,悘,Char,20
4,9007,悙,Char,20
4,9008,悜,Char,20
4,9009,悞,Char,20
4,9010,悡,Char,20
4,9011,悢,Char,20
4,9012,悤,Char,20
4,9013,悥,Char,20
4,9014,悧,Char,20
4,9015,悩,Char,20
4,9016,悪,Char,20
4,9017,悮,Char,20
4,9018,悰,Char,20
4,9019,悳,Char,20
4,9020,悵,Char,20
4,9021,悶,Char,20
4,9022,悷,Char,20
4,9023,悹,Char,20
4,9024,悺,Char,20
4,9025,悽,Char,20
4,9026,悾,Char,20
4,9027,悿,Char,20
4,9028,惀,Char,20
4,9029,惁,Char,20
4,9030,惂,Char,20
4,9031,惃,Char,20
4,9032,惄,Char,20
4,9033,惇,Char,20
4,9034,惈,Char,20
4,9035,惉,Char,20
4,9036,惌,Char,20
4,9037,惍,Char,20
4,9038,惎,Char,20
4,9039,惏,Char,20
4,9040,惐,Char,20
4,9041,惒,Char,20
4,9042,惓,Char,20
4,9043,惔,Char,20
4,9044,惖,Char,20
4,9045,惗,Char,20
4,9046,惙,Char,20
4,9047,惛,Char,20
4,9048,惞,Char,20
4,9049,惡,Char,20
4,9050,惢,Char,20
4,9051,惣,Char,20
4,9052,惤,Char,20
4,9053,惥,Char,20
4,9054,惪,Char,20
4,9055,惱,Char,20
4,9056,惲,Char,20
4,9057,惵,Char,20
4,9058,惷,Char,20
4,9059,惸,Char,20
4,9060,惻,Char,20
4,9061,惼,Char,20
4,9062,惽,Char,20
4,9063,惾,Char,20
4,9064,惿,Char,20
4,9065,愂,Char,20
4,9066,愃,Char,20
4,9067,愄,Char,20
4,9068,愅,Char,20
4,9069,愇,Char,20
4,9070,愊,Char,20
4,9071,愋,Char,20
4,9072,愌,Char,20
4,9073,愐,Char,20
4,9074,愑,Char,20
4,9075,愒,Char,20
4,9076,愓,Char,20
4,9077,愔,Char,20
4,9078,愖,Char,20
4,9079,愗,Char,20
4,9080,愘,Char,20
4,9081,愙,Char,20
4,9082,愛,Char,20
4,9083,愜,Char,20
4,9084,愝,Char,20
4,9085,愞,Char,20
4,9086,愡,Char,20
4,9087,愢,Char,20
4,9088,愥,Char,20
4,9089,愨,Char,20
4,9090,愩,Char,20
4,9091,愪,Char,20
4,9092,愬,Char,20
4,9093,愭,Char,20
4,9094,愮,Char,20
4,9095,愯,Char,20
4,9096,愰,Char,20
4,9097,愱,Char,20
4,9098,愲,Char,20
4,9099,愳,Char,20
4,9100,愴,Char,20
4,9101,愵,Char,20
4,9102,愶,Char,20
4,9103,愷,Char,20
4,9104,愸,Char,20
4,9105,愹,Char,20
4,9106,愺,Char,20
4,9107,愻,Char,20
4,9108,愼,Char,20
4,9109,愽,Char,20
4,9110,愾,Char,20
4,9111,慀,Char,20
4,9112,慁,Char,20
4,9113,慂,Char,20
4,9114,慃,Char,20
4,9115,慄,Char,20
4,9116,慅,Char,20
4,9117,慆,Char,20
4,9118,慇,Char,20
4,9119,慉,Char,20
4,9120,態,Char,20
4,9121,慍,Char,20
4,9122,慏,Char,20
4,9123,慐,Char,20
4,9124,慒,Char,20
4,9125,慓,Char,20
4,9126,慔,Char,20
4,9127,慖,Char,20
4,9128,慗,Char,20
4,9129,慘,Char,20
4,9130,慙,Char,20
4,9131,慚,Char,20
4,9132,慛,Char,20
4,9133,慜,Char,20
4,9134,慞,Char,20
4,9135,慟,Char,20
4,9136,慠,Char,20
4,9137,慡,Char,20
4,9138,慣,Char,20
4,9139,慤,Char,20
4,9140,慥,Char,20
4,9141,慦,Char,20
4,9142,慩,Char,20
4,9143,慪,Char,20
4,9144,慫,Char,20
4,9145,慬,Char,20
4,9146,慭,Char,20
4,9147,慮,Char,20
4,9148,慯,Char,20
4,9149,慱,Char,20
4,9150,慲,Char,20
4,9151,慳,Char,20
4,9152,慴,Char,20
4,9153,慶,Char,20
4,9154,慸,Char,20
4,9155,慹,Char,20
4,9156,慺,Char,20
4,9157,慻,Char,20
4,9158,慼,Char,20
4,9159,慽,Char,20
4,9160,慾,Char,20
4,9161,慿,Char,20
4,9162,憀,Char,20
4,9163,憁,Char,20
4,9164,憂,Char,20
4,9165,憃,Char,20
4,9166,憄,Char,20
4,9167,憅,Char,20
4,9168,憆,Char,20
4,9169,憇,Char,20
4,9170,憈,Char,20
4,9171,憉,Char,20
4,9172,憊,Char,20
4,9173,憌,Char,20
4,9174,憍,Char,20
4,9175,憏,Char,20
4,9176,憐,Char,20
4,9177,憑,Char,20
4,9178,憒,Char,20
4,9179,憓,Char,20
4,9180,憕,Char,20
4,9181,憖,Char,20
4,9182,憗,Char,20
4,9183,憘,Char,20
4,9184,憙,Char,20
4,9185,憚,Char,20
4,9186,憛,Char,20
4,9187,憜,Char,20
4,9188,憞,Char,20
4,9189,憟,Char,20
4,9190,憠,Char,20
4,9191,憡,Char,20
4,9192,憢,Char,20
4,9193,憣,Char,20
4,9194,憤,Char,20
4,9195,憥,Char,20
4,9196,憦,Char,20
4,9197,憪,Char,20
4,9198,憫,Char,20
4,9199,憭,Char,20
4,9200,憮,Char,20
4,9201,憯,Char,20
4,9202,憰,Char,20
4,9203,憱,Char,20
4,9204,憲,Char,20
4,9205,憳,Char,20
4,9206,憴,Char,20
4,9207,憵,Char,20
4,9208,憶,Char,20
4,9209,憸,Char,20
4,9210,憹,Char,20
4,9211,憺,Char,20
4,9212,憻,Char,20
4,9213,憼,Char,20
4,9214,憽,Char,20
4,9215,憿,Char,20
4,9216,懀,Char,20
4,9217,懁,Char,20
4,9218,懃,Char,20
4,9219,懄,Char,20
4,9220,懅,Char,20
4,9221,懆,Char,20
4,9222,懇,Char,20
4,9223,應,Char,20
4,9224,懌,Char,20
4,9225,懍,Char,20
4,9226,懎,Char,20
4,9227,懏,Char,20
4,9228,懐,Char,20
4,9229,懓,Char,20
4,9230,懕,Char,20
4,9231,懖,Char,20
4,9232,懗,Char,20
4,9233,懘,Char,20
4,9234,懙,Char,20
4,9235,懚,Char,20
4,9236,懛,Char,20
4,9237,懜,Char,20
4,9238,懝,Char,20
4,9239,懞,Char,20
4,9240,懟,Char,20
4,9241,懠,Char,20
4,9242,懡,Char,20
4,9243,懢,Char,20
4,9244,懣,Char,20
4,9245,懤,Char,20
4,9246,懥,Char,20
4,9247,懧,Char,20
4,9248,懨,Char,20
4,9249,懩,Char,20
4,9250,懪,Char,20
4,9251,懫,Char,20
4,9252,懬,Char,20
4,9253,懭,Char,20
4,9254,懮,Char,20
4,9255,懯,Char,20
4,9256,懰,Char,20
4,9257,懱,Char,20
4,9258,懲,Char,20
4,9259,懳,Char,20
4,9260,懴,Char,20
4,9261,懶,Char,20
4,9262,懷,Char,20
4,9263,懸,Char,20
4,9264,懹,Char,20
4,9265,懺,Char,20
4,9266,懻,Char,20
4,9267,懼,Char,20
4,9268,懽,Char,20
4,9269,懾,Char,20
4,9270,戀,Char,20
4,9271,戁,Char,20
4,9272,戂,Char,20
4,9273,戃,Char,20
4,9274,戄,Char,20
4,9275,戅,Char,20
4,9276,戇,Char,20
4,9277,戉,Char,20
4,9278,戓,Char,20
4,9279,戔,Char,20
4,9280,戙,Char,20
4,9281,戜,Char,20
4,9282,戝,Char,20
4,9283,戞,Char,20
4,9284,戠,Char,20
4,9285,戣,Char,20
4,9286,戦,Char,20
4,9287,戧,Char,20
4,9288,戨,Char,20
4,9289,戩,Char,20
4,9290,戫,Char,20
4,9291,戭,Char,20
4,9292,戯,Char,20
4,9293,戰,Char,20
4,9294,戱,Char,20
4,9295,戲,Char,20
4,9296,戵,Char,20
4,9297,戶,Char,20
4,9298,戸,Char,20
4,9299,戹,Char,20
4,9300,戺,Char,20
4,9301,戻,Char,20
4,9302,戼,Char,20
4,9303,扂,Char,20
4,9304,扄,Char,20
4,9305,扅,Char,20
4,9306,扆,Char,20
4,9307,扊,Char,20
4,9308,扌,Char,20
4,9309,扏,Char,20
4,9310,扐,Char,20
4,9311,払,Char,20
4,9312,扖,Char,20
4,9313,扗,Char,20
4,9314,扙,Char,20
4,9315,扚,Char,20
4,9316,扜,Char,20
4,9317,扝,Char,20
4,9318,扞,Char,20
4,9319,扟,Char,20
4,9320,扠,Char,20
4,9321,扡,Char,20
4,9322,扢,Char,20
4,9323,扤,Char,20
4,9324,扥,Char,20
4,9325,扨,Char,20
4,9326,扱,Char,20
4,9327,扲,Char,20
4,9328,扴,Char,20
4,9329,扵,Char,20
4,9330,扷,Char,20
4,9331,扸,Char,20
4,9332,扺,Char,20
4,9333,扻,Char,20
4,9334,扽,Char,20
4,9335,抁,Char,20
4,9336,抂,Char,20
4,9337,抃,Char,20
4,9338,抅,Char,20
4,9339,抆,Char,20
4,9340,抇,Char,20
4,9341,抈,Char,20
4,9342,抋,Char,20
4,9343,抌,Char,20
4,9344,抍,Char,20
4,9345,抎,Char,20
4,9346,抏,Char,20
4,9347,抐,Char,20
4,9348,抔,Char,20
4,9349,抙,Char,20
4,9350,抜,Char,20
4,9351,抝,Char,20
4,9352,択,Char,20
4,9353,抣,Char,20
4,9354,抦,Char,20
4,9355,抧,Char,20
4,9356,抩,Char,20
4,9357,抪,Char,20
4,9358,抭,Char,20
4,9359,抮,Char,20
4,9360,抯,Char,20
4,9361,抰,Char,20
4,9362,抲,Char,20
4,9363,抳,Char,20
4,9364,抴,Char,20
4,9365,抶,Char,20
4,9366,抷,Char,20
4,9367,抸,Char,20
4,9368,抺,Char,20
4,9369,抾,Char,20
4,9370,拀,Char,20
4,9371,拁,Char,20
4,9372,拃,Char,20
4,9373,拋,Char,20
4,9374,拏,Char,20
4,9375,拑,Char,20
4,9376,拕,Char,20
4,9377,拝,Char,20
4,9378,拞,Char,20
4,9379,拠,Char,20
4,9380,拡,Char,20
4,9381,拤,Char,20
4,9382,拪,Char,20
4,9383,拫,Char,20
4,9384,拰,Char,20
4,9385,拲,Char,20
4,9386,拵,Char,20
4,9387,拸,Char,20
4,9388,拹,Char,20
4,9389,拺,Char,20
4,9390,拻,Char,20
4,9391,挀,Char,20
4,9392,挃,Char,20
4,9393,挄,Char,20
4,9394,挅,Char,20
4,9395,挆,Char,20
4,9396,挊,Char,20
4,9397,挋,Char,20
4,9398,挌,Char,20
4,9399,挍,Char,20
4,9400,挏,Char,20
4,9401,挐,Char,20
4,9402,挒,Char,20
4,9403,挓,Char,20
4,9404,挔,Char,20
4,9405,挕,Char,20
4,9406,挗,Char,20
4,9407,挘,Char,20
4,9408,挙,Char,20
4,9409,挜,Char,20
4,9410,挦,Char,20
4,9411,挧,Char,20
4,9412,挩,Char,20
4,9413,挬,Char,20
4,9414,挭,Char,20
4,9415,挮,Char,20
4,9416,挰,Char,20
4,9417,挱,Char,20
4,9418,挳,Char,20
4,9419,挴,Char,20
4,9420,挵,Char,20
4,9421,挶,Char,20
4,9422,挷,Char,20
4,9423,挸,Char,20
4,9424,挻,Char,20
4,9425,挼,Char,20
4,9426,挾,Char,20
4,9427,挿,Char,20
4,9428,捀,Char,20
4,9429,捁,Char,20
4,9430,捄,Char,20
4,9431,捇,Char,20
4,9432,捈,Char,20
4,9433,捊,Char,20
4,9434,捑,Char,20
4,9435,捒,Char,20
4,9436,捓,Char,20
4,9437,捔,Char,20
4,9438,捖,Char,20
4,9439,捗,Char,20
4,9440,捘,Char,20
4,9441,捙,Char,20
4,9442,捚,Char,20
4,9443,捛,Char,20
4,9444,捜,Char,20
4,9445,捝,Char,20
4,9446,捠,Char,20
4,9447,捤,Char,20
4,9448,捥,Char,20
4,9449,捦,Char,20
4,9450,捨,Char,20
4,9451,捪,Char,20
4,9452,捫,Char,20
4,9453,捬,Char,20
4,9454,捯,Char,20
4,9455,捰,Char,20
4,9456,捲,Char,20
4,9457,捳,Char,20
4,9458,捴,Char,20
4,9459,捵,Char,20
4,9460,捸,Char,20
4,9461,捹,Char,20
4,9462,捼,Char,20
4,9463,捽,Char,20
4,9464,捾,Char,20
4,9465,捿,Char,20
4,9466,掁,Char,20
4,9467,掃,Char,20
4,9468,掄,Char,20
4,9469,掅,Char,20
4,9470,掆,Char,20
4,9471,掋,Char,20
4,9472,掍,Char,20
4,9473,掑,Char,20
4,9474,掓,Char,20
4,9475,掔,Char,20
4,9476,掕,Char,20
4,9477,掗,Char,20
4,9478,掙,Char,20
4,9479,掚,Char,20
4,9480,掛,Char,20
4,9481,掜,Char,20
4,9482,掝,Char,20
4,9483,掞,Char,20
4,9484,掟,Char,20
4,9485,採,Char,20
4,9486,掤,Char,20
4,9487,掦,Char,20
4,9488,掫,Char,20
4,9489,掯,Char,20
4,9490,掱,Char,20
4,9491,掲,Char,20
4,9492,掵,Char,20
4,9493,掶,Char,20
4,9494,掹,Char,20
4,9495,掻,Char,20
4,9496,掽,Char,20
4,9497,掿,Char,20
4,9498,揀,Char,20
4,9499,揁,Char,20
4,9500,揂,Char,20
4,9501,揃,Char,20
4,9502,揅,Char,20
4,9503,揇,Char,20
4,9504,揈,Char,20
4,9505,揊,Char,20
4,9506,揋,Char,20
4,9507,揌,Char,20
4,9508,揑,Char,20
4,9509,揓,Char,20
4,9510,揔,Char,20
4,9511,揕,Char,20
4,9512,揗,Char,20
4,9513,揘,Char,20
4,9514,揙,Char,20
4,9515,揚,Char,20
4,9516,換,Char,20
4,9517,揜,Char,20
4,9518,揝,Char,20
4,9519,揟,Char,20
4,9520,揢,Char,20
4,9521,揤,Char,20
4,9522,揥,Char,20
4,9523,揦,Char,20
4,9524,揧,Char,20
4,9525,揨,Char,20
4,9526,揫,Char,20
4,9527,揬,Char,20
4,9528,揮,Char,20
4,9529,揯,Char,20
4,9530,揰,Char,20
4,9531,揱,Char,20
4,9532,揳,Char,20
4,9533,揵,Char,20
4,9534,揷,Char,20
4,9535,揹,Char,20
4,9536,揺,Char,20
4,9537,揻,Char,20
4,9538,揼,Char,20
4,9539,揾,Char,20
4,9540,搃,Char,20
4,9541,搄,Char,20
4,9542,搆,Char,20
4,9543,搇,Char,20
4,9544,搈,Char,20
4,9545,搉,Char,20
4,9546,搊,Char,20
4,9547,損,Char,20
4,9548,搎,Char,20
4,9549,搑,Char,20
4,9550,搒,Char,20
4,9551,搕,Char,20
4,9552,搖,Char,20
4,9553,搗,Char,20
4,9554,搘,Char,20
4,9555,搙,Char,20
4,9556,搚,Char,20
4,9557,搝,Char,20
4,9558,搟,Char,20
4,9559,搢,Char,20
4,9560,搣,Char,20
4,9561,搤,Char,20
4,9562,搥,Char,20
4,9563,搧,Char,20
4,9564,搨,Char,20
4,9565,搩,Char,20
4,9566,搫,Char,20
4,9567,搮,Char,20
4,9568,搯,Char,20
4,9569,搰,Char,20
4,9570,搱,Char,20
4,9571,搲,Char,20
4,9572,搳,Char,20
4,9573,搵,Char,20
4,9574,搶,Char,20
4,9575,搷,Char,20
4,9576,搸,Char,20
4,9577,搹,Char,20
4,9578,搻,Char,20
4,9579,搼,Char,20
4,9580,搾,Char,20
4,9581,摀,Char,20
4,9582,摂,Char,20
4,9583,摃,Char,20
4,9584,摉,Char,20
4,9585,摋,Char,20
4,9586,摌,Char,20
4,9587,摍,Char,20
4,9588,摎,Char,20
4,9589,摏,Char,20
4,9590,摐,Char,20
4,9591,摑,Char,20
4,9592,摓,Char,20
4,9593,摕,Char,20
4,9594,摖,Char,20
4,9595,摗,Char,20
4,9596,摙,Char,20
4,9597,摚,Char,20
4,9598,摛,Char,20
4,9599,摜,Char,20
4,9600,摝,Char,20
4,9601,摟,Char,20
4,9602,摠,Char,20
4,9603,摡,Char,20
4,9604,摢,Char,20
4,9605,摣,Char,20
4,9606,摤,Char,20
4,9607,摥,Char,20
4,9608,摦,Char,20
4,9609,摨,Char,20
4,9610,摪,Char,20
4,9611,摫,Char,20
4,9612,摬,Char,20
4,9613,摮,Char,20
4,9614,摯,Char,20
4,9615,摰,Char,20
4,9616,摱,Char,20
4,9617,摲,Char,20
4,9618,摳,Char,20
4,9619,摴,Char,20
4,9620,摵,Char,20
4,9621,摶,Char,20
4,9622,摷,Char,20
4,9623,摻,Char,20
4,9624,摼,Char,20
4,9625,摽,Char,20
4,9626,摾,Char,20
4,9627,摿,Char,20
4,9628,撀,Char,20
4,9629,撁,Char,20
4,9630,撃,Char,20
4,9631,撆,Char,20
4,9632,撈,Char,20
4,9633,撉,Char,20
4,9634,撊,Char,20
4,9635,撋,Char,20
4,9636,撌,Char,20
4,9637,撍,Char,20
4,9638,撎,Char,20
4,9639,撏,Char,20
4,9640,撐,Char,20
4,9641,撓,Char,20
4,9642,撔,Char,20
4,9643,撖,Char,20
4,9644,撗,Char,20
4,9645,撘,Char,20
4,9646,撚,Char,20
4,9647,撛,Char,20
4,9648,撜,Char,20
4,9649,撝,Char,20
4,9650,撟,Char,20
4,9651,撠,Char,20
4,9652,撡,Char,20
4,9653,撢,Char,20
4,9654,撣,Char,20
4,9655,撥,Char,20
4,9656,撦,Char,20
4,9657,撧,Char,20
4,9658,撨,Char,20
4,9659,撪,Char,20
4,9660,撫,Char,20
4,9661,撯,Char,20
4,9662,撱,Char,20
4,9663,撲,Char,20
4,9664,撳,Char,20
4,9665,撴,Char,20
4,9666,撶,Char,20
4,9667,撹,Char,20
4,9668,撻,Char,20
4,9669,撽,Char,20
4,9670,撾,Char,20
4,9671,撿,Char,20
4,9672,擁,Char,20
4,9673,擃,Char,20
4,9674,擄,Char,20
4,9675,擆,Char,20
4,9676,擇,Char,20
4,9677,擈,Char,20
4,9678,擉,Char,20
4,9679,擊,Char,20
4,9680,擋,Char,20
4,9681,擌,Char,20
4,9682,擏,Char,20
4,9683,擑,Char,20
4,9684,擓,Char,20
4,9685,擔,Char,20
4,9686,擕,Char,20
4,9687,擖,Char,20
4,9688,擙,Char,20
4,9689,據,Char,20
4,9690,擛,Char,20
4,9691,擜,Char,20
4,9692,擝,Char,20
4,9693,擟,Char,20
4,9694,擠,Char,20
4,9695,擡,Char,20
4,9696,擣,Char,20
4,9697,擥,Char,20
4,9698,擧,Char,20
4,9699,擨,Char,20
4,9700,擩,Char,20
4,9701,擪,Char,20
4,9702,擫,Char,20
4,9703,擬,Char,20
4,9704,擭,Char,20
4,9705,擮,Char,20
4,9706,擯,Char,20
4,9707,擰,Char,20
4,9708,擱,Char,20
4,9709,擲,Char,20
4,9710,擳,Char,20
4,9711,擴,Char,20
4,9712,擵,Char,20
4,9713,擶,Char,20
4,9714,擷,Char,20
4,9715,擸,Char,20
4,9716,擹,Char,20
4,9717,擺,Char,20
4,9718,擻,Char,20
4,9719,擼,Char,20
4,9720,擽,Char,20
4,9721,擾,Char,20
4,9722,擿,Char,20
4,9723,攁,Char,20
4,9724,攂,Char,20
4,9725,攃,Char,20
4,9726,攄,Char,20
4,9727,攅,Char,20
4,9728,攆,Char,20
4,9729,攇,Char,20
4,9730,攈,Char,20
4,9731,攊,Char,20
4,9732,攋,Char,20
4,9733,攌,Char,20
4,9734,攍,Char,20
4,9735,攎,Char,20
4,9736,攏,Char,20
4,9737,攐,Char,20
4,9738,攑,Char,20
4,9739,攓,Char,20
4,9740,攔,Char,20
4,9741,攕,Char,20
4,9742,攖,Char,20
4,9743,攗,Char,20
4,9744,攙,Char,20
4,9745,攚,Char,20
4,9746,攛,Char,20
4,9747,攜,Char,20
4,9748,攝,Char,20
4,9749,攞,Char,20
4,9750,攟,Char,20
4,9751,攠,Char,20
4,9752,攡,Char,20
4,9753,攢,Char,20
4,9754,攣,Char,20
4,9755,攤,Char,20
4,9756,攦,Char,20
4,9757,攧,Char,20
4,9758,攨,Char,20
4,9759,攩,Char,20
4,9760,攪,Char,20
4,9761,攬,Char,20
4,9762,攭,Char,20
4,9763,攰,Char,20
4,9764,攱,Char,20
4,9765,攲,Char,20
4,9766,攳,Char,20
4,9767,攷,Char,20
4,9768,攺,Char,20
4,9769,攼,Char,20
4,9770,攽,Char,20
4,9771,敀,Char,20
4,9772,敁,Char,20
4,9773,敂,Char,20
4,9774,敃,Char,20
4,9775,敄,Char,20
4,9776,敆,Char,20
4,9777,敇,Char,20
4,9778,敊,Char,20
4,9779,敋,Char,20
4,9780,敍,Char,20
4,9781,敎,Char,20
4,9782,敐,Char,20
4,9783,敒,Char,20
4,9784,敓,Char,20
4,9785,敔,Char,20
4,9786,敗,Char,20
4,9787,敘,Char,20
4,9788,敚,Char,20
4,9789,敜,Char,20
4,9790,敟,Char,20
4,9791,敠,Char,20
4,9792,敡,Char,20
4,9793,敤,Char,20
4,9794,敥,Char,20
4,9795,敧,Char,20
4,9796,敨,Char,20
4,9797,敩,Char,20
4,9798,敪,Char,20
4,9799,敭,Char,20
4,9800,敮,Char,20
4,9801,敯,Char,20
4,9802,敱,Char,20
4,9803,敳,Char,20
4,9804,敵,Char,20
4,9805,敶,Char,20
4,9806,數,Char,20
4,9807,敹,Char,20
4,9808,敺,Char,20
4,9809,敻,Char,20
4,9810,敼,Char,20
4,9811,敽,Char,20
4,9812,敾,Char,20
4,9813,敿,Char,20
4,9814,斀,Char,20
4,9815,斁,Char,20
4,9816,斂,Char,20
4,9817,斃,Char,20
4,9818,斄,Char,20
4,9819,斅,Char,20
4,9820,斆,Char,20
4,9821,斈,Char,20
4,9822,斉,Char,20
4,9823,斊,Char,20
4,9824,斍,Char,20
4,9825,斎,Char,20
4,9826,斏,Char,20
4,9827,斒,Char,20
4,9828,斔,Char,20
4,9829,斕,Char,20
4,9830,斖,Char,20
4,9831,斘,Char,20
4,9832,斚,Char,20
4,9833,斝,Char,20
4,9834,斞,Char,20
4,9835,斠,Char,20
4,9836,斢,Char,20
4,9837,斣,Char,20
4,9838,斦,Char,20
4,9839,斨,Char,20
4,9840,斪,Char,20
4,9841,斬,Char,20
4,9842,斮,Char,20
4,9843,斱,Char,20
4,9844,斲,Char,20
4,9845,斳,Char,20
4,9846,斴,Char,20
4,9847,斵,Char,20
4,9848,斶,Char,20
4,9849,斷,Char,20
4,9850,斸,Char,20
4,9851,斺,Char,20
4,9852,斻,Char,20
4,9853,斾,Char,20
4,9854,斿,Char,20
4,9855,旀,Char,20
4,9856,旂,Char,20
4,9857,旇,Char,20
4,9858,旈,Char,20
4,9859,旉,Char,20
4,9860,旊,Char,20
4,9861,旍,Char,20
4,9862,旐,Char,20
4,9863,旑,Char,20
4,9864,旓,Char,20
4,9865,旔,Char,20
4,9866,旕,Char,20
4,9867,旘,Char,20
4,9868,旙,Char,20
4,9869,旚,Char,20
4,9870,旛,Char,20
4,9871,旜,Char,20
4,9872,旝,Char,20
4,9873,旞,Char,20
4,9874,旟,Char,20
4,9875,旡,Char,20
4,9876,旣,Char,20
4,9877,旤,Char,20
4,9878,旪,Char,20
4,9879,旫,Char,20
4,9880,旲,Char,20
4,9881,旳,Char,20
4,9882,旴,Char,20
4,9883,旵,Char,20
4,9884,旸,Char,20
4,9885,旹,Char,20
4,9886,旻,Char,20
4,9887,旼,Char,20
4,9888,旽,Char,20
4,9889,旾,Char,20
4,9890,旿,Char,20
4,9891,昁,Char,20
4,9892,昄,Char,20
4,9893,昅,Char,20
4,9894,昇,Char,20
4,9895,昈,Char,20
4,9896,昉,Char,20
4,9897,昋,Char,20
4,9898,昍,Char,20
4,9899,昐,Char,20
4,9900,昑,Char,20
4,9901,昒,Char,20
4,9902,昖,Char,20
4,9903,昗,Char,20
4,9904,昘,Char,20
4,9905,昚,Char,20
4,9906,昛,Char,20
4,9907,昜,Char,20
4,9908,昞,Char,20
4,9909,昡,Char,20
4,9910,昢,Char,20
4,9911,昣,Char,20
4,9912,昤,Char,20
4,9913,昦,Char,20
4,9914,昩,Char,20
4,9915,昪,Char,20
4,9916,昫,Char,20
4,9917,昬,Char,20
4,9918,昮,Char,20
4,9919,昰,Char,20
4,9920,昲,Char,20
4,9921,昳,Char,20
4,9922,昷,Char,20
4,9923,昸,Char,20
4,9924,昹,Char,20
4,9925,昺,Char,20
4,9926,昻,Char,20
4,9927,昽,Char,20
4,9928,昿,Char,20
4,9929,晀,Char,20
4,9930,時,Char,20
4,9931,晄,Char,20
4,9932,晅,Char,20
4,9933,晆,Char,20
4,9934,晇,Char,20
4,9935,晈,Char,20
4,9936,晉,Char,20
4,9937,晊,Char,20
4,9938,晍,Char,20
4,9939,晎,Char,20
4,9940,晐,Char,20
4,9941,晑,Char,20
4,9942,晘,Char,20
4,9943,晙,Char,20
4,9944,晛,Char,20
4,9945,晜,Char,20
4,9946,晝,Char,20
4,9947,晞,Char,20
4,9948,晠,Char,20
4,9949,晢,Char,20
4,9950,晣,Char,20
4,9951,晥,Char,20
4,9952,晧,Char,20
4,9953,晩,Char,20
4,9954,晪,Char,20
4,9955,晫,Char,20
4,9956,晬,Char,20
4,9957,晭,Char,20
4,9958,晱,Char,20
4,9959,晲,Char,20
4,9960,晳,Char,20
4,9961,晵,Char,20
4,9962,晸,Char,20
4,9963,晹,Char,20
4,9964,晻,Char,20
4,9965,晼,Char,20
4,9966,晽,Char,20
4,9967,晿,Char,20
4,9968,暀,Char,20
4,9969,暁,Char,20
4,9970,暃,Char,20
4,9971,暅,Char,20
4,9972,暆,Char,20
4,9973,暈,Char,20
4,9974,暉,Char,20
4,9975,暊,Char,20
4,9976,暋,Char,20
4,9977,暍,Char,20
4,9978,暎,Char,20
4,9979,暏,Char,20
4,9980,暐,Char,20
4,9981,暒,Char,20
4,9982,暓,Char,20
4,9983,暔,Char,20
4,9984,暕,Char,20
4,9985,暘,Char,20
4,9986,暙,Char,20
4,9987,暚,Char,20
4,9988,暛,Char,20
4,9989,暜,Char,20
4,9990,暞,Char,20
4,9991,暟,Char,20
4,9992,暠,Char,20
4,9993,暡,Char,20
4,9994,暢,Char,20
4,9995,暣,Char,20
4,9996,暤,Char,20
4,9997,暥,Char,20
4,9998,暦,Char,20
4,9999,暩,Char,20
4,10000,暪,Char,20
4,10001,暫,Char,20
4,10002,暬,Char,20
4,10003,暭,Char,20
4,10004,暯,Char,20
4,10005,暰,Char,20
4,10006,暱,Char,20
4,10007,暲,Char,20
4,10008,暳,Char,20
4,10009,暵,Char,20
4,10010,暶,Char,20
4,10011,暷,Char,20
4,10012,暸,Char,20
4,10013,暺,Char,20
4,10014,暻,Char,20
4,10015,暼,Char,20
4,10016,暽,Char,20
4,10017,暿,Char,20
4,10018,曀,Char,20
4,10019,曁,Char,20
4,10020,曂,Char,20
4,10021,曃,Char,20
4,10022,曄,Char,20
4,10023,曅,Char,20
4,10024,曆,Char,20
4,10025,曇,Char,20
4,10026,曈,Char,20
4,10027,曉,Char,20
4,10028,曊,Char,20
4,10029,曋,Char,20
4,10030,曌,Char,20
4,10031,曍,Char,20
4,10032,曎,Char,20
4,10033,曏,Char,20
4,10034,曐,Char,20
4,10035,曑,Char,20
4,10036,曒,Char,20
4,10037,曓,Char,20
4,10038,曔,Char,20
4,10039,曕,Char,20
4,10040,曖,Char,20
4,10041,曗,Char,20
4,10042,曘,Char,20
4,10043,曚,Char,20
4,10044,曞,Char,20
4,10045,曟,Char,20
4,10046,曠,Char,20
4,10047,曡,Char,20
4,10048,曢,Char,20
4,10049,曣,Char,20
4,10050,曤,Char,20
4,10051,曥,Char,20
4,10052,曧,Char,20
4,10053,曨,Char,20
4,10054,曪,Char,20
4,10055,曫,Char,20
4,10056,曬,Char,20
4,10057,曭,Char,20
4,10058,曮,Char,20
4,10059,曯,Char,20
4,10060,曱,Char,20
4,10061,曵,Char,20
4,10062,曶,Char,20
4,10063,書,Char,20
4,10064,曺,Char,20
4,10065,曻,Char,20
4,10066,曽,Char,20
4,10067,朁,Char,20
4,10068,朂,Char,20
4,10069,會,Char,20
4,10070,朄,Char,20
4,10071,朅,Char,20
4,10072,朆,Char,20
4,10073,朇,Char,20
4,10074,朌,Char,20
4,10075,朎,Char,20
4,10076,朏,Char,20
4,10077,朑,Char,20
4,10078,朒,Char,20
4,10079,朓,Char,20
4,10080,朖,Char,20
4,10081,朘,Char,20
4,10082,朙,Char,20
4,10083,朚,Char,20
4,10084,朜,Char,20
4,10085,朞,Char,20
4,10086,朠,Char,20
4,10087,朡,Char,20
4,10088,朢,Char,20
4,10089,朣,Char,20
4,10090,朤,Char,20
4,10091,朥,Char,20
4,10092,朧,Char,20
4,10093,朩,Char,20
4,10094,朮,Char,20
4,10095,朰,Char,20
4,10096,朲,Char,20
4,10097,朳,Char,20
4,10098,朶,Char,20
4,10099,朷,Char,20
4,10100,朸,Char,20
4,10101,朹,Char,20
4,10102,朻,Char,20
4,10103,朼,Char,20
4,10104,朾,Char,20
4,10105,朿,Char,20
4,10106,杁,Char,20
4,10107,杄,Char,20
4,10108,杅,Char,20
4,10109,杇,Char,20
4,10110,杊,Char,20
4,10111,杋,Char,20
4,10112,杍,Char,20
4,10113,杒,Char,20
4,10114,杔,Char,20
4,10115,杕,Char,20
4,10116,杗,Char,20
4,10117,杘,Char,20
4,10118,杙,Char,20
4,10119,杚,Char,20
4,10120,杛,Char,20
4,10121,杝,Char,20
4,10122,杢,Char,20
4,10123,杣,Char,20
4,10124,杤,Char,20
4,10125,杦,Char,20
4,10126,杧,Char,20
4,10127,杫,Char,20
4,10128,杬,Char,20
4,10129,杮,Char,20
4,10130,東,Char,20
4,10131,杴,Char,20
4,10132,杶,Char,20
4,10133,杸,Char,20
4,10134,杹,Char,20
4,10135,杺,Char,20
4,10136,杻,Char,20
4,10137,杽,Char,20
4,10138,枀,Char,20
4,10139,枂,Char,20
4,10140,枃,Char,20
4,10141,枅,Char,20
4,10142,枆,Char,20
4,10143,枈,Char,20
4,10144,枊,Char,20
4,10145,枌,Char,20
4,10146,枍,Char,20
4,10147,枎,Char,20
4,10148,枏,Char,20
4,10149,枑,Char,20
4,10150,枒,Char,20
4,10151,枓,Char,20
4,10152,枔,Char,20
4,10153,枖,Char,20
4,10154,枙,Char,20
4,10155,枛,Char,20
4,10156,枟,Char,20
4,10157,枠,Char,20
4,10158,枡,Char,20
4,10159,枤,Char,20
4,10160,枦,Char,20
4,10161,枩,Char,20
4,10162,枬,Char,20
4,10163,枮,Char,20
4,10164,枱,Char,20
4,10165,枲,Char,20
4,10166,枴,Char,20
4,10167,枹,Char,20
4,10168,枺,Char,20
4,10169,枻,Char,20
4,10170,枼,Char,20
4,10171,枽,Char,20
4,10172,枾,Char,20
4,10173,枿,Char,20
4,10174,柀,Char,20
4,10175,柂,Char,20
4,10176,柅,Char,20
4,10177,柆,Char,20
4,10178,柇,Char,20
4,10179,柈,Char,20
4,10180,柉,Char,20
4,10181,柊,Char,20
4,10182,柋,Char,20
4,10183,柌,Char,20
4,10184,柍,Char,20
4,10185,柎,Char,20
4,10186,柕,Char,20
4,10187,柖,Char,20
4,10188,柗,Char,20
4,10189,柛,Char,20
4,10190,柟,Char,20
4,10191,柡,Char,20
4,10192,柣,Char,20
4,10193,柤,Char,20
4,10194,柦,Char,20
4,10195,柧,Char,20
4,10196,柨,Char,20
4,10197,柪,Char,20
4,10198,柫,Char,20
4,10199,柭,Char,20
4,10200,柮,Char,20
4,10201,柲,Char,20
4,10202,柵,Char,20
4,10203,柶,Char,20
4,10204,柷,Char,20
4,10205,柸,Char,20
4,10206,柹,Char,20
4,10207,柺,Char,20
4,10208,査,Char,20
4,10209,柼,Char,20
4,10210,柾,Char,20
4,10211,栁,Char,20
4,10212,栂,Char,20
4,10213,栃,Char,20
4,10214,栄,Char,20
4,10215,栆,Char,20
4,10216,栍,Char,20
4,10217,栐,Char,20
4,10218,栒,Char,20
4,10219,栔,Char,20
4,10220,栕,Char,20
4,10221,栘,Char,20
4,10222,栙,Char,20
4,10223,栚,Char,20
4,10224,栛,Char,20
4,10225,栜,Char,20
4,10226,栞,Char,20
4,10227,栟,Char,20
4,10228,栠,Char,20
4,10229,栢,Char,20
4,10230,栣,Char,20
4,10231,栤,Char,20
4,10232,栥,Char,20
4,10233,栦,Char,20
4,10234,栧,Char,20
4,10235,栨,Char,20
4,10236,栫,Char,20
4,10237,栬,Char,20
4,10238,栭,Char,20
4,10239,栮,Char,20
4,10240,栯,Char,20
4,10241,栰,Char,20
4,10242,栱,Char,20
4,10243,栴,Char,20
4,10244,栵,Char,20
4,10245,栶,Char,20
4,10246,栺,Char,20
4,10247,栻,Char,20
4,10248,栿,Char,20
4,10249,桇,Char,20
4,10250,桊,Char,20
4,10251,桋,Char,20
4,10252,桍,Char,20
4,10253,桏,Char,20
4,10254,桒,Char,20
4,10255,桖,Char,20
4,10256,桗,Char,20
4,10257,桘,Char,20
4,10258,桙,Char,20
4,10259,桚,Char,20
4,10260,桛,Char,20
4,10261,桜,Char,20
4,10262,桝,Char,20
4,10263,桞,Char,20
4,10264,桟,Char,20
4,10265,桪,Char,20
4,10266,桬,Char,20
4,10267,桭,Char,20
4,10268,桮,Char,20
4,10269,桯,Char,20
4,10270,桰,Char,20
4,10271,桱,Char,20
4,10272,桲,Char,20
4,10273,桳,Char,20
4,10274,桵,Char,20
4,10275,桸,Char,20
4,10276,桹,Char,20
4,10277,桺,Char,20
4,10278,桻,Char,20
4,10279,桼,Char,20
4,10280,桽,Char,20
4,10281,桾,Char,20
4,10282,桿,Char,20
4,10283,梀,Char,20
4,10284,梂,Char,20
4,10285,梄,Char,20
4,10286,梇,Char,20
4,10287,梈,Char,20
4,10288,梉,Char,20
4,10289,梊,Char,20
4,10290,梋,Char,20
4,10291,梌,Char,20
4,10292,梍,Char,20
4,10293,梎,Char,20
4,10294,梐,Char,20
4,10295,梑,Char,20
4,10296,梒,Char,20
4,10297,梔,Char,20
4,10298,梕,Char,20
4,10299,梖,Char,20
4,10300,梘,Char,20
4,10301,梙,Char,20
4,10302,梚,Char,20
4,10303,梛,Char,20
4,10304,梜,Char,20
4,10305,條,Char,20
4,10306,梞,Char,20
4,10307,梟,Char,20
4,10308,梠,Char,20
4,10309,梡,Char,20
4,10310,梣,Char,20
4,10311,梤,Char,20
4,10312,梥,Char,20
4,10313,梩,Char,20
4,10314,梪,Char,20
4,10315,梫,Char,20
4,10316,梬,Char,20
4,10317,梮,Char,20
4,10318,梱,Char,20
4,10319,梲,Char,20
4,10320,梴,Char,20
4,10321,梶,Char,20
4,10322,梷,Char,20
4,10323,梸,Char,20
4,10324,梹,Char,20
4,10325,梺,Char,20
4,10326,梻,Char,20
4,10327,梼,Char,20
4,10328,梽,Char,20
4,10329,梾,Char,20
4,10330,梿,Char,20
4,10331,棁,Char,20
4,10332,棃,Char,20
4,10333,棄,Char,20
4,10334,棅,Char,20
4,10335,棆,Char,20
4,10336,棇,Char,20
4,10337,棈,Char,20
4,10338,棊,Char,20
4,10339,棌,Char,20
4,10340,棎,Char,20
4,10341,棏,Char,20
4,10342,棐,Char,20
4,10343,棑,Char,20
4,10344,棓,Char,20
4,10345,棔,Char,20
4,10346,棖,Char,20
4,10347,棗,Char,20
4,10348,棙,Char,20
4,10349,棛,Char,20
4,10350,棜,Char,20
4,10351,棝,Char,20
4,10352,棞,Char,20
4,10353,棟,Char,20
4,10354,棡,Char,20
4,10355,棢,Char,20
4,10356,棤,Char,20
4,10357,棥,Char,20
4,10358,棦,Char,20
4,10359,棧,Char,20
4,10360,棨,Char,20
4,10361,棩,Char,20
4,10362,棪,Char,20
4,10363,棫,Char,20
4,10364,棬,Char,20
4,10365,棭,Char,20
4,10366,棯,Char,20
4,10367,棲,Char,20
4,10368,棳,Char,20
4,10369,棴,Char,20
4,10370,棶,Char,20
4,10371,棷,Char,20
4,10372,棸,Char,20
4,10373,棻,Char,20
4,10374,棽,Char,20
4,10375,棾,Char,20
4,10376,棿,Char,20
4,10377,椀,Char,20
4,10378,椂,Char,20
4,10379,椃,Char,20
4,10380,椄,Char,20
4,10381,椆,Char,20
4,10382,椇,Char,20
4,10383,椈,Char,20
4,10384,椉,Char,20
4,10385,椊,Char,20
4,10386,椌,Char,20
4,10387,椏,Char,20
4,10388,椑,Char,20
4,10389,椓,Char,20
4,10390,椔,Char,20
4,10391,椕,Char,20
4,10392,椖,Char,20
4,10393,椗,Char,20
4,10394,椘,Char,20
4,10395,椙,Char,20
4,10396,椚,Char,20
4,10397,椛,Char,20
4,10398,検,Char,20
4,10399,椝,Char,20
4,10400,椞,Char,20
4,10401,椡,Char,20
4,10402,椢,Char,20
4,10403,椣,Char,20
4,10404,椥,Char,20
4,10405,椦,Char,20
4,10406,椧,Char,20
4,10407,椨,Char,20
4,10408,椩,Char,20
4,10409,椪,Char,20
4,10410,椫,Char,20
4,10411,椬,Char,20
4,10412,椮,Char,20
4,10413,椯,Char,20
4,10414,椱,Char,20
4,10415,椲,Char,20
4,10416,椳,Char,20
4,10417,椵,Char,20
4,10418,椶,Char,20
4,10419,椷,Char,20
4,10420,椸,Char,20
4,10421,椺,Char,20
4,10422,椻,Char,20
4,10423,椼,Char,20
4,10424,椾,Char,20
4,10425,楀,Char,20
4,10426,楁,Char,20
4,10427,楃,Char,20
4,10428,楄,Char,20
4,10429,楅,Char,20
4,10430,楆,Char,20
4,10431,楇,Char,20
4,10432,楈,Char,20
4,10433,楉,Char,20
4,10434,楊,Char,20
4,10435,楋,Char,20
4,10436,楌,Char,20
4,10437,楍,Char,20
4,10438,楎,Char,20
4,10439,楏,Char,20
4,10440,楐,Char,20
4,10441,楑,Char,20
4,10442,楒,Char,20
4,10443,楓,Char,20
4,10444,楕,Char,20
4,10445,楖,Char,20
4,10446,楘,Char,20
4,10447,楙,Char,20
4,10448,楛,Char,20
4,10449,楜,Char,20
4,10450,楟,Char,20
4,10451,楡,Char,20
4,10452,楢,Char,20
4,10453,楤,Char,20
4,10454,楥,Char,20
4,10455,楧,Char,20
4,10456,楨,Char,20
4,10457,楩,Char,20
4,10458,楪,Char,20
4,10459,楬,Char,20
4,10460,業,Char,20
4,10461,楯,Char,20
4,10462,楰,Char,20
4,10463,楲,Char,20
4,10464,楳,Char,20
4,10465,楴,Char,20
4,10466,極,Char,20
4,10467,楶,Char,20
4,10468,楺,Char,20
4,10469,楻,Char,20
4,10470,楽,Char,20
4,10471,楾,Char,20
4,10472,楿,Char,20
4,10473,榁,Char,20
4,10474,榃,Char,20
4,10475,榅,Char,20
4,10476,榊,Char,20
4,10477,榋,Char,20
4,10478,榌,Char,20
4,10479,榎,Char,20
4,10480,榏,Char,20
4,10481,榐,Char,20
4,10482,榑,Char,20
4,10483,榒,Char,20
4,10484,榓,Char,20
4,10485,榖,Char,20
4,10486,榗,Char,20
4,10487,榙,Char,20
4,10488,榚,Char,20
4,10489,榝,Char,20
4,10490,榞,Char,20
4,10491,榟,Char,20
4,10492,榠,Char,20
4,10493,榡,Char,20
4,10494,榢,Char,20
4,10495,榣,Char,20
4,10496,榤,Char,20
4,10497,榥,Char,20
4,10498,榦,Char,20
4,10499,榩,Char,20
4,10500,榪,Char,20
4,10501,榬,Char,20
4,10502,榮,Char,20
4,10503,榯,Char,20
4,10504,榰,Char,20
4,10505,榲,Char,20
4,10506,榳,Char,20
4,10507,榵,Char,20
4,10508,榶,Char,20
4,10509,榸,Char,20
4,10510,榹,Char,20
4,10511,榺,Char,20
4,10512,榼,Char,20
4,10513,榽,Char,20
4,10514,榾,Char,20
4,10515,榿,Char,20
4,10516,槀,Char,20
4,10517,槂,Char,20
4,10518,槃,Char,20
4,10519,槄,Char,20
4,10520,槅,Char,20
4,10521,槆,Char,20
4,10522,槇,Char,20
4,10523,槈,Char,20
4,10524,槉,Char,20
4,10525,構,Char,20
4,10526,槍,Char,20
4,10527,槏,Char,20
4,10528,槑,Char,20
4,10529,槒,Char,20
4,10530,槓,Char,20
4,10531,槕,Char,20
4,10532,槖,Char,20
4,10533,槗,Char,20
4,10534,様,Char,20
4,10535,槙,Char,20
4,10536,槚,Char,20
4,10537,槜,Char,20
4,10538,槝,Char,20
4,10539,槞,Char,20
4,10540,槡,Char,20
4,10541,槢,Char,20
4,10542,槣,Char,20
4,10543,槤,Char,20
4,10544,槥,Char,20
4,10545,槦,Char,20
4,10546,槧,Char,20
4,10547,槨,Char,20
4,10548,槩,Char,20
4,10549,槪,Char,20
4,10550,槫,Char,20
4,10551,槬,Char,20
4,10552,槮,Char,20
4,10553,槯,Char,20
4,10554,槰,Char,20
4,10555,槱,Char,20
4,10556,槳,Char,20
4,10557,槴,Char,20
4,10558,槵,Char,20
4,10559,槶,Char,20
4,10560,槷,Char,20
4,10561,槸,Char,20
4,10562,槹,Char,20
4,10563,槺,Char,20
4,10564,槻,Char,20
4,10565,槼,Char,20
4,10566,槾,Char,20
4,10567,樀,Char,20
4,10568,樁,Char,20
4,10569,樂,Char,20
4,10570,樃,Char,20
4,10571,樄,Char,20
4,10572,樅,Char,20
4,10573,樆,Char,20
4,10574,樇,Char,20
4,10575,樈,Char,20
4,10576,樉,Char,20
4,10577,樋,Char,20
4,10578,樌,Char,20
4,10579,樍,Char,20
4,10580,樎,Char,20
4,10581,樏,Char,20
4,10582,樐,Char,20
4,10583,樑,Char,20
4,10584,樒,Char,20
4,10585,樓,Char,20
4,10586,樔,Char,20
4,10587,樕,Char,20
4,10588,樖,Char,20
4,10589,標,Char,20
4,10590,樚,Char,20
4,10591,樛,Char,20
4,10592,樜,Char,20
4,10593,樝,Char,20
4,10594,樞,Char,20
4,10595,樠,Char,20
4,10596,樢,Char,20
4,10597,樣,Char,20
4,10598,樤,Char,20
4,10599,樥,Char,20
4,10600,樦,Char,20
4,10601,樧,Char,20
4,10602,権,Char,20
4,10603,樫,Char,20
4,10604,樬,Char,20
4,10605,樭,Char,20
4,10606,樮,Char,20
4,10607,樰,Char,20
4,10608,樲,Char,20
4,10609,樳,Char,20
4,10610,樴,Char,20
4,10611,樶,Char,20
4,10612,樷,Char,20
4,10613,樸,Char,20
4,10614,樹,Char,20
4,10615,樺,Char,20
4,10616,樻,Char,20
4,10617,樼,Char,20
4,10618,樿,Char,20
4,10619,橀,Char,20
4,10620,橁,Char,20
4,10621,橂,Char,20
4,10622,橃,Char,20
4,10623,橅,Char,20
4,10624,橆,Char,20
4,10625,橈,Char,20
4,10626,橉,Char,20
4,10627,橊,Char,20
4,10628,橋,Char,20
4,10629,橌,Char,20
4,10630,橍,Char,20
4,10631,橎,Char,20
4,10632,橏,Char,20
4,10633,橑,Char,20
4,10634,橒,Char,20
4,10635,橓,Char,20
4,10636,橔,Char,20
4,10637,橕,Char,20
4,10638,橖,Char,20
4,10639,橗,Char,20
4,10640,橚,Char,20
4,10641,橜,Char,20
4,10642,橝,Char,20
4,10643,橞,Char,20
4,10644,機,Char,20
4,10645,橠,Char,20
4,10646,橢,Char,20
4,10647,橣,Char,20
4,10648,橤,Char,20
4,10649,橦,Char,20
4,10650,橧,Char,20
4,10651,橨,Char,20
4,10652,橩,Char,20
4,10653,橪,Char,20
4,10654,橫,Char,20
4,10655,橬,Char,20
4,10656,橭,Char,20
4,10657,橮,Char,20
4,10658,橯,Char,20
4,10659,橰,Char,20
4,10660,橲,Char,20
4,10661,橳,Char,20
4,10662,橴,Char,20
4,10663,橵,Char,20
4,10664,橶,Char,20
4,10665,橷,Char,20
4,10666,橸,Char,20
4,10667,橺,Char,20
4,10668,橻,Char,20
4,10669,橽,Char,20
4,10670,橾,Char,20
4,10671,橿,Char,20
4,10672,檁,Char,20
4,10673,檂,Char,20
4,10674,檃,Char,20
4,10675,檅,Char,20
4,10676,檆,Char,20
4,10677,檇,Char,20
4,10678,檈,Char,20
4,10679,檉,Char,20
4,10680,檊,Char,20
4,10681,檋,Char,20
4,10682,檌,Char,20
4,10683,檍,Char,20
4,10684,檏,Char,20
4,10685,檒,Char,20
4,10686,檓,Char,20
4,10687,檔,Char,20
4,10688,檕,Char,20
4,10689,檖,Char,20
4,10690,檘,Char,20
4,10691,檙,Char,20
4,10692,檚,Char,20
4,10693,檛,Char,20
4,10694,檜,Char,20
4,10695,檝,Char,20
4,10696,檞,Char,20
4,10697,檟,Char,20
4,10698,檡,Char,20
4,10699,檢,Char,20
4,10700,檣,Char,20
4,10701,檤,Char,20
4,10702,檥,Char,20
4,10703,檦,Char,20
4,10704,檧,Char,20
4,10705,檨,Char,20
4,10706,檪,Char,20
4,10707,檭,Char,20
4,10708,檮,Char,20
4,10709,檯,Char,20
4,10710,檰,Char,20
4,10711,檱,Char,20
4,10712,檲,Char,20
4,10713,檳,Char,20
4,10714,檴,Char,20
4,10715,檵,Char,20
4,10716,檶,Char,20
4,10717,檷,Char,20
4,10718,檸,Char,20
4,10719,檹,Char,20
4,10720,檺,Char,20
4,10721,檻,Char,20
4,10722,檼,Char,20
4,10723,檽,Char,20
4,10724,檾,Char,20
4,10725,檿,Char,20
4,10726,櫀,Char,20
4,10727,櫁,Char,20
4,10728,櫂,Char,20
4,10729,櫃,Char,20
4,10730,櫄,Char,20
4,10731,櫅,Char,20
4,10732,櫆,Char,20
4,10733,櫇,Char,20
4,10734,櫈,Char,20
4,10735,櫉,Char,20
4,10736,櫊,Char,20
4,10737,櫋,Char,20
4,10738,櫌,Char,20
4,10739,櫍,Char,20
4,10740,櫎,Char,20
4,10741,櫏,Char,20
4,10742,櫐,Char,20
4,10743,櫑,Char,20
4,10744,櫒,Char,20
4,10745,櫓,Char,20
4,10746,櫔,Char,20
4,10747,櫕,Char,20
4,10748,櫖,Char,20
4,10749,櫗,Char,20
4,10750,櫘,Char,20
4,10751,櫙,Char,20
4,10752,櫚,Char,20
4,10753,櫛,Char,20
4,10754,櫜,Char,20
4,10755,櫝,Char,20
4,10756,櫞,Char,20
4,10757,櫟,Char,20
4,10758,櫠,Char,20
4,10759,櫡,Char,20
4,10760,櫢,Char,20
4,10761,櫣,Char,20
4,10762,櫤,Char,20
4,10763,櫥,Char,20
4,10764,櫦,Char,20
4,10765,櫧,Char,20
4,10766,櫨,Char,20
4,10767,櫩,Char,20
4,10768,櫪,Char,20
4,10769,櫫,Char,20
4,10770,櫬,Char,20
4,10771,櫭,Char,20
4,10772,櫮,Char,20
4,10773,櫯,Char,20
4,10774,櫰,Char,20
4,10775,櫱,Char,20
4,10776,櫲,Char,20
4,10777,櫳,Char,20
4,10778,櫴,Char,20
4,10779,櫵,Char,20
4,10780,櫶,Char,20
4,10781,櫷,Char,20
4,10782,櫸,Char,20
4,10783,櫹,Char,20
4,10784,櫺,Char,20
4,10785,櫻,Char,20
4,10786,櫼,Char,20
4,10787,櫽,Char,20
4,10788,櫾,Char,20
4,10789,櫿,Char,20
4,10790,欀,Char,20
4,10791,欁,Char,20
4,10792,欂,Char,20
4,10793,欃,Char,20
4,10794,欄,Char,20
4,10795,欅,Char,20
4,10796,欆,Char,20
4,10797,欇,Char,20
4,10798,欈,Char,20
4,10799,欉,Char,20
4,10800,權,Char,20
4,10801,欋,Char,20
4,10802,欌,Char,20
4,10803,欍,Char,20
4,10804,欎,Char,20
4,10805,欏,Char,20
4,10806,欐,Char,20
4,10807,欑,Char,20
4,10808,欒,Char,20
4,10809,欓,Char,20
4,10810,欔,Char,20
4,10811,欕,Char,20
4,10812,欖,Char,20
4,10813,欗,Char,20
4,10814,欘,Char,20
4,10815,欙,Char,20
4,10816,欚,Char,20
4,10817,欛,Char,20
4,10818,欜,Char,20
4,10819,欝,Char,20
4,10820,欞,Char,20
4,10821,欟,Char,20
4,10822,欥,Char,20
4,10823,欦,Char,20
4,10824,欨,Char,20
4,10825,欩,Char,20
4,10826,欪,Char,20
4,10827,欫,Char,20
4,10828,欬,Char,20
4,10829,欭,Char,20
4,10830,欮,Char,20
4,10831,欯,Char,20
4,10832,欰,Char,20
4,10833,欱,Char,20
4,10834,欳,Char,20
4,10835,欴,Char,20
4,10836,欵,Char,20
4,10837,欶,Char,20
4,10838,欸,Char,20
4,10839,欻,Char,20
4,10840,欼,Char,20
4,10841,欽,Char,20
4,10842,欿,Char,20
4,10843,歀,Char,20
4,10844,歁,Char,20
4,10845,歂,Char,20
4,10846,歄,Char,20
4,10847,歅,Char,20
4,10848,歈,Char,20
4,10849,歊,Char,20
4,10850,歋,Char,20
4,10851,歍,Char,20
4,10852,歎,Char,20
4,10853,歏,Char,20
4,10854,歐,Char,20
4,10855,歑,Char,20
4,10856,歒,Char,20
4,10857,歓,Char,20
4,10858,歔,Char,20
4,10859,歕,Char,20
4,10860,歖,Char,20
4,10861,歗,Char,20
4,10862,歘,Char,20
4,10863,歚,Char,20
4,10864,歛,Char,20
4,10865,歜,Char,20
4,10866,歝,Char,20
4,10867,歞,Char,20
4,10868,歟,Char,20
4,10869,歠,Char,20
4,10870,歡,Char,20
4,10871,歨,Char,20
4,10872,歩,Char,20
4,10873,歫,Char,20
4,10874,歬,Char,20
4,10875,歭,Char,20
4,10876,歮,Char,20
4,10877,歯,Char,20
4,10878,歰,Char,20
4,10879,歱,Char,20
4,10880,歲,Char,20
4,10881,歳,Char,20
4,10882,歴,Char,20
4,10883,歵,Char,20
4,10884,歶,Char,20
4,10885,歷,Char,20
4,10886,歸,Char,20
4,10887,歺,Char,20
4,10888,歽,Char,20
4,10889,歾,Char,20
4,10890,歿,Char,20
4,10891,殀,Char,20
4,10892,殅,Char,20
4,10893,殈,Char,20
4,10894,殌,Char,20
4,10895,殎,Char,20
4,10896,殏,Char,20
4,10897,殐,Char,20
4,10898,殑,Char,20
4,10899,殔,Char,20
4,10900,殕,Char,20
4,10901,殗,Char,20
4,10902,殘,Char,20
4,10903,殙,Char,20
4,10904,殜,Char,20
4,10905,殝,Char,20
4,10906,殞,Char,20
4,10907,殟,Char,20
4,10908,殠,Char,20
4,10909,殢,Char,20
4,10910,殣,Char,20
4,10911,殤,Char,20
4,10912,殥,Char,20
4,10913,殦,Char,20
4,10914,殧,Char,20
4,10915,殨,Char,20
4,10916,殩,Char,20
4,10917,殫,Char,20
4,10918,殬,Char,20
4,10919,殭,Char,20
4,10920,殮,Char,20
4,10921,殯,Char,20
4,10922,殰,Char,20
4,10923,殱,Char,20
4,10924,殲,Char,20
4,10925,殶,Char,20
4,10926,殸,Char,20
4,10927,殹,Char,20
4,10928,殺,Char,20
4,10929,殻,Char,20
4,10930,殼,Char,20
4,10931,殽,Char,20
4,10932,殾,Char,20
4,10933,毀,Char,20
4,10934,毃,Char,20
4,10935,毄,Char,20
4,10936,毆,Char,20
4,10937,毇,Char,20
4,10938,毈,Char,20
4,10939,毉,Char,20
4,10940,毊,Char,20
4,10941,毌,Char,20
4,10942,毎,Char,20
4,10943,毐,Char,20
4,10944,毑,Char,20
4,10945,毘,Char,20
4,10946,毚,Char,20
4,10947,毜,Char,20
4,10948,毝,Char,20
4,10949,毞,Char,20
4,10950,毟,Char,20
4,10951,毠,Char,20
4,10952,毢,Char,20
4,10953,毣,Char,20
4,10954,毤,Char,20
4,10955,毥,Char,20
4,10956,毦,Char,20
4,10957,毧,Char,20
4,10958,毨,Char,20
4,10959,毩,Char,20
4,10960,毪,Char,20
4,10961,毬,Char,20
4,10962,毭,Char,20
4,10963,毮,Char,20
4,10964,毰,Char,20
4,10965,毱,Char,20
4,10966,毲,Char,20
4,10967,毴,Char,20
4,10968,毶,Char,20
4,10969,毷,Char,20
4,10970,毸,Char,20
4,10971,毺,Char,20
4,10972,毻,Char,20
4,10973,毼,Char,20
4,10974,毾,Char,20
4,10975,毿,Char,20
4,10976,氀,Char,20
4,10977,氁,Char,20
4,10978,氂,Char,20
4,10979,氃,Char,20
4,10980,氄,Char,20
4,10981,氈,Char,20
4,10982,氉,Char,20
4,10983,氊,Char,20
4,10984,氋,Char,20
4,10985,氌,Char,20
4,10986,氎,Char,20
4,10987,氒,Char,20
4,10988,気,Char,20
4,10989,氜,Char,20
4,10990,氝,Char,20
4,10991,氞,Char,20
4,10992,氠,Char,20
4,10993,氣,Char,20
4,10994,氥,Char,20
4,10995,氫,Char,20
4,10996,氬,Char,20
4,10997,氭,Char,20
4,10998,氱,Char,20
4,10999,氳,Char,20
4,11000,氵,Char,20
4,11001,氶,Char,20
4,11002,氷,Char,20
4,11003,氹,Char,20
4,11004,氺,Char,20
4,11005,氻,Char,20
4,11006,氼,Char,20
4,11007,氾,Char,20
4,11008,氿,Char,20
4,11009,汃,Char,20
4,11010,汄,Char,20
4,11011,汅,Char,20
4,11012,汈,Char,20
4,11013,汋,Char,20
4,11014,汌,Char,20
4,11015,汍,Char,20
4,11016,汎,Char,20
4,11017,汏,Char,20
4,11018,汑,Char,20
4,11019,汒,Char,20
4,11020,汓,Char,20
4,11021,汖,Char,20
4,11022,汘,Char,20
4,11023,汙,Char,20
4,11024,汚,Char,20
4,11025,汢,Char,20
4,11026,汣,Char,20
4,11027,汥,Char,20
4,11028,汦,Char,20
4,11029,汧,Char,20
4,11030,汫,Char,20
4,11031,汬,Char,20
4,11032,汭,Char,20
4,11033,汮,Char,20
4,11034,汯,Char,20
4,11035,汱,Char,20
4,11036,汳,Char,20
4,11037,汵,Char,20
4,11038,汷,Char,20
4,11039,汸,Char,20
4,11040,決,Char,20
4,11041,汻,Char,20
4,11042,汼,Char,20
4,11043,汿,Char,20
4,11044,沀,Char,20
4,11045,沄,Char,20
4,11046,沇,Char,20
4,11047,沊,Char,20
4,11048,沋,Char,20
4,11049,沍,Char,20
4,11050,沎,Char,20
4,11051,沑,Char,20
4,11052,沒,Char,20
4,11053,沕,Char,20
4,11054,沖,Char,20
4,11055,沗,Char,20
4,11056,沘,Char,20
4,11057,沚,Char,20
4,11058,沜,Char,20
4,11059,沝,Char,20
4,11060,沞,Char,20
4,11061,沠,Char,20
4,11062,沢,Char,20
4,11063,沨,Char,20
4,11064,沬,Char,20
4,11065,沯,Char,20
4,11066,沰,Char,20
4,11067,沴,Char,20
4,11068,沵,Char,20
4,11069,沶,Char,20
4,11070,沷,Char,20
4,11071,沺,Char,20
4,11072,泀,Char,20
4,11073,況,Char,20
4,11074,泂,Char,20
4,11075,泃,Char,20
4,11076,泆,Char,20
4,11077,泇,Char,20
4,11078,泈,Char,20
4,11079,泋,Char,20
4,11080,泍,Char,20
4,11081,泎,Char,20
4,11082,泏,Char,20
4,11083,泑,Char,20
4,11084,泒,Char,20
4,11085,泘,Char,20
4,11086,泙,Char,20
4,11087,泚,Char,20
4,11088,泜,Char,20
4,11089,泝,Char,20
4,11090,泟,Char,20
4,11091,泤,Char,20
4,11092,泦,Char,20
4,11093,泧,Char,20
4,11094,泩,Char,20
4,11095,泬,Char,20
4,11096,泭,Char,20
4,11097,泲,Char,20
4,11098,泴,Char,20
4,11099,泹,Char,20
4,11100,泿,Char,20
4,11101,洀,Char,20
4,11102,洂,Char,20
4,11103,洃,Char,20
4,11104,洅,Char,20
4,11105,洆,Char,20
4,11106,洈,Char,20
4,11107,洉,Char,20
4,11108,洊,Char,20
4,11109,洍,Char,20
4,11110,洏,Char,20
4,11111,洐,Char,20
4,11112,洑,Char,20
4,11113,洓,Char,20
4,11114,洔,Char,20
4,11115,洕,Char,20
4,11116,洖,Char,20
4,11117,洘,Char,20
4,11118,洜,Char,20
4,11119,洝,Char,20
4,11120,洟,Char,20
4,11121,洠,Char,20
4,11122,洡,Char,20
4,11123,洢,Char,20
4,11124,洣,Char,20
4,11125,洤,Char,20
4,11126,洦,Char,20
4,11127,洨,Char,20
4,11128,洩,Char,20
4,11129,洬,Char,20
4,11130,洭,Char,20
4,11131,洯,Char,20
4,11132,洰,Char,20
4,11133,洴,Char,20
4,11134,洶,Char,20
4,11135,洷,Char,20
4,11136,洸,Char,20
4,11137,洺,Char,20
4,11138,洿,Char,20
4,11139,浀,Char,20
4,11140,浂,Char,20
4,11141,浄,Char,20
4,11142,浈,Char,20
4,11143,浉,Char,20
4,11144,浌,Char,20
4,11145,浐,Char,20
4,11146,浕,Char,20
4,11147,浖,Char,20
4,11148,浗,Char,20
4,11149,浘,Char,20
4,11150,浛,Char,20
4,11151,浝,Char,20
4,11152,浟,Char,20
4,11153,浡,Char,20
4,11154,浢,Char,20
4,11155,浤,Char,20
4,11156,浥,Char,20
4,11157,浧,Char,20
4,11158,浨,Char,20
4,11159,浫,Char,20
4,11160,浬,Char,20
4,11161,浭,Char,20
4,11162,浰,Char,20
4,11163,浱,Char,20
4,11164,浲,Char,20
4,11165,浳,Char,20
4,11166,浵,Char,20
4,11167,浶,Char,20
4,11168,浹,Char,20
4,11169,浺,Char,20
4,11170,浻,Char,20
4,11171,浽,Char,20
4,11172,浾,Char,20
4,11173,浿,Char,20
4,11174,涀,Char,20
4,11175,涁,Char,20
4,11176,涃,Char,20
4,11177,涄,Char,20
4,11178,涆,Char,20
4,11179,涇,Char,20
4,11180,涊,Char,20
4,11181,涋,Char,20
4,11182,涍,Char,20
4,11183,涏,Char,20
4,11184,涐,Char,20
4,11185,涒,Char,20
4,11186,涖,Char,20
4,11187,涗,Char,20
4,11188,涘,Char,20
4,11189,涙,Char,20
4,11190,涚,Char,20
4,11191,涜,Char,20
4,11192,涢,Char,20
4,11193,涥,Char,20
4,11194,涬,Char,20
4,11195,涭,Char,20
4,11196,涰,Char,20
4,11197,涱,Char,20
4,11198,涳,Char,20
4,11199,涴,Char,20
4,11200,涶,Char,20
4,11201,涷,Char,20
4,11202,涹,Char,20
4,11203,涺,Char,20
4,11204,涻,Char,20
4,11205,涼,Char,20
4,11206,涽,Char,20
4,11207,涾,Char,20
4,11208,淁,Char,20
4,11209,淂,Char,20
4,11210,淃,Char,20
4,11211,淈,Char,20
4,11212,淉,Char,20
4,11213,淊,Char,20
4,11214,淍,Char,20
4,11215,淎,Char,20
4,11216,淏,Char,20
4,11217,淐,Char,20
4,11218,淒,Char,20
4,11219,淓,Char,20
4,11220,淔,Char,20
4,11221,淕,Char,20
4,11222,淗,Char,20
4,11223,淚,Char,20
4,11224,淛,Char,20
4,11225,淜,Char,20
4,11226,淟,Char,20
4,11227,淢,Char,20
4,11228,淣,Char,20
4,11229,淥,Char,20
4,11230,淧,Char,20
4,11231,淨,Char,20
4,11232,淩,Char,20
4,11233,淪,Char,20
4,11234,淭,Char,20
4,11235,淯,Char,20
4,11236,淰,Char,20
4,11237,淲,Char,20
4,11238,淴,Char,20
4,11239,淵,Char,20
4,11240,淶,Char,20
4,11241,淸,Char,20
4,11242,淺,Char,20
4,11243,淽,Char,20
4,11244,淾,Char,20
4,11245,淿,Char,20
4,11246,渀,Char,20
4,11247,渁,Char,20
4,11248,渂,Char,20
4,11249,渃,Char,20
4,11250,渄,Char,20
4,11251,渆,Char,20
4,11252,渇,Char,20
4,11253,済,Char,20
4,11254,渉,Char,20
4,11255,渋,Char,20
4,11256,渏,Char,20
4,11257,渒,Char,20
4,11258,渓,Char,20
4,11259,渕,Char,20
4,11260,渘,Char,20
4,11261,渙,Char,20
4,11262,減,Char,20
4,11263,渜,Char,20
4,11264,渞,Char,20
4,11265,渟,Char,20
4,11266,渢,Char,20
4,11267,渦,Char,20
4,11268,渧,Char,20
4,11269,渨,Char,20
4,11270,渪,Char,20
4,11271,測,Char,20
4,11272,渮,Char,20
4,11273,渰,Char,20
4,11274,渱,Char,20
4,11275,渳,Char,20
4,11276,渵,Char,20
4,11277,渶,Char,20
4,11278,渷,Char,20
4,11279,渹,Char,20
4,11280,渻,Char,20
4,11281,渼,Char,20
4,11282,渽,Char,20
4,11283,渾,Char,20
4,11284,渿,Char,20
4,11285,湀,Char,20
4,11286,湁,Char,20
4,11287,湂,Char,20
4,11288,湅,Char,20
4,11289,湆,Char,20
4,11290,湇,Char,20
4,11291,湈,Char,20
4,11292,湉,Char,20
4,11293,湊,Char,20
4,11294,湋,Char,20
4,11295,湌,Char,20
4,11296,湏,Char,20
4,11297,湐,Char,20
4,11298,湑,Char,20
4,11299,湒,Char,20
4,11300,湕,Char,20
4,11301,湗,Char,20
4,11302,湙,Char,20
4,11303,湚,Char,20
4,11304,湜,Char,20
4,11305,湝,Char,20
4,11306,湞,Char,20
4,11307,湠,Char,20
4,11308,湡,Char,20
4,11309,湢,Char,20
4,11310,湣,Char,20
4,11311,湤,Char,20
4,11312,湥,Char,20
4,11313,湦,Char,20
4,11314,湧,Char,20
4,11315,湨,Char,20
4,11316,湩,Char,20
4,11317,湪,Char,20
4,11318,湬,Char,20
4,11319,湭,Char,20
4,11320,湯,Char,20
4,11321,湰,Char,20
4,11322,湱,Char,20
4,11323,湲,Char,20
4,11324,湳,Char,20
4,11325,湴,Char,20
4,11326,湵,Char,20
4,11327,湶,Char,20
4,11328,湷,Char,20
4,11329,湸,Char,20
4,11330,湹,Char,20
4,11331,湺,Char,20
4,11332,湻,Char,20
4,11333,湼,Char,20
4,11334,湽,Char,20
4,11335,満,Char,20
4,11336,溁,Char,20
4,11337,溂,Char,20
4,11338,溄,Char,20
4,11339,溇,Char,20
4,11340,溈,Char,20
4,11341,溊,Char,20
4,11342,溋,Char,20
4,11343,溌,Char,20
4,11344,溍,Char,20
4,11345,溎,Char,20
4,11346,溑,Char,20
4,11347,溒,Char,20
4,11348,溓,Char,20
4,11349,溔,Char,20
4,11350,溕,Char,20
4,11351,準,Char,20
4,11352,溗,Char,20
4,11353,溙,Char,20
4,11354,溚,Char,20
4,11355,溛,Char,20
4,11356,溝,Char,20
4,11357,溞,Char,20
4,11358,溠,Char,20
4,11359,溡,Char,20
4,11360,溣,Char,20
4,11361,溤,Char,20
4,11362,溦,Char,20
4,11363,溨,Char,20
4,11364,溩,Char,20
4,11365,溫,Char,20
4,11366,溬,Char,20
4,11367,溭,Char,20
4,11368,溮,Char,20
4,11369,溰,Char,20
4,11370,溳,Char,20
4,11371,溵,Char,20
4,11372,溸,Char,20
4,11373,溹,Char,20
4,11374,溼,Char,20
4,11375,溾,Char,20
4,11376,溿,Char,20
4,11377,滀,Char,20
4,11378,滃,Char,20
4,11379,滄,Char,20
4,11380,滅,Char,20
4,11381,滆,Char,20
4,11382,滈,Char,20
4,11383,滉,Char,20
4,11384,滊,Char,20
4,11385,滌,Char,20
4,11386,滍,Char,20
4,11387,滎,Char,20
4,11388,滐,Char,20
4,11389,滒,Char,20
4,11390,滖,Char,20
4,11391,滘,Char,20
4,11392,滙,Char,20
4,11393,滛,Char,20
4,11394,滜,Char,20
4,11395,滝,Char,20
4,11396,滣,Char,20
4,11397,滧,Char,20
4,11398,滪,Char,20
4,11399,滫,Char,20
4,11400,滬,Char,20
4,11401,滭,Char,20
4,11402,滮,Char,20
4,11403,滯,Char,20
4,11404,滰,Char,20
4,11405,滱,Char,20
4,11406,滲,Char,20
4,11407,滳,Char,20
4,11408,滵,Char,20
4,11409,滶,Char,20
4,11410,滷,Char,20
4,11411,滸,Char,20
4,11412,滺,Char,20
4,11413,滻,Char,20
4,11414,滼,Char,20
4,11415,滽,Char,20
4,11416,滾,Char,20
4,11417,滿,Char,20
4,11418,漀,Char,20
4,11419,漁,Char,20
4,11420,漃,Char,20
4,11421,漄,Char,20
4,11422,漅,Char,20
4,11423,漇,Char,20
4,11424,漈,Char,20
4,11425,漊,Char,20
4,11426,漋,Char,20
4,11427,漌,Char,20
4,11428,漍,Char,20
4,11429,漎,Char,20
4,11430,漐,Char,20
4,11431,漑,Char,20
4,11432,漒,Char,20
4,11433,漖,Char,20
4,11434,漗,Char,20
4,11435,漘,Char,20
4,11436,漙,Char,20
4,11437,漚,Char,20
4,11438,漛,Char,20
4,11439,漜,Char,20
4,11440,漝,Char,20
4,11441,漞,Char,20
4,11442,漟,Char,20
4,11443,漡,Char,20
4,11444,漢,Char,20
4,11445,漣,Char,20
4,11446,漥,Char,20
4,11447,漦,Char,20
4,11448,漧,Char,20
4,11449,漨,Char,20
4,11450,漬,Char,20
4,11451,漮,Char,20
4,11452,漰,Char,20
4,11453,漲,Char,20
4,11454,漴,Char,20
4,11455,漵,Char,20
4,11456,漷,Char,20
4,11457,漸,Char,20
4,11458,漹,Char,20
4,11459,漺,Char,20
4,11460,漻,Char,20
4,11461,漼,Char,20
4,11462,漽,Char,20
4,11463,漿,Char,20
4,11464,潀,Char,20
4,11465,潁,Char,20
4,11466,潂,Char,20
4,11467,潃,Char,20
4,11468,潄,Char,20
4,11469,潅,Char,20
4,11470,潈,Char,20
4,11471,潉,Char,20
4,11472,潊,Char,20
4,11473,潌,Char,20
4,11474,潎,Char,20
4,11475,潏,Char,20
4,11476,潐,Char,20
4,11477,潑,Char,20
4,11478,潒,Char,20
4,11479,潓,Char,20
4,11480,潔,Char,20
4,11481,潕,Char,20
4,11482,潖,Char,20
4,11483,潗,Char,20
4,11484,潙,Char,20
4,11485,潚,Char,20
4,11486,潛,Char,20
4,11487,潝,Char,20
4,11488,潟,Char,20
4,11489,潠,Char,20
4,11490,潡,Char,20
4,11491,潣,Char,20
4,11492,潤,Char,20
4,11493,潥,Char,20
4,11494,潧,Char,20
4,11495,潨,Char,20
4,11496,潩,Char,20
4,11497,潪,Char,20
4,11498,潫,Char,20
4,11499,潬,Char,20
4,11500,潯,Char,20
4,11501,潰,Char,20
4,11502,潱,Char,20
4,11503,潳,Char,20
4,11504,潵,Char,20
4,11505,潶,Char,20
4,11506,潷,Char,20
4,11507,潹,Char,20
4,11508,潻,Char,20
4,11509,潽,Char,20
4,11510,潾,Char,20
4,11511,潿,Char,20
4,11512,澀,Char,20
4,11513,澁,Char,20
4,11514,澂,Char,20
4,11515,澃,Char,20
4,11516,澅,Char,20
4,11517,澆,Char,20
4,11518,澇,Char,20
4,11519,澊,Char,20
4,11520,澋,Char,20
4,11521,澏,Char,20
4,11522,澐,Char,20
4,11523,澑,Char,20
4,11524,澒,Char,20
4,11525,澓,Char,20
4,11526,澔,Char,20
4,11527,澕,Char,20
4,11528,澖,Char,20
4,11529,澗,Char,20
4,11530,澘,Char,20
4,11531,澙,Char,20
4,11532,澚,Char,20
4,11533,澛,Char,20
4,11534,澝,Char,20
4,11535,澞,Char,20
4,11536,澟,Char,20
4,11537,澠,Char,20
4,11538,澢,Char,20
4,11539,澣,Char,20
4,11540,澤,Char,20
4,11541,澥,Char,20
4,11542,澦,Char,20
4,11543,澨,Char,20
4,11544,澩,Char,20
4,11545,澪,Char,20
4,11546,澫,Char,20
4,11547,澬,Char,20
4,11548,澭,Char,20
4,11549,澮,Char,20
4,11550,澯,Char,20
4,11551,澰,Char,20
4,11552,澱,Char,20
4,11553,澲,Char,20
4,11554,澴,Char,20
4,11555,澵,Char,20
4,11556,澷,Char,20
4,11557,澸,Char,20
4,11558,澺,Char,20
4,11559,澻,Char,20
4,11560,澼,Char,20
4,11561,澽,Char,20
4,11562,澾,Char,20
4,11563,澿,Char,20
4,11564,濁,Char,20
4,11565,濃,Char,20
4,11566,濄,Char,20
4,11567,濅,Char,20
4,11568,濆,Char,20
4,11569,濇,Char,20
4,11570,濈,Char,20
4,11571,濊,Char,20
4,11572,濋,Char,20
4,11573,濌,Char,20
4,11574,濍,Char,20
4,11575,濎,Char,20
4,11576,濏,Char,20
4,11577,濐,Char,20
4,11578,濓,Char,20
4,11579,濔,Char,20
4,11580,濕,Char,20
4,11581,濖,Char,20
4,11582,濗,Char,20
4,11583,濘,Char,20
4,11584,濙,Char,20
4,11585,濚,Char,20
4,11586,濛,Char,20
4,11587,濜,Char,20
4,11588,濝,Char,20
4,11589,濟,Char,20
4,11590,濢,Char,20
4,11591,濣,Char,20
4,11592,濤,Char,20
4,11593,濥,Char,20
4,11594,濦,Char,20
4,11595,濧,Char,20
4,11596,濨,Char,20
4,11597,濩,Char,20
4,11598,濪,Char,20
4,11599,濫,Char,20
4,11600,濬,Char,20
4,11601,濭,Char,20
4,11602,濰,Char,20
4,11603,濱,Char,20
4,11604,濲,Char,20
4,11605,濳,Char,20
4,11606,濴,Char,20
4,11607,濵,Char,20
4,11608,濶,Char,20
4,11609,濷,Char,20
4,11610,濸,Char,20
4,11611,濹,Char,20
4,11612,濺,Char,20
4,11613,濻,Char,20
4,11614,濼,Char,20
4,11615,濽,Char,20
4,11616,濾,Char,20
4,11617,濿,Char,20
4,11618,瀀,Char,20
4,11619,瀁,Char,20
4,11620,瀂,Char,20
4,11621,瀃,Char,20
4,11622,瀄,Char,20
4,11623,瀅,Char,20
4,11624,瀆,Char,20
4,11625,瀇,Char,20
4,11626,瀈,Char,20
4,11627,瀉,Char,20
4,11628,瀊,Char,20
4,11629,瀋,Char,20
4,11630,瀌,Char,20
4,11631,瀍,Char,20
4,11632,瀎,Char,20
4,11633,瀏,Char,20
4,11634,瀐,Char,20
4,11635,瀒,Char,20
4,11636,瀓,Char,20
4,11637,瀔,Char,20
4,11638,瀕,Char,20
4,11639,瀖,Char,20
4,11640,瀗,Char,20
4,11641,瀘,Char,20
4,11642,瀙,Char,20
4,11643,瀜,Char,20
4,11644,瀝,Char,20
4,11645,瀞,Char,20
4,11646,瀟,Char,20
4,11647,瀠,Char,20
4,11648,瀡,Char,20
4,11649,瀢,Char,20
4,11650,瀤,Char,20
4,11651,瀥,Char,20
4,11652,瀦,Char,20
4,11653,瀧,Char,20
4,11654,瀨,Char,20
4,11655,瀩,Char,20
4,11656,瀪,Char,20
4,11657,瀫,Char,20
4,11658,瀬,Char,20
4,11659,瀭,Char,20
4,11660,瀮,Char,20
4,11661,瀯,Char,20
4,11662,瀰,Char,20
4,11663,瀱,Char,20
4,11664,瀲,Char,20
4,11665,瀳,Char,20
4,11666,瀴,Char,20
4,11667,瀵,Char,20
4,11668,瀶,Char,20
4,11669,瀷,Char,20
4,11670,瀸,Char,20
4,11671,瀺,Char,20
4,11672,瀻,Char,20
4,11673,瀼,Char,20
4,11674,瀽,Char,20
4,11675,瀾,Char,20
4,11676,瀿,Char,20
4,11677,灀,Char,20
4,11678,灁,Char,20
4,11679,灂,Char,20
4,11680,灃,Char,20
4,11681,灄,Char,20
4,11682,灅,Char,20
4,11683,灆,Char,20
4,11684,灇,Char,20
4,11685,灈,Char,20
4,11686,灉,Char,20
4,11687,灊,Char,20
4,11688,灋,Char,20
4,11689,灍,Char,20
4,11690,灎,Char,20
4,11691,灐,Char,20
4,11692,灑,Char,20
4,11693,灒,Char,20
4,11694,灓,Char,20
4,11695,灔,Char,20
4,11696,灕,Char,20
4,11697,灖,Char,20
4,11698,灗,Char,20
4,11699,灘,Char,20
4,11700,灙,Char,20
4,11701,灚,Char,20
4,11702,灛,Char,20
4,11703,灜,Char,20
4,11704,灝,Char,20
4,11705,灟,Char,20
4,11706,灠,Char,20
4,11707,灡,Char,20
4,11708,灢,Char,20
4,11709,灣,Char,20
4,11710,灤,Char,20
4,11711,灥,Char,20
4,11712,灦,Char,20
4,11713,灧,Char,20
4,11714,灨,Char,20
4,11715,灩,Char,20
4,11716,灪,Char,20
4,11717,灬,Char,20
4,11718,灮,Char,20
4,11719,灱,Char,20
4,11720,灲,Char,20
4,11721,灳,Char,20
4,11722,灴,Char,20
4,11723,灷,Char,20
4,11724,灹,Char,20
4,11725,灺,Char,20
4,11726,灻,Char,20
4,11727,災,Char,20
4,11728,炁,Char,20
4,11729,炂,Char,20
4,11730,炃,Char,20
4,11731,炄,Char,20
4,11732,炆,Char,20
4,11733,炇,Char,20
4,11734,炈,Char,20
4,11735,炋,Char,20
4,11736,炌,Char,20
4,11737,炍,Char,20
4,11738,炏,Char,20
4,11739,炐,Char,20
4,11740,炑,Char,20
4,11741,炓,Char,20
4,11742,炗,Char,20
4,11743,炘,Char,20
4,11744,炚,Char,20
4,11745,炛,Char,20
4,11746,炞,Char,20
4,11747,炟,Char,20
4,11748,炠,Char,20
4,11749,炡,Char,20
4,11750,炢,Char,20
4,11751,炣,Char,20
4,11752,炤,Char,20
4,11753,炥,Char,20
4,11754,炦,Char,20
4,11755,炧,Char,20
4,11756,炨,Char,20
4,11757,炩,Char,20
4,11758,炪,Char,20
4,11759,炰,Char,20
4,11760,炲,Char,20
4,11761,炴,Char,20
4,11762,炵,Char,20
4,11763,炶,Char,20
4,11764,為,Char,20
4,11765,炾,Char,20
4,11766,炿,Char,20
4,11767,烄,Char,20
4,11768,烅,Char,20
4,11769,烆,Char,20
4,11770,烇,Char,20
4,11771,烉,Char,20
4,11772,烋,Char,20
4,11773,烌,Char,20
4,11774,烍,Char,20
4,11775,烎,Char,20
4,11776,烏,Char,20
4,11777,烐,Char,20
4,11778,烑,Char,20
4,11779,烒,Char,20
4,11780,烓,Char,20
4,11781,烔,Char,20
4,11782,烕,Char,20
4,11783,烖,Char,20
4,11784,烗,Char,20
4,11785,烚,Char,20
4,11786,烜,Char,20
4,11787,烝,Char,20
4,11788,烞,Char,20
4,11789,烠,Char,20
4,11790,烡,Char,20
4,11791,烢,Char,20
4,11792,烣,Char,20
4,11793,烥,Char,20
4,11794,烪,Char,20
4,11795,烮,Char,20
4,11796,烰,Char,20
4,11797,烱,Char,20
4,11798,烲,Char,20
4,11799,烳,Char,20
4,11800,烴,Char,20
4,11801,烵,Char,20
4,11802,烶,Char,20
4,11803,烸,Char,20
4,11804,烺,Char,20
4,11805,烻,Char,20
4,11806,烼,Char,20
4,11807,烾,Char,20
4,11808,烿,Char,20
4,11809,焀,Char,20
4,11810,焁,Char,20
4,11811,焂,Char,20
4,11812,焃,Char,20
4,11813,焄,Char,20
4,11814,焅,Char,20
4,11815,焆,Char,20
4,11816,焇,Char,20
4,11817,焈,Char,20
4,11818,焋,Char,20
4,11819,焌,Char,20
4,11820,焍,Char,20
4,11821,焎,Char,20
4,11822,焏,Char,20
4,11823,焑,Char,20
4,11824,焒,Char,20
4,11825,焔,Char,20
4,11826,焗,Char,20
4,11827,焛,Char,20
4,11828,焜,Char,20
4,11829,焝,Char,20
4,11830,焞,Char,20
4,11831,焟,Char,20
4,11832,焠,Char,20
4,11833,無,Char,20
4,11834,焢,Char,20
4,11835,焣,Char,20
4,11836,焤,Char,20
4,11837,焥,Char,20
4,11838,焧,Char,20
4,11839,焨,Char,20
4,11840,焩,Char,20
4,11841,焪,Char,20
4,11842,焫,Char,20
4,11843,焬,Char,20
4,11844,焭,Char,20
4,11845,焮,Char,20
4,11846,焲,Char,20
4,11847,焳,Char,20
4,11848,焴,Char,20
4,11849,焵,Char,20
4,11850,焷,Char,20
4,11851,焸,Char,20
4,11852,焹,Char,20
4,11853,焺,Char,20
4,11854,焻,Char,20
4,11855,焼,Char,20
4,11856,焽,Char,20
4,11857,焾,Char,20
4,11858,焿,Char,20
4,11859,煀,Char,20
4,11860,煁,Char,20
4,11861,煂,Char,20
4,11862,煃,Char,20
4,11863,煄,Char,20
4,11864,煆,Char,20
4,11865,煇,Char,20
4,11866,煈,Char,20
4,11867,煉,Char,20
4,11868,煋,Char,20
4,11869,煍,Char,20
4,11870,煏,Char,20
4,11871,煐,Char,20
4,11872,煑,Char,20
4,11873,煒,Char,20
4,11874,煓,Char,20
4,11875,煔,Char,20
4,11876,煕,Char,20
4,11877,煖,Char,20
4,11878,煗,Char,20
4,11879,煘,Char,20
4,11880,煙,Char,20
4,11881,煚,Char,20
4,11882,煛,Char,20
4,11883,煝,Char,20
4,11884,煟,Char,20
4,11885,煠,Char,20
4,11886,煡,Char,20
4,11887,煢,Char,20
4,11888,煣,Char,20
4,11889,煥,Char,20
4,11890,煩,Char,20
4,11891,煪,Char,20
4,11892,煫,Char,20
4,11893,煬,Char,20
4,11894,煭,Char,20
4,11895,煯,Char,20
4,11896,煰,Char,20
4,11897,煱,Char,20
4,11898,煴,Char,20
4,11899,煵,Char,20
4,11900,煶,Char,20
4,11901,煷,Char,20
4,11902,煹,Char,20
4,11903,煻,Char,20
4,11904,煼,Char,20
4,11905,煾,Char,20
4,11906,煿,Char,20
4,11907,熀,Char,20
4,11908,熁,Char,20
4,11909,熂,Char,20
4,11910,熃,Char,20
4,11911,熅,Char,20
4,11912,熆,Char,20
4,11913,熇,Char,20
4,11914,熈,Char,20
4,11915,熉,Char,20
4,11916,熋,Char,20
4,11917,熌,Char,20
4,11918,熍,Char,20
4,11919,熎,Char,20
4,11920,熐,Char,20
4,11921,熑,Char,20
4,11922,熒,Char,20
4,11923,熓,Char,20
4,11924,熕,Char,20
4,11925,熖,Char,20
4,11926,熗,Char,20
4,11927,熚,Char,20
4,11928,熛,Char,20
4,11929,熜,Char,20
4,11930,熝,Char,20
4,11931,熞,Char,20
4,11932,熡,Char,20
4,11933,熢,Char,20
4,11934,熣,Char,20
4,11935,熤,Char,20
4,11936,熥,Char,20
4,11937,熦,Char,20
4,11938,熧,Char,20
4,11939,熩,Char,20
4,11940,熪,Char,20
4,11941,熫,Char,20
4,11942,熭,Char,20
4,11943,熮,Char,20
4,11944,熯,Char,20
4,11945,熰,Char,20
4,11946,熱,Char,20
4,11947,熲,Char,20
4,11948,熴,Char,20
4,11949,熶,Char,20
4,11950,熷,Char,20
4,11951,熸,Char,20
4,11952,熺,Char,20
4,11953,熻,Char,20
4,11954,熼,Char,20
4,11955,熽,Char,20
4,11956,熾,Char,20
4,11957,熿,Char,20
4,11958,燀,Char,20
4,11959,燁,Char,20
4,11960,燂,Char,20
4,11961,燄,Char,20
4,11962,燅,Char,20
4,11963,燆,Char,20
4,11964,燇,Char,20
4,11965,燈,Char,20
4,11966,燉,Char,20
4,11967,燊,Char,20
4,11968,燋,Char,20
4,11969,燌,Char,20
4,11970,燍,Char,20
4,11971,燏,Char,20
4,11972,燐,Char,20
4,11973,燑,Char,20
4,11974,燒,Char,20
4,11975,燓,Char,20
4,11976,燖,Char,20
4,11977,燗,Char,20
4,11978,燘,Char,20
4,11979,燙,Char,20
4,11980,燚,Char,20
4,11981,燛,Char,20
4,11982,燜,Char,20
4,11983,燝,Char,20
4,11984,燞,Char,20
4,11985,營,Char,20
4,11986,燡,Char,20
4,11987,燢,Char,20
4,11988,燣,Char,20
4,11989,燤,Char,20
4,11990,燦,Char,20
4,11991,燨,Char,20
4,11992,燩,Char,20
4,11993,燪,Char,20
4,11994,燫,Char,20
4,11995,燬,Char,20
4,11996,燭,Char,20
4,11997,燯,Char,20
4,11998,燰,Char,20
4,11999,燱,Char,20
4,12000,燲,Char,20
4,12001,燳,Char,20
4,12002,燴,Char,20
4,12003,燵,Char,20
4,12004,燶,Char,20
4,12005,燷,Char,20
4,12006,燸,Char,20
4,12007,燺,Char,20
4,12008,燻,Char,20
4,12009,燼,Char,20
4,12010,燽,Char,20
4,12011,燾,Char,20
4,12012,燿,Char,20
4,12013,爀,Char,20
4,12014,爁,Char,20
4,12015,爂,Char,20
4,12016,爃,Char,20
4,12017,爄,Char,20
4,12018,爅,Char,20
4,12019,爇,Char,20
4,12020,爈,Char,20
4,12021,爉,Char,20
4,12022,爊,Char,20
4,12023,爋,Char,20
4,12024,爌,Char,20
4,12025,爍,Char,20
4,12026,爎,Char,20
4,12027,爏,Char,20
4,12028,爐,Char,20
4,12029,爑,Char,20
4,12030,爒,Char,20
4,12031,爓,Char,20
4,12032,爔,Char,20
4,12033,爕,Char,20
4,12034,爖,Char,20
4,12035,爗,Char,20
4,12036,爘,Char,20
4,12037,爙,Char,20
4,12038,爚,Char,20
4,12039,爛,Char,20
4,12040,爜,Char,20
4,12041,爞,Char,20
4,12042,爟,Char,20
4,12043,爠,Char,20
4,12044,爡,Char,20
4,12045,爢,Char,20
4,12046,爣,Char,20
4,12047,爤,Char,20
4,12048,爥,Char,20
4,12049,爦,Char,20
4,12050,爧,Char,20
4,12051,爩,Char,20
4,12052,爫,Char,20
4,12053,爭,Char,20
4,12054,爮,Char,20
4,12055,爯,Char,20
4,12056,爲,Char,20
4,12057,爳,Char,20
4,12058,爴,Char,20
4,12059,爺,Char,20
4,12060,爼,Char,20
4,12061,爾,Char,20
4,12062,爿,Char,20
4,12063,牀,Char,20
4,12064,牁,Char,20
4,12065,牂,Char,20
4,12066,牃,Char,20
4,12067,牄,Char,20
4,12068,牅,Char,20
4,12069,牆,Char,20
4,12070,牉,Char,20
4,12071,牊,Char,20
4,12072,牋,Char,20
4,12073,牎,Char,20
4,12074,牏,Char,20
4,12075,牐,Char,20
4,12076,牑,Char,20
4,12077,牓,Char,20
4,12078,牔,Char,20
4,12079,牕,Char,20
4,12080,牗,Char,20
4,12081,牘,Char,20
4,12082,牚,Char,20
4,12083,牜,Char,20
4,12084,牞,Char,20
4,12085,牠,Char,20
4,12086,牣,Char,20
4,12087,牤,Char,20
4,12088,牥,Char,20
4,12089,牨,Char,20
4,12090,牪,Char,20
4,12091,牫,Char,20
4,12092,牬,Char,20
4,12093,牭,Char,20
4,12094,牮,Char,20
4,12095,牰,Char,20
4,12096,牱,Char,20
4,12097,牳,Char,20
4,12098,牴,Char,20
4,12099,牶,Char,20
4,12100,牷,Char,20
4,12101,牸,Char,20
4,12102,牻,Char,20
4,12103,牼,Char,20
4,12104,牽,Char,20
4,12105,犂,Char,20
4,12106,犃,Char,20
4,12107,犅,Char,20
4,12108,犆,Char,20
4,12109,犇,Char,20
4,12110,犈,Char,20
4,12111,犉,Char,20
4,12112,犌,Char,20
4,12113,犎,Char,20
4,12114,犐,Char,20
4,12115,犑,Char,20
4,12116,犓,Char,20
4,12117,犔,Char,20
4,12118,犕,Char,20
4,12119,犖,Char,20
4,12120,犗,Char,20
4,12121,犘,Char,20
4,12122,犙,Char,20
4,12123,犚,Char,20
4,12124,犛,Char,20
4,12125,犜,Char,20
4,12126,犝,Char,20
4,12127,犞,Char,20
4,12128,犠,Char,20
4,12129,犡,Char,20
4,12130,犢,Char,20
4,12131,犣,Char,20
4,12132,犤,Char,20
4,12133,犥,Char,20
4,12134,犦,Char,20
4,12135,犧,Char,20
4,12136,犨,Char,20
4,12137,犩,Char,20
4,12138,犪,Char,20
4,12139,犫,Char,20
4,12140,犭,Char,20
4,12141,犮,Char,20
4,12142,犱,Char,20
4,12143,犲,Char,20
4,12144,犳,Char,20
4,12145,犵,Char,20
4,12146,犺,Char,20
4,12147,犻,Char,20
4,12148,犼,Char,20
4,12149,犽,Char,20
4,12150,犾,Char,20
4,12151,犿,Char,20
4,12152,狀,Char,20
4,12153,狅,Char,20
4,12154,狆,Char,20
4,12155,狇,Char,20
4,12156,狉,Char,20
4,12157,狊,Char,20
4,12158,狋,Char,20
4,12159,狌,Char,20
4,12160,狏,Char,20
4,12161,狑,Char,20
4,12162,狓,Char,20
4,12163,狔,Char,20
4,12164,狕,Char,20
4,12165,狖,Char,20
4,12166,狘,Char,20
4,12167,狚,Char,20
4,12168,狛,Char,20
4,12169,狜,Char,20
4,12170,狝,Char,20
4,12171,狟,Char,20
4,12172,狢,Char,20
4,12173,狣,Char,20
4,12174,狤,Char,20
4,12175,狥,Char,20
4,12176,狦,Char,20
4,12177,狧,Char,20
4,12178,狪,Char,20
4,12179,狫,Char,20
4,12180,狵,Char,20
4,12181,狶,Char,20
4,12182,狹,Char,20
4,12183,狽,Char,20
4,12184,狾,Char,20
4,12185,狿,Char,20
4,12186,猀,Char,20
4,12187,猂,Char,20
4,12188,猄,Char,20
4,12189,猅,Char,20
4,12190,猆,Char,20
4,12191,猇,Char,20
4,12192,猈,Char,20
4,12193,猉,Char,20
4,12194,猋,Char,20
4,12195,猌,Char,20
4,12196,猍,Char,20
4,12197,猏,Char,20
4,12198,猐,Char,20
4,12199,猑,Char,20
4,12200,猒,Char,20
4,12201,猔,Char,20
4,12202,猘,Char,20
4,12203,猙,Char,20
4,12204,猚,Char,20
4,12205,猟,Char,20
4,12206,猠,Char,20
4,12207,猣,Char,20
4,12208,猤,Char,20
4,12209,猦,Char,20
4,12210,猧,Char,20
4,12211,猨,Char,20
4,12212,猭,Char,20
4,12213,猯,Char,20
4,12214,猰,Char,20
4,12215,猲,Char,20
4,12216,猳,Char,20
4,12217,猵,Char,20
4,12218,猶,Char,20
4,12219,猺,Char,20
4,12220,猻,Char,20
4,12221,猼,Char,20
4,12222,猽,Char,20
4,12223,獀,Char,20
4,12224,獁,Char,20
4,12225,獂,Char,20
4,12226,獃,Char,20
4,12227,獄,Char,20
4,12228,獅,Char,20
4,12229,獆,Char,20
4,12230,獇,Char,20
4,12231,獈,Char,20
4,12232,獉,Char,20
4,12233,獊,Char,20
4,12234,獋,Char,20
4,12235,獌,Char,20
4,12236,獎,Char,20
4,12237,獏,Char,20
4,12238,獑,Char,20
4,12239,獓,Char,20
4,12240,獔,Char,20
4,12241,獕,Char,20
4,12242,獖,Char,20
4,12243,獘,Char,20
4,12244,獙,Char,20
4,12245,獚,Char,20
4,12246,獛,Char,20
4,12247,獜,Char,20
4,12248,獝,Char,20
4,12249,獞,Char,20
4,12250,獟,Char,20
4,12251,獡,Char,20
4,12252,獢,Char,20
4,12253,獣,Char,20
4,12254,獤,Char,20
4,12255,獥,Char,20
4,12256,獦,Char,20
4,12257,獧,Char,20
4,12258,獨,Char,20
4,12259,獩,Char,20
4,12260,獪,Char,20
4,12261,獫,Char,20
4,12262,獮,Char,20
4,12263,獰,Char,20
4,12264,獱,Char,20
4,12265,獲,Char,20
4,12266,獳,Char,20
4,12267,獴,Char,20
4,12268,獵,Char,20
4,12269,獶,Char,20
4,12270,獷,Char,20
4,12271,獸,Char,20
4,12272,獹,Char,20
4,12273,獺,Char,20
4,12274,獻,Char,20
4,12275,獼,Char,20
4,12276,獽,Char,20
4,12277,獿,Char,20
4,12278,玀,Char,20
4,12279,玁,Char,20
4,12280,玂,Char,20
4,12281,玃,Char,20
4,12282,玅,Char,20
4,12283,玆,Char,20
4,12284,玈,Char,20
4,12285,玊,Char,20
4,12286,玌,Char,20
4,12287,玍,Char,20
4,12288,玏,Char,20
4,12289,玐,Char,20
4,12290,玒,Char,20
4,12291,玓,Char,20
4,12292,玔,Char,20
4,12293,玕,Char,20
4,12294,玗,Char,20
4,12295,玘,Char,20
4,12296,玙,Char,20
4,12297,玚,Char,20
4,12298,玜,Char,20
4,12299,玝,Char,20
4,12300,玞,Char,20
4,12301,玠,Char,20
4,12302,玡,Char,20
4,12303,玣,Char,20
4,12304,玤,Char,20
4,12305,玥,Char,20
4,12306,玦,Char,20
4,12307,玧,Char,20
4,12308,玨,Char,20
4,12309,玪,Char,20
4,12310,玬,Char,20
4,12311,玭,Char,20
4,12312,玱,Char,20
4,12313,玴,Char,20
4,12314,玵,Char,20
4,12315,玶,Char,20
4,12316,玸,Char,20
4,12317,玹,Char,20
4,12318,玼,Char,20
4,12319,玽,Char,20
4,12320,玾,Char,20
4,12321,玿,Char,20
4,12322,珁,Char,20
4,12323,珃,Char,20
4,12324,珄,Char,20
4,12325,珅,Char,20
4,12326,珆,Char,20
4,12327,珇,Char,20
4,12328,珋,Char,20
4,12329,珌,Char,20
4,12330,珎,Char,20
4,12331,珒,Char,20
4,12332,珓,Char,20
4,12333,珔,Char,20
4,12334,珕,Char,20
4,12335,珖,Char,20
4,12336,珗,Char,20
4,12337,珘,Char,20
4,12338,珚,Char,20
4,12339,珛,Char,20
4,12340,珜,Char,20
4,12341,珝,Char,20
4,12342,珟,Char,20
4,12343,珡,Char,20
4,12344,珢,Char,20
4,12345,珣,Char,20
4,12346,珤,Char,20
4,12347,珦,Char,20
4,12348,珨,Char,20
4,12349,珪,Char,20
4,12350,珫,Char,20
4,12351,珬,Char,20
4,12352,珮,Char,20
4,12353,珯,Char,20
4,12354,珰,Char,20
4,12355,珱,Char,20
4,12356,珳,Char,20
4,12357,珴,Char,20
4,12358,珵,Char,20
4,12359,珶,Char,20
4,12360,珷,Char,20
4,12361,珸,Char,20
4,12362,珹,Char,20
4,12363,珺,Char,20
4,12364,珻,Char,20
4,12365,珼,Char,20
4,12366,珽,Char,20
4,12367,現,Char,20
4,12368,珿,Char,20
4,12369,琀,Char,20
4,12370,琁,Char,20
4,12371,琂,Char,20
4,12372,琄,Char,20
4,12373,琇,Char,20
4,12374,琈,Char,20
4,12375,琋,Char,20
4,12376,琌,Char,20
4,12377,琍,Char,20
4,12378,琎,Char,20
4,12379,琑,Char,20
4,12380,琒,Char,20
4,12381,琓,Char,20
4,12382,琔,Char,20
4,12383,琕,Char,20
4,12384,琖,Char,20
4,12385,琗,Char,20
4,12386,琘,Char,20
4,12387,琙,Char,20
4,12388,琜,Char,20
4,12389,琝,Char,20
4,12390,琞,Char,20
4,12391,琟,Char,20
4,12392,琠,Char,20
4,12393,琡,Char,20
4,12394,琣,Char,20
4,12395,琤,Char,20
4,12396,琧,Char,20
4,12397,琩,Char,20
4,12398,琫,Char,20
4,12399,琭,Char,20
4,12400,琯,Char,20
4,12401,琱,Char,20
4,12402,琲,Char,20
4,12403,琷,Char,20
4,12404,琸,Char,20
4,12405,琹,Char,20
4,12406,琺,Char,20
4,12407,琻,Char,20
4,12408,琽,Char,20
4,12409,琾,Char,20
4,12410,琿,Char,20
4,12411,瑀,Char,20
4,12412,瑂,Char,20
4,12413,瑃,Char,20
4,12414,瑄,Char,20
4,12415,瑅,Char,20
4,12416,瑆,Char,20
4,12417,瑇,Char,20
4,12418,瑈,Char,20
4,12419,瑉,Char,20
4,12420,瑊,Char,20
4,12421,瑋,Char,20
4,12422,瑌,Char,20
4,12423,瑍,Char,20
4,12424,瑎,Char,20
4,12425,瑏,Char,20
4,12426,瑐,Char,20
4,12427,瑑,Char,20
4,12428,瑒,Char,20
4,12429,瑓,Char,20
4,12430,瑔,Char,20
4,12431,瑖,Char,20
4,12432,瑘,Char,20
4,12433,瑝,Char,20
4,12434,瑠,Char,20
4,12435,瑡,Char,20
4,12436,瑢,Char,20
4,12437,瑣,Char,20
4,12438,瑤,Char,20
4,12439,瑥,Char,20
4,12440,瑦,Char,20
4,12441,瑧,Char,20
4,12442,瑨,Char,20
4,12443,瑩,Char,20
4,12444,瑪,Char,20
4,12445,瑫,Char,20
4,12446,瑬,Char,20
4,12447,瑮,Char,20
4,12448,瑯,Char,20
4,12449,瑱,Char,20
4,12450,瑲,Char,20
4,12451,瑳,Char,20
4,12452,瑴,Char,20
4,12453,瑵,Char,20
4,12454,瑸,Char,20
4,12455,瑹,Char,20
4,12456,瑺,Char,20
4,12457,瑻,Char,20
4,12458,瑼,Char,20
4,12459,瑽,Char,20
4,12460,瑿,Char,20
4,12461,璂,Char,20
4,12462,璄,Char,20
4,12463,璅,Char,20
4,12464,璆,Char,20
4,12465,璈,Char,20
4,12466,璉,Char,20
4,12467,璊,Char,20
4,12468,璌,Char,20
4,12469,璍,Char,20
4,12470,璏,Char,20
4,12471,璑,Char,20
4,12472,璒,Char,20
4,12473,璓,Char,20
4,12474,璔,Char,20
4,12475,璕,Char,20
4,12476,璖,Char,20
4,12477,璗,Char,20
4,12478,璘,Char,20
4,12479,璙,Char,20
4,12480,璚,Char,20
4,12481,璛,Char,20
4,12482,璝,Char,20
4,12483,璟,Char,20
4,12484,璠,Char,20
4,12485,璡,Char,20
4,12486,璢,Char,20
4,12487,璣,Char,20
4,12488,璤,Char,20
4,12489,璥,Char,20
4,12490,璦,Char,20
4,12491,璪,Char,20
4,12492,璫,Char,20
4,12493,璬,Char,20
4,12494,璭,Char,20
4,12495,璮,Char,20
4,12496,璯,Char,20
4,12497,環,Char,20
4,12498,璱,Char,20
4,12499,璲,Char,20
4,12500,璳,Char,20
4,12501,璴,Char,20
4,12502,璵,Char,20
4,12503,璶,Char,20
4,12504,璷,Char,20
4,12505,璸,Char,20
4,12506,璹,Char,20
4,12507,璻,Char,20
4,12508,璼,Char,20
4,12509,璽,Char,20
4,12510,璾,Char,20
4,12511,璿,Char,20
4,12512,瓀,Char,20
4,12513,瓁,Char,20
4,12514,瓂,Char,20
4,12515,瓃,Char,20
4,12516,瓄,Char,20
4,12517,瓅,Char,20
4,12518,瓆,Char,20
4,12519,瓇,Char,20
4,12520,瓈,Char,20
4,12521,瓉,Char,20
4,12522,瓊,Char,20
4,12523,瓋,Char,20
4,12524,瓌,Char,20
4,12525,瓍,Char,20
4,12526,瓎,Char,20
4,12527,瓏,Char,20
4,12528,瓐,Char,20
4,12529,瓑,Char,20
4,12530,瓓,Char,20
4,12531,瓔,Char,20
4,12532,瓕,Char,20
4,12533,瓖,Char,20
4,12534,瓗,Char,20
4,12535,瓘,Char,20
4,12536,瓙,Char,20
4,12537,瓚,Char,20
4,12538,瓛,Char,20
4,12539,瓝,Char,20
4,12540,瓟,Char,20
4,12541,瓡,Char,20
4,12542,瓥,Char,20
4,12543,瓧,Char,20
4,12544,瓨,Char,20
4,12545,瓩,Char,20
4,12546,瓪,Char,20
4,12547,瓫,Char,20
4,12548,瓬,Char,20
4,12549,瓭,Char,20
4,12550,瓰,Char,20
4,12551,瓱,Char,20
4,12552,瓲,Char,20
4,12553,瓳,Char,20
4,12554,瓵,Char,20
4,12555,瓸,Char,20
4,12556,瓹,Char,20
4,12557,瓺,Char,20
4,12558,瓻,Char,20
4,12559,瓼,Char,20
4,12560,瓽,Char,20
4,12561,瓾,Char,20
4,12562,甀,Char,20
4,12563,甁,Char,20
4,12564,甂,Char,20
4,12565,甃,Char,20
4,12566,甅,Char,20
4,12567,甆,Char,20
4,12568,甇,Char,20
4,12569,甈,Char,20
4,12570,甉,Char,20
4,12571,甊,Char,20
4,12572,甋,Char,20
4,12573,甌,Char,20
4,12574,甎,Char,20
4,12575,甐,Char,20
4,12576,甒,Char,20
4,12577,甔,Char,20
4,12578,甕,Char,20
4,12579,甖,Char,20
4,12580,甗,Char,20
4,12581,甛,Char,20
4,12582,甝,Char,20
4,12583,甞,Char,20
4,12584,甠,Char,20
4,12585,甡,Char,20
4,12586,產,Char,20
4,12587,産,Char,20
4,12588,甤,Char,20
4,12589,甦,Char,20
4,12590,甧,Char,20
4,12591,甪,Char,20
4,12592,甮,Char,20
4,12593,甴,Char,20
4,12594,甶,Char,20
4,12595,甹,Char,20
4,12596,甼,Char,20
4,12597,甽,Char,20
4,12598,甿,Char,20
4,12599,畁,Char,20
4,12600,畂,Char,20
4,12601,畃,Char,20
4,12602,畄,Char,20
4,12603,畆,Char,20
4,12604,畇,Char,20
4,12605,畉,Char,20
4,12606,畊,Char,20
4,12607,畍,Char,20
4,12608,畐,Char,20
4,12609,畑,Char,20
4,12610,畒,Char,20
4,12611,畓,Char,20
4,12612,畕,Char,20
4,12613,畖,Char,20
4,12614,畗,Char,20
4,12615,畘,Char,20
4,12616,畝,Char,20
4,12617,畞,Char,20
4,12618,畟,Char,20
4,12619,畠,Char,20
4,12620,畡,Char,20
4,12621,畢,Char,20
4,12622,畣,Char,20
4,12623,畤,Char,20
4,12624,畧,Char,20
4,12625,畨,Char,20
4,12626,畩,Char,20
4,12627,畫,Char,20
4,12628,畬,Char,20
4,12629,畭,Char,20
4,12630,畮,Char,20
4,12631,畯,Char,20
4,12632,異,Char,20
4,12633,畱,Char,20
4,12634,畳,Char,20
4,12635,畵,Char,20
4,12636,當,Char,20
4,12637,畷,Char,20
4,12638,畺,Char,20
4,12639,畻,Char,20
4,12640,畼,Char,20
4,12641,畽,Char,20
4,12642,畾,Char,20
4,12643,疀,Char,20
4,12644,疁,Char,20
4,12645,疂,Char,20
4,12646,疄,Char,20
4,12647,疅,Char,20
4,12648,疇,Char,20
4,12649,疈,Char,20
4,12650,疉,Char,20
4,12651,疊,Char,20
4,12652,疋,Char,20
4,12653,疌,Char,20
4,12654,疍,Char,20
4,12655,疎,Char,20
4,12656,疐,Char,20
4,12657,疒,Char,20
4,12658,疓,Char,20
4,12659,疕,Char,20
4,12660,疘,Char,20
4,12661,疛,Char,20
4,12662,疜,Char,20
4,12663,疞,Char,20
4,12664,疢,Char,20
4,12665,疦,Char,20
4,12666,疧,Char,20
4,12667,疨,Char,20
4,12668,疩,Char,20
4,12669,疪,Char,20
4,12670,疭,Char,20
4,12671,疶,Char,20
4,12672,疷,Char,20
4,12673,疺,Char,20
4,12674,疻,Char,20
4,12675,疿,Char,20
4,12676,痀,Char,20
4,12677,痁,Char,20
4,12678,痆,Char,20
4,12679,痋,Char,20
4,12680,痌,Char,20
4,12681,痎,Char,20
4,12682,痏,Char,20
4,12683,痐,Char,20
4,12684,痑,Char,20
4,12685,痓,Char,20
4,12686,痗,Char,20
4,12687,痙,Char,20
4,12688,痚,Char,20
4,12689,痜,Char,20
4,12690,痝,Char,20
4,12691,痟,Char,20
4,12692,痠,Char,20
4,12693,痡,Char,20
4,12694,痥,Char,20
4,12695,痩,Char,20
4,12696,痬,Char,20
4,12697,痭,Char,20
4,12698,痮,Char,20
4,12699,痯,Char,20
4,12700,痲,Char,20
4,12701,痳,Char,20
4,12702,痵,Char,20
4,12703,痶,Char,20
4,12704,痷,Char,20
4,12705,痸,Char,20
4,12706,痺,Char,20
4,12707,痻,Char,20
4,12708,痽,Char,20
4,12709,痾,Char,20
4,12710,瘂,Char,20
4,12711,瘃,Char,20
4,12712,瘄,Char,20
4,12713,瘆,Char,20
4,12714,瘇,Char,20
4,12715,瘈,Char,20
4,12716,瘉,Char,20
4,12717,瘋,Char,20
4,12718,瘍,Char,20
4,12719,瘎,Char,20
4,12720,瘏,Char,20
4,12721,瘑,Char,20
4,12722,瘒,Char,20
4,12723,瘓,Char,20
4,12724,瘔,Char,20
4,12725,瘖,Char,20
4,12726,瘚,Char,20
4,12727,瘜,Char,20
4,12728,瘝,Char,20
4,12729,瘞,Char,20
4,12730,瘡,Char,20
4,12731,瘣,Char,20
4,12732,瘧,Char,20
4,12733,瘨,Char,20
4,12734,瘬,Char,20
4,12735,瘭,Char,20
4,12736,瘮,Char,20
4,12737,瘯,Char,20
4,12738,瘱,Char,20
4,12739,瘲,Char,20
4,12740,瘶,Char,20
4,12741,瘷,Char,20
4,12742,瘹,Char,20
4,12743,瘺,Char,20
4,12744,瘻,Char,20
4,12745,瘽,Char,20
4,12746,癁,Char,20
4,12747,療,Char,20
4,12748,癄,Char,20
4,12749,癅,Char,20
4,12750,癆,Char,20
4,12751,癇,Char,20
4,12752,癈,Char,20
4,12753,癉,Char,20
4,12754,癊,Char,20
4,12755,癋,Char,20
4,12756,癎,Char,20
4,12757,癏,Char,20
4,12758,癐,Char,20
4,12759,癑,Char,20
4,12760,癒,Char,20
4,12761,癓,Char,20
4,12762,癕,Char,20
4,12763,癗,Char,20
4,12764,癘,Char,20
4,12765,癙,Char,20
4,12766,癚,Char,20
4,12767,癛,Char,20
4,12768,癝,Char,20
4,12769,癟,Char,20
4,12770,癠,Char,20
4,12771,癡,Char,20
4,12772,癢,Char,20
4,12773,癤,Char,20
4,12774,癥,Char,20
4,12775,癦,Char,20
4,12776,癧,Char,20
4,12777,癨,Char,20
4,12778,癩,Char,20
4,12779,癪,Char,20
4,12780,癬,Char,20
4,12781,癭,Char,20
4,12782,癮,Char,20
4,12783,癰,Char,20
4,12784,癱,Char,20
4,12785,癲,Char,20
4,12786,癳,Char,20
4,12787,癴,Char,20
4,12788,癵,Char,20
4,12789,癶,Char,20
4,12790,癷,Char,20
4,12791,癹,Char,20
4,12792,発,Char,20
4,12793,發,Char,20
4,12794,癿,Char,20
4,12795,皀,Char,20
4,12796,皁,Char,20
4,12797,皃,Char,20
4,12798,皅,Char,20
4,12799,皉,Char,20
4,12800,皊,Char,20
4,12801,皌,Char,20
4,12802,皍,Char,20
4,12803,皏,Char,20
4,12804,皐,Char,20
4,12805,皒,Char,20
4,12806,皔,Char,20
4,12807,皕,Char,20
4,12808,皗,Char,20
4,12809,皘,Char,20
4,12810,皚,Char,20
4,12811,皛,Char,20
4,12812,皜,Char,20
4,12813,皝,Char,20
4,12814,皞,Char,20
4,12815,皟,Char,20
4,12816,皠,Char,20
4,12817,皡,Char,20
4,12818,皢,Char,20
4,12819,皣,Char,20
4,12820,皥,Char,20
4,12821,皦,Char,20
4,12822,皧,Char,20
4,12823,皨,Char,20
4,12824,皩,Char,20
4,12825,皪,Char,20
4,12826,皫,Char,20
4,12827,皬,Char,20
4,12828,皭,Char,20
4,12829,皯,Char,20
4,12830,皰,Char,20
4,12831,皳,Char,20
4,12832,皵,Char,20
4,12833,皶,Char,20
4,12834,皷,Char,20
4,12835,皸,Char,20
4,12836,皹,Char,20
4,12837,皺,Char,20
4,12838,皻,Char,20
4,12839,皼,Char,20
4,12840,皽,Char,20
4,12841,皾,Char,20
4,12842,盀,Char,20
4,12843,盁,Char,20
4,12844,盃,Char,20
4,12845,盄,Char,20
4,12846,盋,Char,20
4,12847,盙,Char,20
4,12848,盚,Char,20
4,12849,盧,Char,20
4,12850,盭,Char,20
4,12851,盰,Char,20
4,12852,盵,Char,20
4,12853,盶,Char,20
4,12854,盷,Char,20
4,12855,盺,Char,20
4,12856,眂,Char,20
4,12857,眐,Char,20
4,12858,眑,Char,20
4,12859,眒,Char,20
4,12860,眓,Char,20
4,12861,眔,Char,20
4,12862,眗,Char,20
4,12863,眛,Char,20
4,12864,眝,Char,20
4,12865,眡,Char,20
4,12866,眤,Char,20
4,12867,眧,Char,20
4,12868,眪,Char,20
4,12869,眱,Char,20
4,12870,眴,Char,20
4,12871,眻,Char,20
4,12872,眽,Char,20
4,12873,眿,Char,20
4,12874,睂,Char,20
4,12875,睈,Char,20
4,12876,睌,Char,20
4,12877,睓,Char,20
4,12878,睔,Char,20
4,12879,睗,Char,20
4,12880,睜,Char,20
4,12881,睝,Char,20
4,12882,睟,Char,20
4,12883,睤,Char,20
4,12884,睭,Char,20
4,12885,睮,Char,20
4,12886,睯,Char,20
4,12887,睰,Char,20
4,12888,睲,Char,20
4,12889,睳,Char,20
4,12890,睵,Char,20
4,12891,睶,Char,20
4,12892,睷,Char,20
4,12893,睸,Char,20
4,12894,睼,Char,20
4,12895,瞁,Char,20
4,12896,瞃,Char,20
4,12897,瞈,Char,20
4,12898,瞉,Char,20
4,12899,瞊,Char,20
4,12900,瞔,Char,20
4,12901,瞖,Char,20
4,12902,瞗,Char,20
4,12903,瞘,Char,20
4,12904,瞙,Char,20
4,12905,瞚,Char,20
4,12906,瞛,Char,20
4,12907,瞝,Char,20
4,12908,瞤,Char,20
4,12909,瞦,Char,20
4,12910,瞨,Char,20
4,12911,瞮,Char,20
4,12912,瞯,Char,20
4,12913,瞱,Char,20
4,12914,瞲,Char,20
4,12915,瞴,Char,20
4,12916,瞶,Char,20
4,12917,瞸,Char,20
4,12918,瞹,Char,20
4,12919,瞺,Char,20
4,12920,瞾,Char,20
4,12921,矁,Char,20
4,12922,矆,Char,20
4,12923,矈,Char,20
4,12924,矉,Char,20
4,12925,矋,Char,20
4,12926,矌,Char,20
4,12927,矏,Char,20
4,12928,矐,Char,20
4,12929,矑,Char,20
4,12930,矓,Char,20
4,12931,矕,Char,20
4,12932,矖,Char,20
4,12933,矠,Char,20
4,12934,矤,Char,20
4,12935,矦,Char,20
4,12936,矨,Char,20
4,12937,矪,Char,20
4,12938,矱,Char,20
4,12939,矲,Char,20
4,12940,矴,Char,20
4,12941,矷,Char,20
4,12942,矹,Char,20
4,12943,矼,Char,20
4,12944,砃,Char,20
4,12945,砄,Char,20
4,12946,砅,Char,20
4,12947,砆,Char,20
4,12948,砇,Char,20
4,12949,砈,Char,20
4,12950,砊,Char,20
4,12951,砋,Char,20
4,12952,砎,Char,20
4,12953,砐,Char,20
4,12954,砓,Char,20
4,12955,砕,Char,20
4,12956,砙,Char,20
4,12957,砞,Char,20
4,12958,砠,Char,20
4,12959,砡,Char,20
4,12960,砨,Char,20
4,12961,砯,Char,20
4,12962,砱,Char,20
4,12963,砳,Char,20
4,12964,砵,Char,20
4,12965,砶,Char,20
4,12966,砽,Char,20
4,12967,砿,Char,20
4,12968,硆,Char,20
4,12969,硉,Char,20
4,12970,硋,Char,20
4,12971,硍,Char,20
4,12972,硑,Char,20
4,12973,硓,Char,20
4,12974,硔,Char,20
4,12975,硘,Char,20
4,12976,硛,Char,20
4,12977,硜,Char,20
4,12978,硞,Char,20
4,12979,硠,Char,20
4,12980,硡,Char,20
4,12981,硢,Char,20
4,12982,硤,Char,20
4,12983,硥,Char,20
4,12984,硦,Char,20
4,12985,硧,Char,20
4,12986,硨,Char,20
4,12987,硩,Char,20
4,12988,硯,Char,20
4,12989,硰,Char,20
4,12990,硲,Char,20
4,12991,硳,Char,20
4,12992,硴,Char,20
4,12993,硵,Char,20
4,12994,硶,Char,20
4,12995,硸,Char,20
4,12996,硹,Char,20
4,12997,硺,Char,20
4,12998,硻,Char,20
4,12999,硾,Char,20
4,13000,硿,Char,20
4,13001,碂,Char,20
4,13002,碄,Char,20
4,13003,碆,Char,20
4,13004,碈,Char,20
4,13005,碊,Char,20
4,13006,碋,Char,20
4,13007,碏,Char,20
4,13008,碐,Char,20
4,13009,碖,Char,20
4,13010,碙,Char,20
4,13011,碝,Char,20
4,13012,碞,Char,20
4,13013,碢,Char,20
4,13014,碤,Char,20
4,13015,碨,Char,20
4,13016,碪,Char,20
4,13017,碫,Char,20
4,13018,碬,Char,20
4,13019,碮,Char,20
4,13020,碯,Char,20
4,13021,碷,Char,20
4,13022,碹,Char,20
4,13023,碿,Char,20
4,13024,磀,Char,20
4,13025,磂,Char,20
4,13026,磆,Char,20
4,13027,磇,Char,20
4,13028,磌,Char,20
4,13029,磍,Char,20
4,13030,磎,Char,20
4,13031,磏,Char,20
4,13032,磒,Char,20
4,13033,磓,Char,20
4,13034,磖,Char,20
4,13035,磗,Char,20
4,13036,磘,Char,20
4,13037,磛,Char,20
4,13038,磝,Char,20
4,13039,磟,Char,20
4,13040,磢,Char,20
4,13041,磤,Char,20
4,13042,磧,Char,20
4,13043,磮,Char,20
4,13044,磰,Char,20
4,13045,磱,Char,20
4,13046,磵,Char,20
4,13047,磶,Char,20
4,13048,磼,Char,20
4,13049,礃,Char,20
4,13050,礆,Char,20
4,13051,礍,Char,20
4,13052,礏,Char,20
4,13053,礔,Char,20
4,13054,礕,Char,20
4,13055,礖,Char,20
4,13056,礗,Char,20
4,13057,礚,Char,20
4,13058,礛,Char,20
4,13059,礝,Char,20
4,13060,礟,Char,20
4,13061,礠,Char,20
4,13062,礢,Char,20
4,13063,礣,Char,20
4,13064,礥,Char,20
4,13065,礧,Char,20
4,13066,礩,Char,20
4,13067,礪,Char,20
4,13068,礫,Char,20
4,13069,礬,Char,20
4,13070,礭,Char,20
4,13071,礯,Char,20
4,13072,礰,Char,20
4,13073,礲,Char,20
4,13074,礳,Char,20
4,13075,礵,Char,20
4,13076,礶,Char,20
4,13077,礷,Char,20
4,13078,礸,Char,20
4,13079,礹,Char,20
4,13080,礻,Char,20
4,13081,祄,Char,20
4,13082,祊,Char,20
4,13083,祌,Char,20
4,13084,祍,Char,20
4,13085,祑,Char,20
4,13086,祒,Char,20
4,13087,祡,Char,20
4,13088,祣,Char,20
4,13089,祬,Char,20
4,13090,祱,Char,20
4,13091,祴,Char,20
4,13092,祵,Char,20
4,13093,祽,Char,20
4,13094,禂,Char,20
4,13095,禈,Char,20
4,13096,禉,Char,20
4,13097,禒,Char,20
4,13098,禓,Char,20
4,13099,禕,Char,20
4,13100,禙,Char,20
4,13101,禚,Char,20
4,13102,禝,Char,20
4,13103,禟,Char,20
4,13104,禯,Char,20
4,13105,禲,Char,20
4,13106,禴,Char,20
4,13107,禶,Char,20
4,13108,禷,Char,20
4,13109,禸,Char,20
4,13110,禼,Char,20
4,13111,秂,Char,20
4,13112,秄,Char,20
4,13113,秇,Char,20
4,13114,秈,Char,20
4,13115,秊,Char,20
4,13116,秎,Char,20
4,13117,秏,Char,20
4,13118,秐,Char,20
4,13119,秓,Char,20
4,13120,秖,Char,20
4,13121,秗,Char,20
4,13122,秚,Char,20
4,13123,秛,Char,20
4,13124,秜,Char,20
4,13125,秝,Char,20
4,13126,秞,Char,20
4,13127,秡,Char,20
4,13128,秥,Char,20
4,13129,秨,Char,20
4,13130,秪,Char,20
4,13131,秮,Char,20
4,13132,秴,Char,20
4,13133,秷,Char,20
4,13134,秿,Char,20
4,13135,稁,Char,20
4,13136,稉,Char,20
4,13137,稊,Char,20
4,13138,稏,Char,20
4,13139,稐,Char,20
4,13140,稒,Char,20
4,13141,稕,Char,20
4,13142,稝,Char,20
4,13143,稢,Char,20
4,13144,稤,Char,20
4,13145,稥,Char,20
4,13146,稦,Char,20
4,13147,稨,Char,20
4,13148,稩,Char,20
4,13149,稪,Char,20
4,13150,稫,Char,20
4,13151,稯,Char,20
4,13152,稰,Char,20
4,13153,稵,Char,20
4,13154,稶,Char,20
4,13155,稺,Char,20
4,13156,稾,Char,20
4,13157,穁,Char,20
4,13158,穂,Char,20
4,13159,穅,Char,20
4,13160,穇,Char,20
4,13161,穋,Char,20
4,13162,穌,Char,20
4,13163,穎,Char,20
4,13164,穏,Char,20
4,13165,穒,Char,20
4,13166,穓,Char,20
4,13167,穔,Char,20
4,13168,穕,Char,20
4,13169,穖,Char,20
4,13170,穘,Char,20
4,13171,穚,Char,20
4,13172,穝,Char,20
4,13173,穞,Char,20
4,13174,穠,Char,20
4,13175,穡,Char,20
4,13176,穣,Char,20
4,13177,穤,Char,20
4,13178,穥,Char,20
4,13179,穦,Char,20
4,13180,穧,Char,20
4,13181,穨,Char,20
4,13182,穬,Char,20
4,13183,穭,Char,20
4,13184,穮,Char,20
4,13185,穲,Char,20
4,13186,穳,Char,20
4,13187,穼,Char,20
4,13188,穾,Char,20
4,13189,窂,Char,20
4,13190,窉,Char,20
4,13191,窏,Char,20
4,13192,窐,Char,20
4,13193,窓,Char,20
4,13194,窙,Char,20
4,13195,窚,Char,20
4,13196,窛,Char,20
4,13197,窞,Char,20
4,13198,窡,Char,20
4,13199,窢,Char,20
4,13200,窧,Char,20
4,13201,窰,Char,20
4,13202,窱,Char,20
4,13203,窲,Char,20
4,13204,窴,Char,20
4,13205,窵,Char,20
4,13206,窶,Char,20
4,13207,窷,Char,20
4,13208,窹,Char,20
4,13209,窺,Char,20
4,13210,窻,Char,20
4,13211,窽,Char,20
4,13212,竀,Char,20
4,13213,竁,Char,20
4,13214,竃,Char,20
4,13215,竆,Char,20
4,13216,竉,Char,20
4,13217,竊,Char,20
4,13218,竍,Char,20
4,13219,竎,Char,20
4,13220,竐,Char,20
4,13221,竓,Char,20
4,13222,竔,Char,20
4,13223,竕,Char,20
4,13224,竗,Char,20
4,13225,竘,Char,20
4,13226,竛,Char,20
4,13227,竜,Char,20
4,13228,竡,Char,20
4,13229,竧,Char,20
4,13230,竨,Char,20
4,13231,竩,Char,20
4,13232,竪,Char,20
4,13233,竫,Char,20
4,13234,竬,Char,20
4,13235,竮,Char,20
4,13236,竰,Char,20
4,13237,竱,Char,20
4,13238,竲,Char,20
4,13239,竳,Char,20
4,13240,竴,Char,20
4,13241,竵,Char,20
4,13242,竻,Char,20
4,13243,竼,Char,20
4,13244,笁,Char,20
4,13245,笂,Char,20
4,13246,笅,Char,20
4,13247,笌,Char,20
4,13248,笒,Char,20
4,13249,笓,Char,20
4,13250,笘,Char,20
4,13251,笚,Char,20
4,13252,笝,Char,20
4,13253,笡,Char,20
4,13254,笢,Char,20
4,13255,笩,Char,20
4,13256,笯,Char,20
4,13257,笴,Char,20
4,13258,笵,Char,20
4,13259,笶,Char,20
4,13260,笷,Char,20
4,13261,笻,Char,20
4,13262,笽,Char,20
4,13263,筀,Char,20
4,13264,筁,Char,20
4,13265,筃,Char,20
4,13266,筄,Char,20
4,13267,筎,Char,20
4,13268,筓,Char,20
4,13269,筕,Char,20
4,13270,筗,Char,20
4,13271,筙,Char,20
4,13272,筜,Char,20
4,13273,筞,Char,20
4,13274,筟,Char,20
4,13275,筡,Char,20
4,13276,筤,Char,20
4,13277,筧,Char,20
4,13278,筨,Char,20
4,13279,筪,Char,20
4,13280,筫,Char,20
4,13281,筬,Char,20
4,13282,筯,Char,20
4,13283,筳,Char,20
4,13284,筺,Char,20
4,13285,筿,Char,20
4,13286,箁,Char,20
4,13287,箂,Char,20
4,13288,箃,Char,20
4,13289,箄,Char,20
4,13290,箆,Char,20
4,13291,箈,Char,20
4,13292,箉,Char,20
4,13293,箊,Char,20
4,13294,箌,Char,20
4,13295,箎,Char,20
4,13296,箑,Char,20
4,13297,箙,Char,20
4,13298,箚,Char,20
4,13299,箟,Char,20
4,13300,箮,Char,20
4,13301,箰,Char,20
4,13302,箲,Char,20
4,13303,箳,Char,20
4,13304,箵,Char,20
4,13305,箶,Char,20
4,13306,箺,Char,20
4,13307,箻,Char,20
4,13308,箼,Char,20
4,13309,篅,Char,20
4,13310,篈,Char,20
4,13311,篊,Char,20
4,13312,篋,Char,20
4,13313,篍,Char,20
4,13314,篎,Char,20
4,13315,篏,Char,20
4,13316,篐,Char,20
4,13317,篒,Char,20
4,13318,篔,Char,20
4,13319,篕,Char,20
4,13320,篖,Char,20
4,13321,篗,Char,20
4,13322,篘,Char,20
4,13323,篞,Char,20
4,13324,篢,Char,20
4,13325,篣,Char,20
4,13326,篧,Char,20
4,13327,篫,Char,20
4,13328,篵,Char,20
4,13329,篶,Char,20
4,13330,篹,Char,20
4,13331,篻,Char,20
4,13332,篽,Char,20
4,13333,篿,Char,20
4,13334,簀,Char,20
4,13335,簁,Char,20
4,13336,簂,Char,20
4,13337,簄,Char,20
4,13338,簅,Char,20
4,13339,簆,Char,20
4,13340,簈,Char,20
4,13341,簉,Char,20
4,13342,簊,Char,20
4,13343,簎,Char,20
4,13344,簐,Char,20
4,13345,簒,Char,20
4,13346,簓,Char,20
4,13347,簔,Char,20
4,13348,簖,Char,20
4,13349,簗,Char,20
4,13350,簙,Char,20
4,13351,簚,Char,20
4,13352,簛,Char,20
4,13353,簝,Char,20
4,13354,簣,Char,20
4,13355,簩,Char,20
4,13356,簭,Char,20
4,13357,簮,Char,20
4,13358,簱,Char,20
4,13359,簲,Char,20
4,13360,簵,Char,20
4,13361,簶,Char,20
4,13362,籃,Char,20
4,13363,籅,Char,20
4,13364,籈,Char,20
4,13365,籉,Char,20
4,13366,籊,Char,20
4,13367,籎,Char,20
4,13368,籏,Char,20
4,13369,籑,Char,20
4,13370,籕,Char,20
4,13371,籖,Char,20
4,13372,籗,Char,20
4,13373,籘,Char,20
4,13374,籚,Char,20
4,13375,籛,Char,20
4,13376,籝,Char,20
4,13377,籟,Char,20
4,13378,籡,Char,20
4,13379,籢,Char,20
4,13380,籦,Char,20
4,13381,籧,Char,20
4,13382,籨,Char,20
4,13383,籩,Char,20
4,13384,籪,Char,20
4,13385,籫,Char,20
4,13386,籭,Char,20
4,13387,籮,Char,20
4,13388,籯,Char,20
4,13389,籰,Char,20
4,13390,籱,Char,20
4,13391,籵,Char,20
4,13392,籷,Char,20
4,13393,籸,Char,20
4,13394,籹,Char,20
4,13395,籺,Char,20
4,13396,籾,Char,20
4,13397,籿,Char,20
4,13398,粀,Char,20
4,13399,粁,Char,20
4,13400,粂,Char,20
4,13401,粄,Char,20
4,13402,粅,Char,20
4,13403,粆,Char,20
4,13404,粇,Char,20
4,13405,粈,Char,20
4,13406,粙,Char,20
4,13407,粠,Char,20
4,13408,粨,Char,20
4,13409,粬,Char,20
4,13410,粰,Char,20
4,13411,糃,Char,20
4,13412,糄,Char,20
4,13413,糆,Char,20
4,13414,糋,Char,20
4,13415,糎,Char,20
4,13416,糏,Char,20
4,13417,糐,Char,20
4,13418,糑,Char,20
4,13419,糒,Char,20
4,13420,糔,Char,20
4,13421,糘,Char,20
4,13422,糚,Char,20
4,13423,糛,Char,20
4,13424,糝,Char,20
4,13425,糡,Char,20
4,13426,糣,Char,20
4,13427,糤,Char,20
4,13428,糥,Char,20
4,13429,糩,Char,20
4,13430,糪,Char,20
4,13431,糫,Char,20
4,13432,糬,Char,20
4,13433,糭,Char,20
4,13434,糲,Char,20
4,13435,糳,Char,20
4,13436,糶,Char,20
4,13437,糸,Char,20
4,13438,糹,Char,20
4,13439,糼,Char,20
4,13440,糽,Char,20
4,13441,糾,Char,20
4,13442,糿,Char,20
4,13443,紁,Char,20
4,13444,紆,Char,20
4,13445,紈,Char,20
4,13446,紉,Char,20
4,13447,紌,Char,20
4,13448,紎,Char,20
4,13449,紑,Char,20
4,13450,紒,Char,20
4,13451,紕,Char,20
4,13452,紜,Char,20
4,13453,紞,Char,20
4,13454,紟,Char,20
4,13455,紡,Char,20
4,13456,紥,Char,20
4,13457,紦,Char,20
4,13458,紨,Char,20
4,13459,紪,Char,20
4,13460,紱,Char,20
4,13461,紲,Char,20
4,13462,紴,Char,20
4,13463,紶,Char,20
4,13464,紷,Char,20
4,13465,紸,Char,20
4,13466,紼,Char,20
4,13467,紽,Char,20
4,13468,紿,Char,20
4,13469,絀,Char,20
4,13470,絇,Char,20
4,13471,絈,Char,20
4,13472,絉,Char,20
4,13473,絊,Char,20
4,13474,絋,Char,20
4,13475,経,Char,20
4,13476,絎,Char,20
4,13477,絑,Char,20
4,13478,絔,Char,20
4,13479,絖,Char,20
4,13480,絗,Char,20
4,13481,絘,Char,20
4,13482,絚,Char,20
4,13483,絝,Char,20
4,13484,絠,Char,20
4,13485,絢,Char,20
4,13486,絤,Char,20
4,13487,絥,Char,20
4,13488,絧,Char,20
4,13489,絩,Char,20
4,13490,絬,Char,20
4,13491,絯,Char,20
4,13492,絰,Char,20
4,13493,絴,Char,20
4,13494,絵,Char,20
4,13495,絸,Char,20
4,13496,絻,Char,20
4,13497,綁,Char,20
4,13498,綃,Char,20
4,13499,綆,Char,20
4,13500,綇,Char,20
4,13501,綉,Char,20
4,13502,綋,Char,20
4,13503,綌,Char,20
4,13504,綐,Char,20
4,13505,綕,Char,20
4,13506,綘,Char,20
4,13507,継,Char,20
4,13508,続,Char,20
4,13509,綛,Char,20
4,13510,綞,Char,20
4,13511,綢,Char,20
4,13512,綣,Char,20
4,13513,綤,Char,20
4,13514,綥,Char,20
4,13515,綧,Char,20
4,13516,綨,Char,20
4,13517,綩,Char,20
4,13518,綪,Char,20
4,13519,綫,Char,20
4,13520,綬,Char,20
4,13521,綯,Char,20
4,13522,綰,Char,20
4,13523,綳,Char,20
4,13524,綷,Char,20
4,13525,綸,Char,20
4,13526,綺,Char,20
4,13527,綻,Char,20
4,13528,綽,Char,20
4,13529,綾,Char,20
4,13530,緀,Char,20
4,13531,緁,Char,20
4,13532,緂,Char,20
4,13533,緃,Char,20
4,13534,緆,Char,20
4,13535,緇,Char,20
4,13536,緈,Char,20
4,13537,緉,Char,20
4,13538,緎,Char,20
4,13539,総,Char,20
4,13540,緑,Char,20
4,13541,緓,Char,20
4,13542,緔,Char,20
4,13543,緕,Char,20
4,13544,緖,Char,20
4,13545,緘,Char,20
4,13546,緙,Char,20
4,13547,緟,Char,20
4,13548,緢,Char,20
4,13549,緥,Char,20
4,13550,緧,Char,20
4,13551,緪,Char,20
4,13552,緫,Char,20
4,13553,緬,Char,20
4,13554,緭,Char,20
4,13555,緮,Char,20
4,13556,緳,Char,20
4,13557,緸,Char,20
4,13558,緽,Char,20
4,13559,緾,Char,20
4,13560,緿,Char,20
4,13561,縃,Char,20
4,13562,縄,Char,20
4,13563,縅,Char,20
4,13564,縇,Char,20
4,13565,縉,Char,20
4,13566,縊,Char,20
4,13567,縌,Char,20
4,13568,縍,Char,20
4,13569,縎,Char,20
4,13570,縏,Char,20
4,13571,縐,Char,20
4,13572,縑,Char,20
4,13573,縒,Char,20
4,13574,縓,Char,20
4,13575,縔,Char,20
4,13576,縖,Char,20
4,13577,縗,Char,20
4,13578,縘,Char,20
4,13579,縙,Char,20
4,13580,縝,Char,20
4,13581,縟,Char,20
4,13582,縤,Char,20
4,13583,縥,Char,20
4,13584,縦,Char,20
4,13585,縨,Char,20
4,13586,縬,Char,20
4,13587,縭,Char,20
4,13588,縰,Char,20
4,13589,縲,Char,20
4,13590,縳,Char,20
4,13591,縴,Char,20
4,13592,縵,Char,20
4,13593,縶,Char,20
4,13594,縸,Char,20
4,13595,縺,Char,20
4,13596,繄,Char,20
4,13597,繅,Char,20
4,13598,繈,Char,20
4,13599,繊,Char,20
4,13600,繍,Char,20
4,13601,繎,Char,20
4,13602,繏,Char,20
4,13603,繓,Char,20
4,13604,繗,Char,20
4,13605,繘,Char,20
4,13606,繛,Char,20
4,13607,繠,Char,20
4,13608,繡,Char,20
4,13609,繢,Char,20
4,13610,繥,Char,20
4,13611,繦,Char,20
4,13612,繪,Char,20
4,13613,繭,Char,20
4,13614,繮,Char,20
4,13615,繰,Char,20
4,13616,繱,Char,20
4,13617,繲,Char,20
4,13618,繵,Char,20
4,13619,繶,Char,20
4,13620,繷,Char,20
4,13621,繹,Char,20
4,13622,繽,Char,20
4,13623,繾,Char,20
4,13624,纅,Char,20
4,13625,纆,Char,20
4,13626,纇,Char,20
4,13627,纈,Char,20
4,13628,纊,Char,20
4,13629,纋,Char,20
4,13630,纎,Char,20
4,13631,纐,Char,20
4,13632,纓,Char,20
4,13633,纙,Char,20
4,13634,纚,Char,20
4,13635,纜,Char,20
4,13636,纝,Char,20
4,13637,纞,Char,20
4,13638,纟,Char,20
4,13639,纼,Char,20
4,13640,绬,Char,20
4,13641,缐,Char,20
4,13642,缹,Char,20
4,13643,缼,Char,20
4,13644,缿,Char,20
4,13645,罀,Char,20
4,13646,罉,Char,20
4,13647,罊,Char,20
4,13648,罌,Char,20
4,13649,罎,Char,20
4,13650,罏,Char,20
4,13651,罒,Char,20
4,13652,罓,Char,20
4,13653,罖,Char,20
4,13654,罛,Char,20
4,13655,罜,Char,20
4,13656,罞,Char,20
4,13657,罠,Char,20
4,13658,罤,Char,20
4,13659,罦,Char,20
4,13660,罧,Char,20
4,13661,罫,Char,20
4,13662,罬,Char,20
4,13663,罭,Char,20
4,13664,罳,Char,20
4,13665,罸,Char,20
4,13666,罺,Char,20
4,13667,罻,Char,20
4,13668,罿,Char,20
4,13669,羂,Char,20
4,13670,羃,Char,20
4,13671,羄,Char,20
4,13672,羆,Char,20
4,13673,羋,Char,20
4,13674,羍,Char,20
4,13675,羏,Char,20
4,13676,羐,Char,20
4,13677,羒,Char,20
4,13678,羓,Char,20
4,13679,羖,Char,20
4,13680,羘,Char,20
4,13681,羛,Char,20
4,13682,羢,Char,20
4,13683,羣,Char,20
4,13684,羥,Char,20
4,13685,羦,Char,20
4,13686,羨,Char,20
4,13687,羪,Char,20
4,13688,羫,Char,20
4,13689,羬,Char,20
4,13690,羱,Char,20
4,13691,羳,Char,20
4,13692,羻,Char,20
4,13693,羾,Char,20
4,13694,翄,Char,20
4,13695,翇,Char,20
4,13696,翋,Char,20
4,13697,翍,Char,20
4,13698,翏,Char,20
4,13699,翓,Char,20
4,13700,翗,Char,20
4,13701,翝,Char,20
4,13702,翞,Char,20
4,13703,翤,Char,20
4,13704,翨,Char,20
4,13705,翪,Char,20
4,13706,翲,Char,20
4,13707,翴,Char,20
4,13708,翵,Char,20
4,13709,翶,Char,20
4,13710,翷,Char,20
4,13711,翺,Char,20
4,13712,翽,Char,20
4,13713,翾,Char,20
4,13714,翿,Char,20
4,13715,耂,Char,20
4,13716,耉,Char,20
4,13717,耏,Char,20
4,13718,耓,Char,20
4,13719,耔,Char,20
4,13720,耚,Char,20
4,13721,耛,Char,20
4,13722,耝,Char,20
4,13723,耞,Char,20
4,13724,耟,Char,20
4,13725,耠,Char,20
4,13726,耣,Char,20
4,13727,耤,Char,20
4,13728,耫,Char,20
4,13729,耬,Char,20
4,13730,耭,Char,20
4,13731,耯,Char,20
4,13732,耲,Char,20
4,13733,耹,Char,20
4,13734,耺,Char,20
4,13735,耼,Char,20
4,13736,耾,Char,20
4,13737,聀,Char,20
4,13738,聁,Char,20
4,13739,聄,Char,20
4,13740,聅,Char,20
4,13741,聇,Char,20
4,13742,聈,Char,20
4,13743,聉,Char,20
4,13744,聎,Char,20
4,13745,聏,Char,20
4,13746,聐,Char,20
4,13747,聑,Char,20
4,13748,聓,Char,20
4,13749,聕,Char,20
4,13750,聗,Char,20
4,13751,聙,Char,20
4,13752,聢,Char,20
4,13753,聤,Char,20
4,13754,聥,Char,20
4,13755,聨,Char,20
4,13756,聮,Char,20
4,13757,聳,Char,20
4,13758,聼,Char,20
4,13759,肁,Char,20
4,13760,肂,Char,20
4,13761,肈,Char,20
4,13762,肎,Char,20
4,13763,肐,Char,20
4,13764,肑,Char,20
4,13765,肒,Char,20
4,13766,肔,Char,20
4,13767,肕,Char,20
4,13768,肗,Char,20
4,13769,肦,Char,20
4,13770,肨,Char,20
4,13771,肬,Char,20
4,13772,肳,Char,20
4,13773,肵,Char,20
4,13774,肶,Char,20
4,13775,肹,Char,20
4,13776,胅,Char,20
4,13777,胇,Char,20
4,13778,胈,Char,20
4,13779,胉,Char,20
4,13780,胋,Char,20
4,13781,胏,Char,20
4,13782,胐,Char,20
4,13783,胒,Char,20
4,13784,胓,Char,20
4,13785,胕,Char,20
4,13786,胘,Char,20
4,13787,胟,Char,20
4,13788,胢,Char,20
4,13789,胣,Char,20
4,13790,胦,Char,20
4,13791,胮,Char,20
4,13792,胷,Char,20
4,13793,胻,Char,20
4,13794,胿,Char,20
4,13795,脀,Char,20
4,13796,脁,Char,20
4,13797,脃,Char,20
4,13798,脄,Char,20
4,13799,脇,Char,20
4,13800,脋,Char,20
4,13801,脌,Char,20
4,13802,脠,Char,20
4,13803,脡,Char,20
4,13804,脢,Char,20
4,13805,脤,Char,20
4,13806,脥,Char,20
4,13807,脪,Char,20
4,13808,脴,Char,20
4,13809,腁,Char,20
4,13810,腅,Char,20
4,13811,腇,Char,20
4,13812,腉,Char,20
4,13813,腍,Char,20
4,13814,腏,Char,20
4,13815,腒,Char,20
4,13816,腖,Char,20
4,13817,腛,Char,20
4,13818,腜,Char,20
4,13819,腝,Char,20
4,13820,腞,Char,20
4,13821,腟,Char,20
4,13822,腡,Char,20
4,13823,腢,Char,20
4,13824,腤,Char,20
4,13825,腯,Char,20
4,13826,腲,Char,20
4,13827,腶,Char,20
4,13828,腷,Char,20
4,13829,膁,Char,20
4,13830,膃,Char,20
4,13831,膅,Char,20
4,13832,膇,Char,20
4,13833,膉,Char,20
4,13834,膌,Char,20
4,13835,膍,Char,20
4,13836,膎,Char,20
4,13837,膐,Char,20
4,13838,膒,Char,20
4,13839,膓,Char,20
4,13840,膔,Char,20
4,13841,膖,Char,20
4,13842,膙,Char,20
4,13843,膞,Char,20
4,13844,膡,Char,20
4,13845,膢,Char,20
4,13846,膣,Char,20
4,13847,膤,Char,20
4,13848,膧,Char,20
4,13849,膷,Char,20
4,13850,膸,Char,20
4,13851,膾,Char,20
4,13852,臔,Char,20
4,13853,臙,Char,20
4,13854,臝,Char,20
4,13855,臠,Char,20
4,13856,臡,Char,20
4,13857,臤,Char,20
4,13858,臦,Char,20
4,13859,臩,Char,20
4,13860,臫,Char,20
4,13861,臰,Char,20
4,13862,臱,Char,20
4,13863,臲,Char,20
4,13864,臵,Char,20
4,13865,臷,Char,20
4,13866,臸,Char,20
4,13867,臹,Char,20
4,13868,臽,Char,20
4,13869,舎,Char,20
4,13870,舏,Char,20
4,13871,舑,Char,20
4,13872,舓,Char,20
4,13873,舕,Char,20
4,13874,舗,Char,20
4,13875,舘,Char,20
4,13876,舙,Char,20
4,13877,舚,Char,20
4,13878,舝,Char,20
4,13879,舠,Char,20
4,13880,舤,Char,20
4,13881,舥,Char,20
4,13882,舧,Char,20
4,13883,舩,Char,20
4,13884,舮,Char,20
4,13885,舺,Char,20
4,13886,舼,Char,20
4,13887,舽,Char,20
4,13888,舿,Char,20
4,13889,艀,Char,20
4,13890,艃,Char,20
4,13891,艅,Char,20
4,13892,艌,Char,20
4,13893,艓,Char,20
4,13894,艔,Char,20
4,13895,艗,Char,20
4,13896,艛,Char,20
4,13897,艝,Char,20
4,13898,艠,Char,20
4,13899,艡,Char,20
4,13900,艥,Char,20
4,13901,艪,Char,20
4,13902,艬,Char,20
4,13903,艱,Char,20
4,13904,艵,Char,20
4,13905,艹,Char,20
4,13906,艻,Char,20
4,13907,芀,Char,20
4,13908,芁,Char,20
4,13909,芅,Char,20
4,13910,芆,Char,20
4,13911,芇,Char,20
4,13912,芉,Char,20
4,13913,芌,Char,20
4,13914,芐,Char,20
4,13915,芓,Char,20
4,13916,芔,Char,20
4,13917,芕,Char,20
4,13918,芚,Char,20
4,13919,芛,Char,20
4,13920,芞,Char,20
4,13921,芠,Char,20
4,13922,芢,Char,20
4,13923,芣,Char,20
4,13924,芧,Char,20
4,13925,芲,Char,20
4,13926,芶,Char,20
4,13927,芺,Char,20
4,13928,芿,Char,20
4,13929,苀,Char,20
4,13930,苂,Char,20
4,13931,苆,Char,20
4,13932,苉,Char,20
4,13933,苐,Char,20
4,13934,苖,Char,20
4,13935,苚,Char,20
4,13936,苝,Char,20
4,13937,苢,Char,20
4,13938,苨,Char,20
4,13939,苩,Char,20
4,13940,苪,Char,20
4,13941,苬,Char,20
4,13942,苭,Char,20
4,13943,苮,Char,20
4,13944,苰,Char,20
4,13945,苳,Char,20
4,13946,苵,Char,20
4,13947,苸,Char,20
4,13948,苺,Char,20
4,13949,茋,Char,20
4,13950,茒,Char,20
4,13951,茓,Char,20
4,13952,茘,Char,20
4,13953,茙,Char,20
4,13954,茟,Char,20
4,13955,茠,Char,20
4,13956,茡,Char,20
4,13957,茤,Char,20
4,13958,茥,Char,20
4,13959,茦,Char,20
4,13960,茩,Char,20
4,13961,茪,Char,20
4,13962,茮,Char,20
4,13963,茰,Char,20
4,13964,茳,Char,20
4,13965,茾,Char,20
4,13966,荁,Char,20
4,13967,荂,Char,20
4,13968,荋,Char,20
4,13969,荌,Char,20
4,13970,荍,Char,20
4,13971,荎,Char,20
4,13972,荓,Char,20
4,13973,荕,Char,20
4,13974,荗,Char,20
4,13975,荝,Char,20
4,13976,荰,Char,20
4,13977,荱,Char,20
4,13978,荲,Char,20
4,13979,荴,Char,20
4,13980,荵,Char,20
4,13981,荶,Char,20
4,13982,荹,Char,20
4,13983,荺,Char,20
4,13984,荾,Char,20
4,13985,荿,Char,20
4,13986,莀,Char,20
4,13987,莃,Char,20
4,13988,莄,Char,20
4,13989,莇,Char,20
4,13990,莈,Char,20
4,13991,莋,Char,20
4,13992,莌,Char,20
4,13993,莍,Char,20
4,13994,莏,Char,20
4,13995,莐,Char,20
4,13996,莑,Char,20
4,13997,莔,Char,20
4,13998,莗,Char,20
4,13999,莝,Char,20
4,14000,莟,Char,20
4,14001,莡,Char,20
4,14002,莣,Char,20
4,14003,莥,Char,20
4,14004,莦,Char,20
4,14005,莧,Char,20
4,14006,莬,Char,20
4,14007,莭,Char,20
4,14008,莮,Char,20
4,14009,莯,Char,20
4,14010,莰,Char,20
4,14011,菈,Char,20
4,14012,菋,Char,20
4,14013,菎,Char,20
4,14014,菗,Char,20
4,14015,菛,Char,20
4,14016,菤,Char,20
4,14017,菮,Char,20
4,14018,菶,Char,20
4,14019,菷,Char,20
4,14020,菺,Char,20
4,14021,菻,Char,20
4,14022,菼,Char,20
4,14023,菾,Char,20
4,14024,菿,Char,20
4,14025,萀,Char,20
4,14026,萂,Char,20
4,14027,萅,Char,20
4,14028,萇,Char,20
4,14029,萉,Char,20
4,14030,萐,Char,20
4,14031,萒,Char,20
4,14032,萓,Char,20
4,14033,萔,Char,20
4,14034,萕,Char,20
4,14035,萖,Char,20
4,14036,萙,Char,20
4,14037,萛,Char,20
4,14038,萞,Char,20
4,14039,萟,Char,20
4,14040,萠,Char,20
4,14041,萡,Char,20
4,14042,萣,Char,20
4,14043,萪,Char,20
4,14044,萫,Char,20
4,14045,萭,Char,20
4,14046,萮,Char,20
4,14047,萯,Char,20
4,14048,萰,Char,20
4,14049,萲,Char,20
4,14050,萳,Char,20
4,14051,萴,Char,20
4,14052,萶,Char,20
4,14053,萷,Char,20
4,14054,萹,Char,20
4,14055,萺,Char,20
4,14056,萻,Char,20
4,14057,萾,Char,20
4,14058,萿,Char,20
4,14059,葀,Char,20
4,14060,葁,Char,20
4,14061,葂,Char,20
4,14062,葃,Char,20
4,14063,葄,Char,20
4,14064,葅,Char,20
4,14065,葈,Char,20
4,14066,葊,Char,20
4,14067,葐,Char,20
4,14068,葒,Char,20
4,14069,葓,Char,20
4,14070,葕,Char,20
4,14071,葝,Char,20
4,14072,葤,Char,20
4,14073,葥,Char,20
4,14074,葧,Char,20
4,14075,葪,Char,20
4,14076,葼,Char,20
4,14077,葽,Char,20
4,14078,葿,Char,20
4,14079,蒀,Char,20
4,14080,蒅,Char,20
4,14081,蒆,Char,20
4,14082,蒊,Char,20
4,14083,蒍,Char,20
4,14084,蒎,Char,20
4,14085,蒏,Char,20
4,14086,蒒,Char,20
4,14087,蒓,Char,20
4,14088,蒔,Char,20
4,14089,蒖,Char,20
4,14090,蒚,Char,20
4,14091,蒛,Char,20
4,14092,蒝,Char,20
4,14093,蒠,Char,20
4,14094,蒢,Char,20
4,14095,蒣,Char,20
4,14096,蒤,Char,20
4,14097,蒥,Char,20
4,14098,蒦,Char,20
4,14099,蒩,Char,20
4,14100,蒫,Char,20
4,14101,蒬,Char,20
4,14102,蒮,Char,20
4,14103,蒰,Char,20
4,14104,蒱,Char,20
4,14105,蒳,Char,20
4,14106,蒵,Char,20
4,14107,蒶,Char,20
4,14108,蓀,Char,20
4,14109,蓅,Char,20
4,14110,蓈,Char,20
4,14111,蓌,Char,20
4,14112,蓎,Char,20
4,14113,蓒,Char,20
4,14114,蓘,Char,20
4,14115,蓜,Char,20
4,14116,蓢,Char,20
4,14117,蓤,Char,20
4,14118,蓩,Char,20
4,14119,蓪,Char,20
4,14120,蓫,Char,20
4,14121,蓭,Char,20
4,14122,蓲,Char,20
4,14123,蓶,Char,20
4,14124,蓹,Char,20
4,14125,蓻,Char,20
4,14126,蓽,Char,20
4,14127,蔃,Char,20
4,14128,蔅,Char,20
4,14129,蔆,Char,20
4,14130,蔇,Char,20
4,14131,蔈,Char,20
4,14132,蔉,Char,20
4,14133,蔋,Char,20
4,14134,蔍,Char,20
4,14135,蔏,Char,20
4,14136,蔐,Char,20
4,14137,蔒,Char,20
4,14138,蔕,Char,20
4,14139,蔖,Char,20
4,14140,蔛,Char,20
4,14141,蔜,Char,20
4,14142,蔝,Char,20
4,14143,蔠,Char,20
4,14144,蔢,Char,20
4,14145,蔤,Char,20
4,14146,蔧,Char,20
4,14147,蔨,Char,20
4,14148,蔩,Char,20
4,14149,蔪,Char,20
4,14150,蔭,Char,20
4,14151,蔮,Char,20
4,14152,蔰,Char,20
4,14153,蔳,Char,20
4,14154,蔵,Char,20
4,14155,蔶,Char,20
4,14156,蔹,Char,20
4,14157,蔾,Char,20
4,14158,蕀,Char,20
4,14159,蕄,Char,20
4,14160,蕆,Char,20
4,14161,蕇,Char,20
4,14162,蕍,Char,20
4,14163,蕎,Char,20
4,14164,蕏,Char,20
4,14165,蕐,Char,20
4,14166,蕑,Char,20
4,14167,蕓,Char,20
4,14168,蕔,Char,20
4,14169,蕕,Char,20
4,14170,蕠,Char,20
4,14171,蕢,Char,20
4,14172,蕥,Char,20
4,14173,蕩,Char,20
4,14174,蕪,Char,20
4,14175,蕫,Char,20
4,14176,蕬,Char,20
4,14177,蕭,Char,20
4,14178,蕮,Char,20
4,14179,蕯,Char,20
4,14180,蕱,Char,20
4,14181,蕶,Char,20
4,14182,蕸,Char,20
4,14183,蕽,Char,20
4,14184,薁,Char,20
4,14185,薈,Char,20
4,14186,薉,Char,20
4,14187,薊,Char,20
4,14188,薌,Char,20
4,14189,薍,Char,20
4,14190,薎,Char,20
4,14191,薒,Char,20
4,14192,薓,Char,20
4,14193,薕,Char,20
4,14194,薘,Char,20
4,14195,薚,Char,20
4,14196,薞,Char,20
4,14197,薟,Char,20
4,14198,薡,Char,20
4,14199,薣,Char,20
4,14200,薥,Char,20
4,14201,薧,Char,20
4,14202,薩,Char,20
4,14203,薫,Char,20
4,14204,薬,Char,20
4,14205,薱,Char,20
4,14206,薲,Char,20
4,14207,薴,Char,20
4,14208,薵,Char,20
4,14209,薶,Char,20
4,14210,薸,Char,20
4,14211,薺,Char,20
4,14212,薻,Char,20
4,14213,薼,Char,20
4,14214,薽,Char,20
4,14215,藂,Char,20
4,14216,藃,Char,20
4,14217,藄,Char,20
4,14218,藅,Char,20
4,14219,藆,Char,20
4,14220,藈,Char,20
4,14221,藊,Char,20
4,14222,藋,Char,20
4,14223,藌,Char,20
4,14224,藎,Char,20
4,14225,藒,Char,20
4,14226,藔,Char,20
4,14227,藟,Char,20
4,14228,藡,Char,20
4,14229,藪,Char,20
4,14230,藱,Char,20
4,14231,藲,Char,20
4,14232,藸,Char,20
4,14233,藹,Char,20
4,14234,藼,Char,20
4,14235,藽,Char,20
4,14236,藾,Char,20
4,14237,蘀,Char,20
4,14238,蘃,Char,20
4,14239,蘄,Char,20
4,14240,蘈,Char,20
4,14241,蘉,Char,20
4,14242,蘊,Char,20
4,14243,蘍,Char,20
4,14244,蘎,Char,20
4,14245,蘏,Char,20
4,14246,蘐,Char,20
4,14247,蘒,Char,20
4,14248,蘕,Char,20
4,14249,蘗,Char,20
4,14250,蘙,Char,20
4,14251,蘚,Char,20
4,14252,蘛,Char,20
4,14253,蘜,Char,20
4,14254,蘝,Char,20
4,14255,蘞,Char,20
4,14256,蘟,Char,20
4,14257,蘠,Char,20
4,14258,蘡,Char,20
4,14259,蘢,Char,20
4,14260,蘣,Char,20
4,14261,蘤,Char,20
4,14262,蘥,Char,20
4,14263,蘦,Char,20
4,14264,蘨,Char,20
4,14265,蘫,Char,20
4,14266,蘬,Char,20
4,14267,蘮,Char,20
4,14268,蘯,Char,20
4,14269,蘰,Char,20
4,14270,蘱,Char,20
4,14271,蘲,Char,20
4,14272,蘳,Char,20
4,14273,蘴,Char,20
4,14274,蘵,Char,20
4,14275,蘶,Char,20
4,14276,蘷,Char,20
4,14277,蘹,Char,20
4,14278,蘺,Char,20
4,14279,蘻,Char,20
4,14280,蘽,Char,20
4,14281,蘾,Char,20
4,14282,虁,Char,20
4,14283,虂,Char,20
4,14284,虄,Char,20
4,14285,虅,Char,20
4,14286,虆,Char,20
4,14287,虇,Char,20
4,14288,虉,Char,20
4,14289,虊,Char,20
4,14290,虌,Char,20
4,14291,虍,Char,20
4,14292,虓,Char,20
4,14293,虠,Char,20
4,14294,虣,Char,20
4,14295,虤,Char,20
4,14296,虥,Char,20
4,14297,虦,Char,20
4,14298,虨,Char,20
4,14299,虩,Char,20
4,14300,虪,Char,20
4,14301,虭,Char,20
4,14302,虳,Char,20
4,14303,虴,Char,20
4,14304,虶,Char,20
4,14305,虷,Char,20
4,14306,虸,Char,20
4,14307,蚃,Char,20
4,14308,蚄,Char,20
4,14309,蚅,Char,20
4,14310,蚆,Char,20
4,14311,蚇,Char,20
4,14312,蚉,Char,20
4,14313,蚎,Char,20
4,14314,蚏,Char,20
4,14315,蚐,Char,20
4,14316,蚔,Char,20
4,14317,蚗,Char,20
4,14318,蚙,Char,20
4,14319,蚚,Char,20
4,14320,蚛,Char,20
4,14321,蚞,Char,20
4,14322,蚟,Char,20
4,14323,蚠,Char,20
4,14324,蚥,Char,20
4,14325,蚦,Char,20
4,14326,蚫,Char,20
4,14327,蚭,Char,20
4,14328,蚮,Char,20
4,14329,蚲,Char,20
4,14330,蚳,Char,20
4,14331,蚷,Char,20
4,14332,蚸,Char,20
4,14333,蚹,Char,20
4,14334,蚻,Char,20
4,14335,蚼,Char,20
4,14336,蚽,Char,20
4,14337,蛁,Char,20
4,14338,蛂,Char,20
4,14339,蛃,Char,20
4,14340,蛅,Char,20
4,14341,蛈,Char,20
4,14342,蛌,Char,20
4,14343,蛍,Char,20
4,14344,蛒,Char,20
4,14345,蛓,Char,20
4,14346,蛕,Char,20
4,14347,蛗,Char,20
4,14348,蛝,Char,20
4,14349,蛠,Char,20
4,14350,蛦,Char,20
4,14351,蛧,Char,20
4,14352,蛨,Char,20
4,14353,蛪,Char,20
4,14354,蛫,Char,20
4,14355,蛵,Char,20
4,14356,蛺,Char,20
4,14357,蛼,Char,20
4,14358,蛽,Char,20
4,14359,蛿,Char,20
4,14360,蜄,Char,20
4,14361,蜅,Char,20
4,14362,蜋,Char,20
4,14363,蜖,Char,20
4,14364,蜙,Char,20
4,14365,蜛,Char,20
4,14366,蜝,Char,20
4,14367,蜟,Char,20
4,14368,蜤,Char,20
4,14369,蜦,Char,20
4,14370,蜧,Char,20
4,14371,蜬,Char,20
4,14372,蜭,Char,20
4,14373,蜯,Char,20
4,14374,蜰,Char,20
4,14375,蜲,Char,20
4,14376,蜳,Char,20
4,14377,蜵,Char,20
4,14378,蜶,Char,20
4,14379,蜹,Char,20
4,14380,蝁,Char,20
4,14381,蝂,Char,20
4,14382,蝃,Char,20
4,14383,蝅,Char,20
4,14384,蝆,Char,20
4,14385,蝊,Char,20
4,14386,蝋,Char,20
4,14387,蝏,Char,20
4,14388,蝐,Char,20
4,14389,蝒,Char,20
4,14390,蝔,Char,20
4,14391,蝖,Char,20
4,14392,蝚,Char,20
4,14393,蝛,Char,20
4,14394,蝜,Char,20
4,14395,蝞,Char,20
4,14396,蝡,Char,20
4,14397,蝢,Char,20
4,14398,蝧,Char,20
4,14399,蝩,Char,20
4,14400,蝪,Char,20
4,14401,蝫,Char,20
4,14402,蝬,Char,20
4,14403,蝭,Char,20
4,14404,蝯,Char,20
4,14405,蝱,Char,20
4,14406,蝲,Char,20
4,14407,蝳,Char,20
4,14408,蝵,Char,20
4,14409,蝷,Char,20
4,14410,螄,Char,20
4,14411,螆,Char,20
4,14412,螇,Char,20
4,14413,螉,Char,20
4,14414,螊,Char,20
4,14415,螌,Char,20
4,14416,螎,Char,20
4,14417,螏,Char,20
4,14418,螒,Char,20
4,14419,螔,Char,20
4,14420,螙,Char,20
4,14421,螛,Char,20
4,14422,螜,Char,20
4,14423,螩,Char,20
4,14424,螪,Char,20
4,14425,螮,Char,20
4,14426,螰,Char,20
4,14427,螱,Char,20
4,14428,螲,Char,20
4,14429,螴,Char,20
4,14430,螶,Char,20
4,14431,螷,Char,20
4,14432,螸,Char,20
4,14433,螹,Char,20
4,14434,螻,Char,20
4,14435,螼,Char,20
4,14436,螾,Char,20
4,14437,螿,Char,20
4,14438,蟁,Char,20
4,14439,蟃,Char,20
4,14440,蟄,Char,20
4,14441,蟇,Char,20
4,14442,蟈,Char,20
4,14443,蟉,Char,20
4,14444,蟌,Char,20
4,14445,蟍,Char,20
4,14446,蟎,Char,20
4,14447,蟏,Char,20
4,14448,蟐,Char,20
4,14449,蟔,Char,20
4,14450,蟕,Char,20
4,14451,蟖,Char,20
4,14452,蟗,Char,20
4,14453,蟘,Char,20
4,14454,蟙,Char,20
4,14455,蟚,Char,20
4,14456,蟝,Char,20
4,14457,蟞,Char,20
4,14458,蟟,Char,20
4,14459,蟡,Char,20
4,14460,蟣,Char,20
4,14461,蟤,Char,20
4,14462,蟦,Char,20
4,14463,蟩,Char,20
4,14464,蟰,Char,20
4,14465,蟱,Char,20
4,14466,蟴,Char,20
4,14467,蟵,Char,20
4,14468,蟶,Char,20
4,14469,蟷,Char,20
4,14470,蟸,Char,20
4,14471,蟺,Char,20
4,14472,蟽,Char,20
4,14473,蠀,Char,20
4,14474,蠁,Char,20
4,14475,蠂,Char,20
4,14476,蠇,Char,20
4,14477,蠉,Char,20
4,14478,蠐,Char,20
4,14479,蠑,Char,20
4,14480,蠘,Char,20
4,14481,蠞,Char,20
4,14482,蠠,Char,20
4,14483,蠤,Char,20
4,14484,蠦,Char,20
4,14485,蠧,Char,20
4,14486,蠨,Char,20
4,14487,蠫,Char,20
4,14488,蠬,Char,20
4,14489,蠮,Char,20
4,14490,蠯,Char,20
4,14491,蠰,Char,20
4,14492,蠱,Char,20
4,14493,蠳,Char,20
4,14494,蠴,Char,20
4,14495,蠵,Char,20
4,14496,蠸,Char,20
4,14497,蠺,Char,20
4,14498,蠽,Char,20
4,14499,蠿,Char,20
4,14500,衁,Char,20
4,14501,衃,Char,20
4,14502,衆,Char,20
4,14503,衇,Char,20
4,14504,衈,Char,20
4,14505,衉,Char,20
4,14506,衊,Char,20
4,14507,衎,Char,20
4,14508,衏,Char,20
4,14509,衐,Char,20
4,14510,衑,Char,20
4,14511,衚,Char,20
4,14512,衜,Char,20
4,14513,衞,Char,20
4,14514,衠,Char,20
4,14515,衤,Char,20
4,14516,衦,Char,20
4,14517,衧,Char,20
4,14518,衪,Char,20
4,14519,衭,Char,20
4,14520,衯,Char,20
4,14521,衱,Char,20
4,14522,衳,Char,20
4,14523,衴,Char,20
4,14524,衵,Char,20
4,14525,衶,Char,20
4,14526,衺,Char,20
4,14527,衻,Char,20
4,14528,袎,Char,20
4,14529,袏,Char,20
4,14530,袙,Char,20
4,14531,袡,Char,20
4,14532,袮,Char,20
4,14533,袯,Char,20
4,14534,袰,Char,20
4,14535,袲,Char,20
4,14536,袳,Char,20
4,14537,袶,Char,20
4,14538,袸,Char,20
4,14539,袹,Char,20
4,14540,袺,Char,20
4,14541,袻,Char,20
4,14542,袾,Char,20
4,14543,裃,Char,20
4,14544,裄,Char,20
4,14545,裇,Char,20
4,14546,裊,Char,20
4,14547,裌,Char,20
4,14548,裍,Char,20
4,14549,裐,Char,20
4,14550,裑,Char,20
4,14551,裖,Char,20
4,14552,裗,Char,20
4,14553,裚,Char,20
4,14554,裞,Char,20
4,14555,裠,Char,20
4,14556,裦,Char,20
4,14557,裧,Char,20
4,14558,裪,Char,20
4,14559,裫,Char,20
4,14560,裬,Char,20
4,14561,裭,Char,20
4,14562,裮,Char,20
4,14563,裵,Char,20
4,14564,裷,Char,20
4,14565,裻,Char,20
4,14566,裿,Char,20
4,14567,褀,Char,20
4,14568,褁,Char,20
4,14569,褃,Char,20
4,14570,褄,Char,20
4,14571,褅,Char,20
4,14572,褆,Char,20
4,14573,褈,Char,20
4,14574,褉,Char,20
4,14575,褍,Char,20
4,14576,褕,Char,20
4,14577,褖,Char,20
4,14578,褗,Char,20
4,14579,褘,Char,20
4,14580,褝,Char,20
4,14581,褞,Char,20
4,14582,褟,Char,20
4,14583,褢,Char,20
4,14584,褤,Char,20
4,14585,褩,Char,20
4,14586,褬,Char,20
4,14587,褭,Char,20
4,14588,褮,Char,20
4,14589,褳,Char,20
4,14590,褷,Char,20
4,14591,褺,Char,20
4,14592,褻,Char,20
4,14593,褼,Char,20
4,14594,褽,Char,20
4,14595,褾,Char,20
4,14596,褿,Char,20
4,14597,襀,Char,20
4,14598,襂,Char,20
4,14599,襃,Char,20
4,14600,襅,Char,20
4,14601,襇,Char,20
4,14602,襈,Char,20
4,14603,襉,Char,20
4,14604,襊,Char,20
4,14605,襋,Char,20
4,14606,襎,Char,20
4,14607,襏,Char,20
4,14608,襐,Char,20
4,14609,襑,Char,20
4,14610,襒,Char,20
4,14611,襓,Char,20
4,14612,襔,Char,20
4,14613,襗,Char,20
4,14614,襙,Char,20
4,14615,襚,Char,20
4,14616,襜,Char,20
4,14617,襝,Char,20
4,14618,襠,Char,20
4,14619,襡,Char,20
4,14620,襣,Char,20
4,14621,襤,Char,20
4,14622,襥,Char,20
4,14623,襧,Char,20
4,14624,襨,Char,20
4,14625,襩,Char,20
4,14626,襭,Char,20
4,14627,襮,Char,20
4,14628,襯,Char,20
4,14629,襰,Char,20
4,14630,襳,Char,20
4,14631,襴,Char,20
4,14632,襵,Char,20
4,14633,襷,Char,20
4,14634,襸,Char,20
4,14635,襹,Char,20
4,14636,襺,Char,20
4,14637,襼,Char,20
4,14638,覀,Char,20
4,14639,覄,Char,20
4,14640,覉,Char,20
4,14641,覌,Char,20
4,14642,覎,Char,20
4,14643,覑,Char,20
4,14644,覒,Char,20
4,14645,覔,Char,20
4,14646,覕,Char,20
4,14647,覘,Char,20
4,14648,覜,Char,20
4,14649,覝,Char,20
4,14650,覞,Char,20
4,14651,覡,Char,20
4,14652,覢,Char,20
4,14653,覣,Char,20
4,14654,覤,Char,20
4,14655,覦,Char,20
4,14656,覧,Char,20
4,14657,覨,Char,20
4,14658,覫,Char,20
4,14659,覬,Char,20
4,14660,覭,Char,20
4,14661,覮,Char,20
4,14662,覰,Char,20
4,14663,覱,Char,20
4,14664,覲,Char,20
4,14665,観,Char,20
4,14666,覴,Char,20
4,14667,覶,Char,20
4,14668,覷,Char,20
4,14669,覸,Char,20
4,14670,覹,Char,20
4,14671,覻,Char,20
4,14672,覼,Char,20
4,14673,覽,Char,20
4,14674,覾,Char,20
4,14675,覿,Char,20
4,14676,觃,Char,20
4,14677,觕,Char,20
4,14678,觗,Char,20
4,14679,觘,Char,20
4,14680,觙,Char,20
4,14681,觛,Char,20
4,14682,觟,Char,20
4,14683,觠,Char,20
4,14684,觡,Char,20
4,14685,觢,Char,20
4,14686,觤,Char,20
4,14687,觧,Char,20
4,14688,觨,Char,20
4,14689,觩,Char,20
4,14690,觪,Char,20
4,14691,觬,Char,20
4,14692,觮,Char,20
4,14693,觰,Char,20
4,14694,觲,Char,20
4,14695,觴,Char,20
4,14696,觵,Char,20
4,14697,觶,Char,20
4,14698,觷,Char,20
4,14699,觹,Char,20
4,14700,觺,Char,20
4,14701,觻,Char,20
4,14702,觾,Char,20
4,14703,訁,Char,20
4,14704,訍,Char,20
4,14705,訖,Char,20
4,14706,訠,Char,20
4,14707,訤,Char,20
4,14708,訥,Char,20
4,14709,訦,Char,20
4,14710,訧,Char,20
4,14711,訨,Char,20
4,14712,訩,Char,20
4,14713,訫,Char,20
4,14714,訬,Char,20
4,14715,訯,Char,20
4,14716,訰,Char,20
4,14717,訲,Char,20
4,14718,訳,Char,20
4,14719,訵,Char,20
4,14720,訶,Char,20
4,14721,訷,Char,20
4,14722,訸,Char,20
4,14723,訿,Char,20
4,14724,詁,Char,20
4,14725,詂,Char,20
4,14726,詃,Char,20
4,14727,詆,Char,20
4,14728,詉,Char,20
4,14729,詊,Char,20
4,14730,詋,Char,20
4,14731,詌,Char,20
4,14732,詍,Char,20
4,14733,詎,Char,20
4,14734,詏,Char,20
4,14735,詑,Char,20
4,14736,詓,Char,20
4,14737,詔,Char,20
4,14738,詘,Char,20
4,14739,詙,Char,20
4,14740,詚,Char,20
4,14741,詜,Char,20
4,14742,詡,Char,20
4,14743,詴,Char,20
4,14744,詶,Char,20
4,14745,詽,Char,20
4,14746,誀,Char,20
4,14747,誁,Char,20
4,14748,誂,Char,20
4,14749,誃,Char,20
4,14750,誄,Char,20
4,14751,誅,Char,20
4,14752,誆,Char,20
4,14753,誈,Char,20
4,14754,誋,Char,20
4,14755,誎,Char,20
4,14756,誏,Char,20
4,14757,誐,Char,20
4,14758,誑,Char,20
4,14759,誒,Char,20
4,14760,誔,Char,20
4,14761,誗,Char,20
4,14762,誙,Char,20
4,14763,誚,Char,20
4,14764,誛,Char,20
4,14765,誜,Char,20
4,14766,誝,Char,20
4,14767,誟,Char,20
4,14768,誢,Char,20
4,14769,誣,Char,20
4,14770,誦,Char,20
4,14771,誧,Char,20
4,14772,誨,Char,20
4,14773,誩,Char,20
4,14774,誫,Char,20
4,14775,読,Char,20
4,14776,誮,Char,20
4,14777,誯,Char,20
4,14778,誱,Char,20
4,14779,誵,Char,20
4,14780,誶,Char,20
4,14781,誷,Char,20
4,14782,誸,Char,20
4,14783,誹,Char,20
4,14784,誺,Char,20
4,14785,誼,Char,20
4,14786,諀,Char,20
4,14787,諁,Char,20
4,14788,諃,Char,20
4,14789,諅,Char,20
4,14790,諊,Char,20
4,14791,諌,Char,20
4,14792,諍,Char,20
4,14793,諎,Char,20
4,14794,諐,Char,20
4,14795,諔,Char,20
4,14796,諕,Char,20
4,14797,諗,Char,20
4,14798,諙,Char,20
4,14799,諚,Char,20
4,14800,諜,Char,20
4,14801,諞,Char,20
4,14802,諟,Char,20
4,14803,諢,Char,20
4,14804,諣,Char,20
4,14805,諤,Char,20
4,14806,諨,Char,20
4,14807,諩,Char,20
4,14808,諪,Char,20
4,14809,諫,Char,20
4,14810,諬,Char,20
4,14811,諭,Char,20
4,14812,諯,Char,20
4,14813,諰,Char,20
4,14814,諲,Char,20
4,14815,諳,Char,20
4,14816,諴,Char,20
4,14817,諵,Char,20
4,14818,諶,Char,20
4,14819,諷,Char,20
4,14820,諻,Char,20
4,14821,諼,Char,20
4,14822,諽,Char,20
4,14823,諾,Char,20
4,14824,諿,Char,20
4,14825,謁,Char,20
4,14826,謃,Char,20
4,14827,謅,Char,20
4,14828,謆,Char,20
4,14829,謈,Char,20
4,14830,謉,Char,20
4,14831,謊,Char,20
4,14832,謋,Char,20
4,14833,謌,Char,20
4,14834,謍,Char,20
4,14835,謎,Char,20
4,14836,謐,Char,20
4,14837,謑,Char,20
4,14838,謒,Char,20
4,14839,謓,Char,20
4,14840,謔,Char,20
4,14841,謕,Char,20
4,14842,謖,Char,20
4,14843,謗,Char,20
4,14844,謘,Char,20
4,14845,謙,Char,20
4,14846,謜,Char,20
4,14847,謞,Char,20
4,14848,謢,Char,20
4,14849,謣,Char,20
4,14850,謤,Char,20
4,14851,謫,Char,20
4,14852,謭,Char,20
4,14853,謮,Char,20
4,14854,謯,Char,20
4,14855,謰,Char,20
4,14856,謲,Char,20
4,14857,謳,Char,20
4,14858,謵,Char,20
4,14859,謶,Char,20
4,14860,謷,Char,20
4,14861,謻,Char,20
4,14862,謼,Char,20
4,14863,謾,Char,20
4,14864,譀,Char,20
4,14865,譂,Char,20
4,14866,譆,Char,20
4,14867,譇,Char,20
4,14868,譈,Char,20
4,14869,譊,Char,20
4,14870,譋,Char,20
4,14871,譍,Char,20
4,14872,譎,Char,20
4,14873,譏,Char,20
4,14874,譐,Char,20
4,14875,譑,Char,20
4,14876,譒,Char,20
4,14877,譕,Char,20
4,14878,譖,Char,20
4,14879,譙,Char,20
4,14880,譚,Char,20
4,14881,譛,Char,20
4,14882,譝,Char,20
4,14883,譠,Char,20
4,14884,譡,Char,20
4,14885,譣,Char,20
4,14886,譤,Char,20
4,14887,譥,Char,20
4,14888,譧,Char,20
4,14889,譨,Char,20
4,14890,譩,Char,20
4,14891,譪,Char,20
4,14892,譭,Char,20
4,14893,譮,Char,20
4,14894,譱,Char,20
4,14895,譲,Char,20
4,14896,譳,Char,20
4,14897,譴,Char,20
4,14898,譵,Char,20
4,14899,譶,Char,20
4,14900,譹,Char,20
4,14901,譺,Char,20
4,14902,譼,Char,20
4,14903,譾,Char,20
4,14904,譿,Char,20
4,14905,讁,Char,20
4,14906,讂,Char,20
4,14907,讃,Char,20
4,14908,讄,Char,20
4,14909,讅,Char,20
4,14910,讆,Char,20
4,14911,讇,Char,20
4,14912,讋,Char,20
4,14913,讎,Char,20
4,14914,讐,Char,20
4,14915,讑,Char,20
4,14916,讒,Char,20
4,14917,讔,Char,20
4,14918,讖,Char,20
4,14919,讗,Char,20
4,14920,讘,Char,20
4,14921,讠,Char,20
4,14922,讻,Char,20
4,14923,谸,Char,20
4,14924,谹,Char,20
4,14925,谺,Char,20
4,14926,谾,Char,20
4,14927,豃,Char,20
4,14928,豄,Char,20
4,14929,豅,Char,20
4,14930,豋,Char,20
4,14931,豍,Char,20
4,14932,豏,Char,20
4,14933,豑,Char,20
4,14934,豒,Char,20
4,14935,豓,Char,20
4,14936,豔,Char,20
4,14937,豖,Char,20
4,14938,豘,Char,20
4,14939,豙,Char,20
4,14940,豛,Char,20
4,14941,豜,Char,20
4,14942,豝,Char,20
4,14943,豞,Char,20
4,14944,豟,Char,20
4,14945,豣,Char,20
4,14946,豤,Char,20
4,14947,豥,Char,20
4,14948,豦,Char,20
4,14949,豩,Char,20
4,14950,豮,Char,20
4,14951,豯,Char,20
4,14952,豱,Char,20
4,14953,豲,Char,20
4,14954,豴,Char,20
4,14955,豵,Char,20
4,14956,豶,Char,20
4,14957,豸,Char,20
4,14958,豻,Char,20
4,14959,豼,Char,20
4,14960,豽,Char,20
4,14961,豾,Char,20
4,14962,豿,Char,20
4,14963,貀,Char,20
4,14964,貁,Char,20
4,14965,貃,Char,20
4,14966,貄,Char,20
4,14967,貆,Char,20
4,14968,貇,Char,20
4,14969,貈,Char,20
4,14970,貕,Char,20
4,14971,貖,Char,20
4,14972,貚,Char,20
4,14973,貜,Char,20
4,14974,貟,Char,20
4,14975,貥,Char,20
4,14976,貭,Char,20
4,14977,貰,Char,20
4,14978,貱,Char,20
4,14979,貳,Char,20
4,14980,貵,Char,20
4,14981,貶,Char,20
4,14982,貹,Char,20
4,14983,貺,Char,20
4,14984,貾,Char,20
4,14985,賃,Char,20
4,14986,賆,Char,20
4,14987,賉,Char,20
4,14988,賋,Char,20
4,14989,賌,Char,20
4,14990,賍,Char,20
4,14991,賎,Char,20
4,14992,賏,Char,20
4,14993,賐,Char,20
4,14994,賑,Char,20
4,14995,賒,Char,20
4,14996,賔,Char,20
4,14997,賕,Char,20
4,14998,賖,Char,20
4,14999,賗,Char,20
4,15000,賘,Char,20
4,15001,賙,Char,20
4,15002,賛,Char,20
4,15003,賝,Char,20
4,15004,賟,Char,20
4,15005,賠,Char,20
4,15006,賤,Char,20
4,15007,賥,Char,20
4,15008,賧,Char,20
4,15009,賩,Char,20
4,15010,賫,Char,20
4,15011,賬,Char,20
4,15012,賭,Char,20
4,15013,賵,Char,20
4,15014,賶,Char,20
4,15015,賻,Char,20
4,15016,賽,Char,20
4,15017,賾,Char,20
4,15018,賿,Char,20
4,15019,贃,Char,20
4,15020,贍,Char,20
4,15021,贎,Char,20
4,15022,贐,Char,20
4,15023,贑,Char,20
4,15024,贒,Char,20
4,15025,贓,Char,20
4,15026,贔,Char,20
4,15027,贕,Char,20
4,15028,贖,Char,20
4,15029,贗,Char,20
4,15030,贘,Char,20
4,15031,贙,Char,20
4,15032,贚,Char,20
4,15033,贛,Char,20
4,15034,贜,Char,20
4,15035,赥,Char,20
4,15036,赨,Char,20
4,15037,赩,Char,20
4,15038,赬,Char,20
4,15039,赮,Char,20
4,15040,赯,Char,20
4,15041,赱,Char,20
4,15042,赸,Char,20
4,15043,赺,Char,20
4,15044,赻,Char,20
4,15045,赼,Char,20
4,15046,赾,Char,20
4,15047,赿,Char,20
4,15048,趀,Char,20
4,15049,趂,Char,20
4,15050,趃,Char,20
4,15051,趆,Char,20
4,15052,趇,Char,20
4,15053,趈,Char,20
4,15054,趉,Char,20
4,15055,趍,Char,20
4,15056,趎,Char,20
4,15057,趏,Char,20
4,15058,趐,Char,20
4,15059,趒,Char,20
4,15060,趓,Char,20
4,15061,趖,Char,20
4,15062,趗,Char,20
4,15063,趘,Char,20
4,15064,趚,Char,20
4,15065,趛,Char,20
4,15066,趜,Char,20
4,15067,趞,Char,20
4,15068,趠,Char,20
4,15069,趢,Char,20
4,15070,趫,Char,20
4,15071,趭,Char,20
4,15072,趲,Char,20
4,15073,趻,Char,20
4,15074,跀,Char,20
4,15075,跇,Char,20
4,15076,跕,Char,20
4,15077,跙,Char,20
4,15078,跜,Char,20
4,15079,跠,Char,20
4,15080,跢,Char,20
4,15081,跥,Char,20
4,15082,跦,Char,20
4,15083,跧,Char,20
4,15084,跩,Char,20
4,15085,跭,Char,20
4,15086,跮,Char,20
4,15087,跲,Char,20
4,15088,跴,Char,20
4,15089,跿,Char,20
4,15090,踁,Char,20
4,15091,踂,Char,20
4,15092,踇,Char,20
4,15093,踈,Char,20
4,15094,踋,Char,20
4,15095,踍,Char,20
4,15096,踎,Char,20
4,15097,踑,Char,20
4,15098,踒,Char,20
4,15099,踓,Char,20
4,15100,踕,Char,20
4,15101,踗,Char,20
4,15102,踙,Char,20
4,15103,踚,Char,20
4,15104,踛,Char,20
4,15105,踜,Char,20
4,15106,踠,Char,20
4,15107,踤,Char,20
4,15108,踭,Char,20
4,15109,踲,Char,20
4,15110,踳,Char,20
4,15111,踶,Char,20
4,15112,踷,Char,20
4,15113,踻,Char,20
4,15114,踼,Char,20
4,15115,踾,Char,20
4,15116,踿,Char,20
4,15117,蹃,Char,20
4,15118,蹍,Char,20
4,15119,蹏,Char,20
4,15120,蹕,Char,20
4,15121,蹗,Char,20
4,15122,蹘,Char,20
4,15123,蹛,Char,20
4,15124,蹜,Char,20
4,15125,蹝,Char,20
4,15126,蹢,Char,20
4,15127,蹥,Char,20
4,15128,蹪,Char,20
4,15129,蹫,Char,20
4,15130,蹮,Char,20
4,15131,蹵,Char,20
4,15132,蹸,Char,20
4,15133,蹺,Char,20
4,15134,躀,Char,20
4,15135,躂,Char,20
4,15136,躃,Char,20
4,15137,躆,Char,20
4,15138,躈,Char,20
4,15139,躊,Char,20
4,15140,躋,Char,20
4,15141,躌,Char,20
4,15142,躎,Char,20
4,15143,躑,Char,20
4,15144,躓,Char,20
4,15145,躕,Char,20
4,15146,躖,Char,20
4,15147,躗,Char,20
4,15148,躙,Char,20
4,15149,躚,Char,20
4,15150,躝,Char,20
4,15151,躟,Char,20
4,15152,躠,Char,20
4,15153,躡,Char,20
4,15154,躢,Char,20
4,15155,躣,Char,20
4,15156,躤,Char,20
4,15157,躥,Char,20
4,15158,躧,Char,20
4,15159,躨,Char,20
4,15160,躪,Char,20
4,15161,躮,Char,20
4,15162,躰,Char,20
4,15163,躳,Char,20
4,15164,躴,Char,20
4,15165,躵,Char,20
4,15166,躷,Char,20
4,15167,躸,Char,20
4,15168,躹,Char,20
4,15169,躽,Char,20
4,15170,躾,Char,20
4,15171,軁,Char,20
4,15172,軂,Char,20
4,15173,軄,Char,20
4,15174,軋,Char,20
4,15175,軑,Char,20
4,15176,軕,Char,20
4,15177,軖,Char,20
4,15178,軗,Char,20
4,15179,軚,Char,20
4,15180,軜,Char,20
4,15181,軝,Char,20
4,15182,軞,Char,20
4,15183,軤,Char,20
4,15184,軥,Char,20
4,15185,軦,Char,20
4,15186,軨,Char,20
4,15187,軩,Char,20
4,15188,軪,Char,20
4,15189,軫,Char,20
4,15190,軭,Char,20
4,15191,軮,Char,20
4,15192,軯,Char,20
4,15193,軰,Char,20
4,15194,軱,Char,20
4,15195,軲,Char,20
4,15196,軳,Char,20
4,15197,軴,Char,20
4,15198,軵,Char,20
4,15199,軶,Char,20
4,15200,軹,Char,20
4,15201,軺,Char,20
4,15202,軼,Char,20
4,15203,軽,Char,20
4,15204,軾,Char,20
4,15205,輁,Char,20
4,15206,輄,Char,20
4,15207,輅,Char,20
4,15208,輆,Char,20
4,15209,輇,Char,20
4,15210,輊,Char,20
4,15211,輌,Char,20
4,15212,輍,Char,20
4,15213,輎,Char,20
4,15214,輏,Char,20
4,15215,輑,Char,20
4,15216,輙,Char,20
4,15217,輚,Char,20
4,15218,輛,Char,20
4,15219,輜,Char,20
4,15220,輞,Char,20
4,15221,輟,Char,20
4,15222,輠,Char,20
4,15223,輡,Char,20
4,15224,輢,Char,20
4,15225,輣,Char,20
4,15226,輤,Char,20
4,15227,輫,Char,20
4,15228,輬,Char,20
4,15229,輭,Char,20
4,15230,輮,Char,20
4,15231,輯,Char,20
4,15232,輱,Char,20
4,15233,輲,Char,20
4,15234,輷,Char,20
4,15235,輹,Char,20
4,15236,輺,Char,20
4,15237,輼,Char,20
4,15238,轀,Char,20
4,15239,轁,Char,20
4,15240,轃,Char,20
4,15241,轄,Char,20
4,15242,轅,Char,20
4,15243,轆,Char,20
4,15244,轈,Char,20
4,15245,轊,Char,20
4,15246,轌,Char,20
4,15247,轍,Char,20
4,15248,轏,Char,20
4,15249,轐,Char,20
4,15250,轑,Char,20
4,15251,轒,Char,20
4,15252,轔,Char,20
4,15253,轖,Char,20
4,15254,轙,Char,20
4,15255,轚,Char,20
4,15256,轛,Char,20
4,15257,轜,Char,20
4,15258,轞,Char,20
4,15259,轠,Char,20
4,15260,轡,Char,20
4,15261,轢,Char,20
4,15262,轣,Char,20
4,15263,轤,Char,20
4,15264,辝,Char,20
4,15265,辠,Char,20
4,15266,辡,Char,20
4,15267,辤,Char,20
4,15268,辥,Char,20
4,15269,辧,Char,20
4,15270,辪,Char,20
4,15271,辬,Char,20
4,15272,辮,Char,20
4,15273,辳,Char,20
4,15274,辴,Char,20
4,15275,辶,Char,20
4,15276,辷,Char,20
4,15277,辸,Char,20
4,15278,辺,Char,20
4,15279,辿,Char,20
4,15280,迀,Char,20
4,15281,迃,Char,20
4,15282,迉,Char,20
4,15283,迊,Char,20
4,15284,迌,Char,20
4,15285,迖,Char,20
4,15286,迗,Char,20
4,15287,迚,Char,20
4,15288,迠,Char,20
4,15289,迡,Char,20
4,15290,迣,Char,20
4,15291,迧,Char,20
4,15292,迬,Char,20
4,15293,迱,Char,20
4,15294,迲,Char,20
4,15295,迵,Char,20
4,15296,迶,Char,20
4,15297,迼,Char,20
4,15298,迾,Char,20
4,15299,迿,Char,20
4,15300,逈,Char,20
4,15301,逎,Char,20
4,15302,逘,Char,20
4,15303,逜,Char,20
4,15304,逥,Char,20
4,15305,逧,Char,20
4,15306,逨,Char,20
4,15307,逩,Char,20
4,15308,逪,Char,20
4,15309,逫,Char,20
4,15310,逬,Char,20
4,15311,逰,Char,20
4,15312,逳,Char,20
4,15313,逴,Char,20
4,15314,逹,Char,20
4,15315,逺,Char,20
4,15316,逽,Char,20
4,15317,遀,Char,20
4,15318,遃,Char,20
4,15319,遅,Char,20
4,15320,遉,Char,20
4,15321,遌,Char,20
4,15322,遖,Char,20
4,15323,遚,Char,20
4,15324,遟,Char,20
4,15325,遤,Char,20
4,15326,遦,Char,20
4,15327,遧,Char,20
4,15328,遪,Char,20
4,15329,遫,Char,20
4,15330,遬,Char,20
4,15331,遰,Char,20
4,15332,遱,Char,20
4,15333,遳,Char,20
4,15334,遻,Char,20
4,15335,遼,Char,20
4,15336,遾,Char,20
4,15337,邍,Char,20
4,15338,邎,Char,20
4,15339,邐,Char,20
4,15340,邒,Char,20
4,15341,邖,Char,20
4,15342,邚,Char,20
4,15343,邜,Char,20
4,15344,邞,Char,20
4,15345,邟,Char,20
4,15346,邤,Char,20
4,15347,邧,Char,20
4,15348,邩,Char,20
4,15349,邭,Char,20
4,15350,邷,Char,20
4,15351,郂,Char,20
4,15352,郆,Char,20
4,15353,郉,Char,20
4,15354,郌,Char,20
4,15355,郍,Char,20
4,15356,郒,Char,20
4,15357,郔,Char,20
4,15358,郖,Char,20
4,15359,郚,Char,20
4,15360,郠,Char,20
4,15361,郣,Char,20
4,15362,郥,Char,20
4,15363,郩,Char,20
4,15364,郬,Char,20
4,15365,郮,Char,20
4,15366,郰,Char,20
4,15367,郱,Char,20
4,15368,郲,Char,20
4,15369,郳,Char,20
4,15370,郶,Char,20
4,15371,郷,Char,20
4,15372,郹,Char,20
4,15373,郺,Char,20
4,15374,郻,Char,20
4,15375,郼,Char,20
4,15376,鄀,Char,20
4,15377,鄁,Char,20
4,15378,鄃,Char,20
4,15379,鄅,Char,20
4,15380,鄆,Char,20
4,15381,鄇,Char,20
4,15382,鄈,Char,20
4,15383,鄊,Char,20
4,15384,鄋,Char,20
4,15385,鄌,Char,20
4,15386,鄎,Char,20
4,15387,鄏,Char,20
4,15388,鄐,Char,20
4,15389,鄒,Char,20
4,15390,鄓,Char,20
4,15391,鄔,Char,20
4,15392,鄕,Char,20
4,15393,鄖,Char,20
4,15394,鄝,Char,20
4,15395,鄥,Char,20
4,15396,鄨,Char,20
4,15397,鄪,Char,20
4,15398,鄭,Char,20
4,15399,鄲,Char,20
4,15400,鄴,Char,20
4,15401,鄵,Char,20
4,15402,鄸,Char,20
4,15403,鄻,Char,20
4,15404,鄼,Char,20
4,15405,鄾,Char,20
4,15406,酄,Char,20
4,15407,酅,Char,20
4,15408,酈,Char,20
4,15409,酏,Char,20
4,15410,酑,Char,20
4,15411,酓,Char,20
4,15412,酔,Char,20
4,15413,酕,Char,20
4,15414,酘,Char,20
4,15415,酙,Char,20
4,15416,酛,Char,20
4,15417,酜,Char,20
4,15418,酟,Char,20
4,15419,酠,Char,20
4,15420,酧,Char,20
4,15421,酫,Char,20
4,15422,酭,Char,20
4,15423,酻,Char,20
4,15424,醀,Char,20
4,15425,醂,Char,20
4,15426,醈,Char,20
4,15427,醏,Char,20
4,15428,醓,Char,20
4,15429,醔,Char,20
4,15430,醗,Char,20
4,15431,醘,Char,20
4,15432,醙,Char,20
4,15433,醝,Char,20
4,15434,醟,Char,20
4,15435,醠,Char,20
4,15436,醤,Char,20
4,15437,醦,Char,20
4,15438,醧,Char,20
4,15439,醩,Char,20
4,15440,醬,Char,20
4,15441,醳,Char,20
4,15442,醶,Char,20
4,15443,醷,Char,20
4,15444,醸,Char,20
4,15445,醹,Char,20
4,15446,釁,Char,20
4,15447,釂,Char,20
4,15448,釃,Char,20
4,15449,釄,Char,20
4,15450,釅,Char,20
4,15451,釈,Char,20
4,15452,釒,Char,20
4,15453,釓,Char,20
4,15454,釕,Char,20
4,15455,釖,Char,20
4,15456,釗,Char,20
4,15457,釚,Char,20
4,15458,釞,Char,20
4,15459,釧,Char,20
4,15460,釨,Char,20
4,15461,釩,Char,20
4,15462,釫,Char,20
4,15463,釬,Char,20
4,15464,釮,Char,20
4,15465,釯,Char,20
4,15466,釰,Char,20
4,15467,釲,Char,20
4,15468,釳,Char,20
4,15469,釴,Char,20
4,15470,釵,Char,20
4,15471,釶,Char,20
4,15472,釷,Char,20
4,15473,釸,Char,20
4,15474,釹,Char,20
4,15475,釺,Char,20
4,15476,釻,Char,20
4,15477,釼,Char,20
4,15478,釽,Char,20
4,15479,釾,Char,20
4,15480,鈀,Char,20
4,15481,鈁,Char,20
4,15482,鈃,Char,20
4,15483,鈄,Char,20
4,15484,鈅,Char,20
4,15485,鈈,Char,20
4,15486,鈊,Char,20
4,15487,鈋,Char,20
4,15488,鈌,Char,20
4,15489,鈎,Char,20
4,15490,鈏,Char,20
4,15491,鈐,Char,20
4,15492,鈑,Char,20
4,15493,鈒,Char,20
4,15494,鈓,Char,20
4,15495,鈔,Char,20
4,15496,鈗,Char,20
4,15497,鈘,Char,20
4,15498,鈚,Char,20
4,15499,鈛,Char,20
4,15500,鈜,Char,20
4,15501,鈝,Char,20
4,15502,鈞,Char,20
4,15503,鈟,Char,20
4,15504,鈠,Char,20
4,15505,鈢,Char,20
4,15506,鈥,Char,20
4,15507,鈫,Char,20
4,15508,鈬,Char,20
4,15509,鈭,Char,20
4,15510,鈮,Char,20
4,15511,鈯,Char,20
4,15512,鈲,Char,20
4,15513,鈳,Char,20
4,15514,鈷,Char,20
4,15515,鈹,Char,20
4,15516,鈻,Char,20
4,15517,鈼,Char,20
4,15518,鉆,Char,20
4,15519,鉇,Char,20
4,15520,鉈,Char,20
4,15521,鉉,Char,20
4,15522,鉊,Char,20
4,15523,鉋,Char,20
4,15524,鉌,Char,20
4,15525,鉎,Char,20
4,15526,鉑,Char,20
4,15527,鉒,Char,20
4,15528,鉓,Char,20
4,15529,鉕,Char,20
4,15530,鉖,Char,20
4,15531,鉗,Char,20
4,15532,鉘,Char,20
4,15533,鉙,Char,20
4,15534,鉚,Char,20
4,15535,鉜,Char,20
4,15536,鉝,Char,20
4,15537,鉞,Char,20
4,15538,鉟,Char,20
4,15539,鉠,Char,20
4,15540,鉡,Char,20
4,15541,鉢,Char,20
4,15542,鉣,Char,20
4,15543,鉥,Char,20
4,15544,鉦,Char,20
4,15545,鉧,Char,20
4,15546,鉨,Char,20
4,15547,鉩,Char,20
4,15548,鉪,Char,20
4,15549,鉫,Char,20
4,15550,鉬,Char,20
4,15551,鉭,Char,20
4,15552,鉮,Char,20
4,15553,鉯,Char,20
4,15554,鉰,Char,20
4,15555,鉱,Char,20
4,15556,鉲,Char,20
4,15557,鉳,Char,20
4,15558,鉵,Char,20
4,15559,鉶,Char,20
4,15560,鉷,Char,20
4,15561,鉸,Char,20
4,15562,鉹,Char,20
4,15563,鉺,Char,20
4,15564,鉻,Char,20
4,15565,鉾,Char,20
4,15566,鉿,Char,20
4,15567,銁,Char,20
4,15568,銂,Char,20
4,15569,銃,Char,20
4,15570,銄,Char,20
4,15571,銆,Char,20
4,15572,銇,Char,20
4,15573,銈,Char,20
4,15574,銉,Char,20
4,15575,銋,Char,20
4,15576,銍,Char,20
4,15577,銏,Char,20
4,15578,銐,Char,20
4,15579,銔,Char,20
4,15580,銕,Char,20
4,15581,銖,Char,20
4,15582,銗,Char,20
4,15583,銚,Char,20
4,15584,銛,Char,20
4,15585,銞,Char,20
4,15586,銟,Char,20
4,15587,銠,Char,20
4,15588,銡,Char,20
4,15589,銢,Char,20
4,15590,銣,Char,20
4,15591,銤,Char,20
4,15592,銥,Char,20
4,15593,銨,Char,20
4,15594,銩,Char,20
4,15595,銪,Char,20
4,15596,銬,Char,20
4,15597,銭,Char,20
4,15598,銯,Char,20
4,15599,銰,Char,20
4,15600,銱,Char,20
4,15601,銴,Char,20
4,15602,銵,Char,20
4,15603,銸,Char,20
4,15604,銹,Char,20
4,15605,銺,Char,20
4,15606,銻,Char,20
4,15607,銼,Char,20
4,15608,銽,Char,20
4,15609,銾,Char,20
4,15610,銿,Char,20
4,15611,鋀,Char,20
4,15612,鋁,Char,20
4,15613,鋃,Char,20
4,15614,鋄,Char,20
4,15615,鋉,Char,20
4,15616,鋌,Char,20
4,15617,鋍,Char,20
4,15618,鋏,Char,20
4,15619,鋑,Char,20
4,15620,鋓,Char,20
4,15621,鋔,Char,20
4,15622,鋖,Char,20
4,15623,鋗,Char,20
4,15624,鋘,Char,20
4,15625,鋙,Char,20
4,15626,鋚,Char,20
4,15627,鋛,Char,20
4,15628,鋜,Char,20
4,15629,鋝,Char,20
4,15630,鋞,Char,20
4,15631,鋟,Char,20
4,15632,鋠,Char,20
4,15633,鋡,Char,20
4,15634,鋢,Char,20
4,15635,鋣,Char,20
4,15636,鋥,Char,20
4,15637,鋦,Char,20
4,15638,鋧,Char,20
4,15639,鋨,Char,20
4,15640,鋩,Char,20
4,15641,鋮,Char,20
4,15642,鋯,Char,20
4,15643,鋱,Char,20
4,15644,鋲,Char,20
4,15645,鋳,Char,20
4,15646,鋴,Char,20
4,15647,鋶,Char,20
4,15648,鋽,Char,20
4,15649,鋿,Char,20
4,15650,錀,Char,20
4,15651,錁,Char,20
4,15652,錂,Char,20
4,15653,錅,Char,20
4,15654,錇,Char,20
4,15655,錉,Char,20
4,15656,錊,Char,20
4,15657,錌,Char,20
4,15658,錍,Char,20
4,15659,錎,Char,20
4,15660,錑,Char,20
4,15661,錒,Char,20
4,15662,錓,Char,20
4,15663,錔,Char,20
4,15664,錕,Char,20
4,15665,錖,Char,20
4,15666,錘,Char,20
4,15667,錙,Char,20
4,15668,錚,Char,20
4,15669,錛,Char,20
4,15670,錜,Char,20
4,15671,錝,Char,20
4,15672,錟,Char,20
4,15673,錡,Char,20
4,15674,錤,Char,20
4,15675,錩,Char,20
4,15676,錪,Char,20
4,15677,錬,Char,20
4,15678,錭,Char,20
4,15679,錮,Char,20
4,15680,錰,Char,20
4,15681,錱,Char,20
4,15682,錳,Char,20
4,15683,錴,Char,20
4,15684,錵,Char,20
4,15685,錶,Char,20
4,15686,錷,Char,20
4,15687,錸,Char,20
4,15688,錹,Char,20
4,15689,錺,Char,20
4,15690,錻,Char,20
4,15691,錼,Char,20
4,15692,錽,Char,20
4,15693,錿,Char,20
4,15694,鍀,Char,20
4,15695,鍁,Char,20
4,15696,鍂,Char,20
4,15697,鍃,Char,20
4,15698,鍄,Char,20
4,15699,鍅,Char,20
4,15700,鍆,Char,20
4,15701,鍇,Char,20
4,15702,鍈,Char,20
4,15703,鍉,Char,20
4,15704,鍌,Char,20
4,15705,鍒,Char,20
4,15706,鍕,Char,20
4,15707,鍖,Char,20
4,15708,鍗,Char,20
4,15709,鍘,Char,20
4,15710,鍙,Char,20
4,15711,鍜,Char,20
4,15712,鍝,Char,20
4,15713,鍞,Char,20
4,15714,鍠,Char,20
4,15715,鍡,Char,20
4,15716,鍢,Char,20
4,15717,鍣,Char,20
4,15718,鍨,Char,20
4,15719,鍫,Char,20
4,15720,鍭,Char,20
4,15721,鍯,Char,20
4,15722,鍰,Char,20
4,15723,鍲,Char,20
4,15724,鍴,Char,20
4,15725,鍶,Char,20
4,15726,鍷,Char,20
4,15727,鍹,Char,20
4,15728,鍺,Char,20
4,15729,鍻,Char,20
4,15730,鍽,Char,20
4,15731,鍾,Char,20
4,15732,鍿,Char,20
4,15733,鎀,Char,20
4,15734,鎁,Char,20
4,15735,鎂,Char,20
4,15736,鎃,Char,20
4,15737,鎄,Char,20
4,15738,鎅,Char,20
4,15739,鎆,Char,20
4,15740,鎈,Char,20
4,15741,鎉,Char,20
4,15742,鎊,Char,20
4,15743,鎎,Char,20
4,15744,鎐,Char,20
4,15745,鎑,Char,20
4,15746,鎒,Char,20
4,15747,鎓,Char,20
4,15748,鎕,Char,20
4,15749,鎙,Char,20
4,15750,鎛,Char,20
4,15751,鎜,Char,20
4,15752,鎞,Char,20
4,15753,鎟,Char,20
4,15754,鎠,Char,20
4,15755,鎡,Char,20
4,15756,鎢,Char,20
4,15757,鎣,Char,20
4,15758,鎤,Char,20
4,15759,鎥,Char,20
4,15760,鎦,Char,20
4,15761,鎧,Char,20
4,15762,鎨,Char,20
4,15763,鎩,Char,20
4,15764,鎫,Char,20
4,15765,鎬,Char,20
4,15766,鎱,Char,20
4,15767,鎳,Char,20
4,15768,鎵,Char,20
4,15769,鎶,Char,20
4,15770,鎷,Char,20
4,15771,鎹,Char,20
4,15772,鎺,Char,20
4,15773,鎻,Char,20
4,15774,鎼,Char,20
4,15775,鎽,Char,20
4,15776,鎾,Char,20
4,15777,鎿,Char,20
4,15778,鏀,Char,20
4,15779,鏃,Char,20
4,15780,鏄,Char,20
4,15781,鏅,Char,20
4,15782,鏇,Char,20
4,15783,鏋,Char,20
4,15784,鏌,Char,20
4,15785,鏎,Char,20
4,15786,鏑,Char,20
4,15787,鏒,Char,20
4,15788,鏓,Char,20
4,15789,鏔,Char,20
4,15790,鏗,Char,20
4,15791,鏙,Char,20
4,15792,鏚,Char,20
4,15793,鏛,Char,20
4,15794,鏜,Char,20
4,15795,鏝,Char,20
4,15796,鏞,Char,20
4,15797,鏠,Char,20
4,15798,鏣,Char,20
4,15799,鏥,Char,20
4,15800,鏧,Char,20
4,15801,鏨,Char,20
4,15802,鏩,Char,20
4,15803,鏪,Char,20
4,15804,鏫,Char,20
4,15805,鏬,Char,20
4,15806,鏮,Char,20
4,15807,鏯,Char,20
4,15808,鏲,Char,20
4,15809,鏳,Char,20
4,15810,鏴,Char,20
4,15811,鏵,Char,20
4,15812,鏶,Char,20
4,15813,鏷,Char,20
4,15814,鏹,Char,20
4,15815,鏺,Char,20
4,15816,鏼,Char,20
4,15817,鏾,Char,20
4,15818,鐀,Char,20
4,15819,鐁,Char,20
4,15820,鐂,Char,20
4,15821,鐃,Char,20
4,15822,鐅,Char,20
4,15823,鐆,Char,20
4,15824,鐈,Char,20
4,15825,鐉,Char,20
4,15826,鐊,Char,20
4,15827,鐋,Char,20
4,15828,鐌,Char,20
4,15829,鐒,Char,20
4,15830,鐔,Char,20
4,15831,鐕,Char,20
4,15832,鐗,Char,20
4,15833,鐙,Char,20
4,15834,鐚,Char,20
4,15835,鐛,Char,20
4,15836,鐜,Char,20
4,15837,鐝,Char,20
4,15838,鐞,Char,20
4,15839,鐟,Char,20
4,15840,鐠,Char,20
4,15841,鐡,Char,20
4,15842,鐢,Char,20
4,15843,鐥,Char,20
4,15844,鐦,Char,20
4,15845,鐪,Char,20
4,15846,鐫,Char,20
4,15847,鐭,Char,20
4,15848,鐯,Char,20
4,15849,鐱,Char,20
4,15850,鐶,Char,20
4,15851,鐸,Char,20
4,15852,鐹,Char,20
4,15853,鐺,Char,20
4,15854,鐼,Char,20
4,15855,鐽,Char,20
4,15856,鑁,Char,20
4,15857,鑂,Char,20
4,15858,鑃,Char,20
4,15859,鑅,Char,20
4,15860,鑆,Char,20
4,15861,鑇,Char,20
4,15862,鑈,Char,20
4,15863,鑉,Char,20
4,15864,鑋,Char,20
4,15865,鑌,Char,20
4,15866,鑍,Char,20
4,15867,鑎,Char,20
4,15868,鑏,Char,20
4,15869,鑐,Char,20
4,15870,鑒,Char,20
4,15871,鑓,Char,20
4,15872,鑔,Char,20
4,15873,鑖,Char,20
4,15874,鑗,Char,20
4,15875,鑙,Char,20
4,15876,鑚,Char,20
4,15877,鑜,Char,20
4,15878,鑝,Char,20
4,15879,鑞,Char,20
4,15880,鑠,Char,20
4,15881,鑡,Char,20
4,15882,鑤,Char,20
4,15883,鑥,Char,20
4,15884,鑦,Char,20
4,15885,鑧,Char,20
4,15886,鑩,Char,20
4,15887,鑬,Char,20
4,15888,鑭,Char,20
4,15889,鑯,Char,20
4,15890,鑳,Char,20
4,15891,鑶,Char,20
4,15892,鑸,Char,20
4,15893,鑹,Char,20
4,15894,鑺,Char,20
4,15895,鑻,Char,20
4,15896,鑼,Char,20
4,15897,钀,Char,20
4,15898,钂,Char,20
4,15899,钄,Char,20
4,15900,铇,Char,20
4,15901,铘,Char,20
4,15902,铴,Char,20
4,15903,锠,Char,20
4,15904,镋,Char,20
4,15905,镸,Char,20
4,15906,镹,Char,20
4,15907,镺,Char,20
4,15908,镼,Char,20
4,15909,镽,Char,20
4,15910,镾,Char,20
4,15911,閁,Char,20
4,15912,閂,Char,20
4,15913,閄,Char,20
4,15914,閅,Char,20
4,15915,閆,Char,20
4,15916,閇,Char,20
4,15917,閈,Char,20
4,15918,閊,Char,20
4,15919,閌,Char,20
4,15920,閍,Char,20
4,15921,閎,Char,20
4,15922,閐,Char,20
4,15923,閕,Char,20
4,15924,閖,Char,20
4,15925,閘,Char,20
4,15926,閙,Char,20
4,15927,閚,Char,20
4,15928,閜,Char,20
4,15929,閝,Char,20
4,15930,閞,Char,20
4,15931,閠,Char,20
4,15932,閡,Char,20
4,15933,閥,Char,20
4,15934,閦,Char,20
4,15935,閨,Char,20
4,15936,閩,Char,20
4,15937,閪,Char,20
4,15938,閫,Char,20
4,15939,閲,Char,20
4,15940,閵,Char,20
4,15941,閸,Char,20
4,15942,閼,Char,20
4,15943,闁,Char,20
4,15944,闂,Char,20
4,15945,闈,Char,20
4,15946,闋,Char,20
4,15947,闎,Char,20
4,15948,闏,Char,20
4,15949,闐,Char,20
4,15950,闑,Char,20
4,15951,闓,Char,20
4,15952,闔,Char,20
4,15953,闖,Char,20
4,15954,闗,Char,20
4,15955,闘,Char,20
4,15956,闙,Char,20
4,15957,闝,Char,20
4,15958,闞,Char,20
4,15959,闠,Char,20
4,15960,闣,Char,20
4,15961,闤,Char,20
4,15962,闥,Char,20
4,15963,闦,Char,20
4,15964,闧,Char,20
4,15965,闬,Char,20
4,15966,阝,Char,20
4,15967,阞,Char,20
4,15968,阠,Char,20
4,15969,阣,Char,20
4,15970,阥,Char,20
4,15971,阦,Char,20
4,15972,阧,Char,20
4,15973,阩,Char,20
4,15974,阫,Char,20
4,15975,阬,Char,20
4,15976,阭,Char,20
4,15977,阰,Char,20
4,15978,阷,Char,20
4,15979,阹,Char,20
4,15980,阺,Char,20
4,15981,阾,Char,20
4,15982,陃,Char,20
4,15983,陊,Char,20
4,15984,陎,Char,20
4,15985,陏,Char,20
4,15986,陑,Char,20
4,15987,陒,Char,20
4,15988,陓,Char,20
4,15989,陖,Char,20
4,15990,陘,Char,20
4,15991,陚,Char,20
4,15992,陥,Char,20
4,15993,陦,Char,20
4,15994,陫,Char,20
4,15995,陭,Char,20
4,15996,陯,Char,20
4,15997,陱,Char,20
4,15998,陹,Char,20
4,15999,険,Char,20
4,16000,陾,Char,20
4,16001,陿,Char,20
4,16002,隀,Char,20
4,16003,隁,Char,20
4,16004,隇,Char,20
4,16005,隉,Char,20
4,16006,隌,Char,20
4,16007,隑,Char,20
4,16008,隒,Char,20
4,16009,隓,Char,20
4,16010,隕,Char,20
4,16011,隖,Char,20
4,16012,隚,Char,20
4,16013,隞,Char,20
4,16014,隟,Char,20
4,16015,隠,Char,20
4,16016,隡,Char,20
4,16017,隢,Char,20
4,16018,隫,Char,20
4,16019,隬,Char,20
4,16020,隭,Char,20
4,16021,隮,Char,20
4,16022,隯,Char,20
4,16023,隴,Char,20
4,16024,隵,Char,20
4,16025,隷,Char,20
4,16026,隿,Char,20
4,16027,雂,Char,20
4,16028,雃,Char,20
4,16029,雈,Char,20
4,16030,雐,Char,20
4,16031,雓,Char,20
4,16032,雗,Char,20
4,16033,雛,Char,20
4,16034,雝,Char,20
4,16035,雡,Char,20
4,16036,雤,Char,20
4,16037,雥,Char,20
4,16038,雦,Char,20
4,16039,雧,Char,20
4,16040,雫,Char,20
4,16041,雬,Char,20
4,16042,雭,Char,20
4,16043,雴,Char,20
4,16044,雵,Char,20
4,16045,雸,Char,20
4,16046,雺,Char,20
4,16047,雼,Char,20
4,16048,雽,Char,20
4,16049,雿,Char,20
4,16050,霃,Char,20
4,16051,霊,Char,20
4,16052,霋,Char,20
4,16053,霌,Char,20
4,16054,霐,Char,20
4,16055,霒,Char,20
4,16056,霔,Char,20
4,16057,霕,Char,20
4,16058,霗,Char,20
4,16059,霙,Char,20
4,16060,霛,Char,20
4,16061,霟,Char,20
4,16062,霡,Char,20
4,16063,霢,Char,20
4,16064,霥,Char,20
4,16065,霦,Char,20
4,16066,霬,Char,20
4,16067,霯,Char,20
4,16068,霱,Char,20
4,16069,霴,Char,20
4,16070,霵,Char,20
4,16071,霶,Char,20
4,16072,霷,Char,20
4,16073,霺,Char,20
4,16074,霻,Char,20
4,16075,霼,Char,20
4,16076,霽,Char,20
4,16077,霿,Char,20
4,16078,靀,Char,20
4,16079,靁,Char,20
4,16080,靂,Char,20
4,16081,靅,Char,20
4,16082,靆,Char,20
4,16083,靇,Char,20
4,16084,靊,Char,20
4,16085,靋,Char,20
4,16086,靌,Char,20
4,16087,靍,Char,20
4,16088,靎,Char,20
4,16089,靏,Char,20
4,16090,靐,Char,20
4,16091,靑,Char,20
4,16092,靔,Char,20
4,16093,靕,Char,20
4,16094,靗,Char,20
4,16095,靘,Char,20
4,16096,靚,Char,20
4,16097,靝,Char,20
4,16098,靟,Char,20
4,16099,靤,Char,20
4,16100,靧,Char,20
4,16101,靨,Char,20
4,16102,靪,Char,20
4,16103,靫,Char,20
4,16104,靬,Char,20
4,16105,靯,Char,20
4,16106,靲,Char,20
4,16107,靻,Char,20
4,16108,靽,Char,20
4,16109,靾,Char,20
4,16110,鞀,Char,20
4,16111,鞁,Char,20
4,16112,鞂,Char,20
4,16113,鞃,Char,20
4,16114,鞆,Char,20
4,16115,鞇,Char,20
4,16116,鞈,Char,20
4,16117,鞉,Char,20
4,16118,鞌,Char,20
4,16119,鞐,Char,20
4,16120,鞕,Char,20
4,16121,鞙,Char,20
4,16122,鞜,Char,20
4,16123,鞞,Char,20
4,16124,鞢,Char,20
4,16125,鞤,Char,20
4,16126,鞥,Char,20
4,16127,鞩,Char,20
4,16128,鞰,Char,20
4,16129,鞱,Char,20
4,16130,鞳,Char,20
4,16131,鞵,Char,20
4,16132,鞶,Char,20
4,16133,鞷,Char,20
4,16134,鞸,Char,20
4,16135,鞹,Char,20
4,16136,鞼,Char,20
4,16137,鞽,Char,20
4,16138,鞾,Char,20
4,16139,韀,Char,20
4,16140,韁,Char,20
4,16141,韃,Char,20
4,16142,韄,Char,20
4,16143,韅,Char,20
4,16144,韇,Char,20
4,16145,韉,Char,20
4,16146,韊,Char,20
4,16147,韋,Char,20
4,16148,韎,Char,20
4,16149,韏,Char,20
4,16150,韐,Char,20
4,16151,韑,Char,20
4,16152,韒,Char,20
4,16153,韔,Char,20
4,16154,韕,Char,20
4,16155,韖,Char,20
4,16156,韘,Char,20
4,16157,韙,Char,20
4,16158,韚,Char,20
4,16159,韛,Char,20
4,16160,韜,Char,20
4,16161,韝,Char,20
4,16162,韞,Char,20
4,16163,韠,Char,20
4,16164,韡,Char,20
4,16165,韢,Char,20
4,16166,韣,Char,20
4,16167,韤,Char,20
4,16168,韯,Char,20
4,16169,韸,Char,20
4,16170,韹,Char,20
4,16171,韾,Char,20
4,16172,頀,Char,20
4,16173,頄,Char,20
4,16174,頇,Char,20
4,16175,頏,Char,20
4,16176,頑,Char,20
4,16177,頔,Char,20
4,16178,頕,Char,20
4,16179,頖,Char,20
4,16180,頙,Char,20
4,16181,頚,Char,20
4,16182,頛,Char,20
4,16183,頝,Char,20
4,16184,頟,Char,20
4,16185,頡,Char,20
4,16186,頢,Char,20
4,16187,頣,Char,20
4,16188,頥,Char,20
4,16189,頧,Char,20
4,16190,頩,Char,20
4,16191,頪,Char,20
4,16192,頬,Char,20
4,16193,頮,Char,20
4,16194,頯,Char,20
4,16195,頱,Char,20
4,16196,頲,Char,20
4,16197,頴,Char,20
4,16198,頶,Char,20
4,16199,頼,Char,20
4,16200,頽,Char,20
4,16201,頾,Char,20
4,16202,頿,Char,20
4,16203,顁,Char,20
4,16204,顂,Char,20
4,16205,顃,Char,20
4,16206,顄,Char,20
4,16207,顅,Char,20
4,16208,顇,Char,20
4,16209,顈,Char,20
4,16210,顉,Char,20
4,16211,顊,Char,20
4,16212,顋,Char,20
4,16213,顖,Char,20
4,16214,顙,Char,20
4,16215,顚,Char,20
4,16216,顜,Char,20
4,16217,顠,Char,20
4,16218,顡,Char,20
4,16219,顢,Char,20
4,16220,顤,Char,20
4,16221,顥,Char,20
4,16222,顦,Char,20
4,16223,顭,Char,20
4,16224,顮,Char,20
4,16225,顰,Char,20
4,16226,顲,Char,20
4,16227,颒,Char,20
4,16228,颕,Char,20
4,16229,颣,Char,20
4,16230,颪,Char,20
4,16231,颫,Char,20
4,16232,颬,Char,20
4,16233,颭,Char,20
4,16234,颮,Char,20
4,16235,颯,Char,20
4,16236,颰,Char,20
4,16237,颲,Char,20
4,16238,颳,Char,20
4,16239,颴,Char,20
4,16240,颶,Char,20
4,16241,颷,Char,20
4,16242,颸,Char,20
4,16243,颹,Char,20
4,16244,颽,Char,20
4,16245,颾,Char,20
4,16246,颿,Char,20
4,16247,飁,Char,20
4,16248,飂,Char,20
4,16249,飃,Char,20
4,16250,飄,Char,20
4,16251,飅,Char,20
4,16252,飇,Char,20
4,16253,飈,Char,20
4,16254,飉,Char,20
4,16255,飊,Char,20
4,16256,飋,Char,20
4,16257,飌,Char,20
4,16258,飍,Char,20
4,16259,飜,Char,20
4,16260,飝,Char,20
4,16261,飠,Char,20
4,16262,飡,Char,20
4,16263,飣,Char,20
4,16264,飤,Char,20
4,16265,飫,Char,20
4,16266,飬,Char,20
4,16267,飱,Char,20
4,16268,飴,Char,20
4,16269,飵,Char,20
4,16270,飶,Char,20
4,16271,飹,Char,20
4,16272,飻,Char,20
4,16273,飿,Char,20
4,16274,餄,Char,20
4,16275,餋,Char,20
4,16276,餎,Char,20
4,16277,餏,Char,20
4,16278,餑,Char,20
4,16279,餕,Char,20
4,16280,餙,Char,20
4,16281,餛,Char,20
4,16282,餜,Char,20
4,16283,餝,Char,20
4,16284,餞,Char,20
4,16285,餠,Char,20
4,16286,餡,Char,20
4,16287,餢,Char,20
4,16288,餣,Char,20
4,16289,餤,Char,20
4,16290,餥,Char,20
4,16291,餧,Char,20
4,16292,餩,Char,20
4,16293,餪,Char,20
4,16294,餭,Char,20
4,16295,餯,Char,20
4,16296,餰,Char,20
4,16297,餲,Char,20
4,16298,餳,Char,20
4,16299,餴,Char,20
4,16300,餶,Char,20
4,16301,餷,Char,20
4,16302,餸,Char,20
4,16303,餹,Char,20
4,16304,餺,Char,20
4,16305,餻,Char,20
4,16306,餾,Char,20
4,16307,餿,Char,20
4,16308,饀,Char,20
4,16309,饁,Char,20
4,16310,饂,Char,20
4,16311,饃,Char,20
4,16312,饄,Char,20
4,16313,饇,Char,20
4,16314,饉,Char,20
4,16315,饊,Char,20
4,16316,饍,Char,20
4,16317,饎,Char,20
4,16318,饓,Char,20
4,16319,饖,Char,20
4,16320,饗,Char,20
4,16321,饙,Char,20
4,16322,饚,Char,20
4,16323,饛,Char,20
4,16324,饞,Char,20
4,16325,饠,Char,20
4,16326,饢,Char,20
4,16327,饣,Char,20
4,16328,饦,Char,20
4,16329,馌,Char,20
4,16330,馎,Char,20
4,16331,馚,Char,20
4,16332,馛,Char,20
4,16333,馜,Char,20
4,16334,馝,Char,20
4,16335,馞,Char,20
4,16336,馟,Char,20
4,16337,馠,Char,20
4,16338,馡,Char,20
4,16339,馢,Char,20
4,16340,馣,Char,20
4,16341,馤,Char,20
4,16342,馦,Char,20
4,16343,馩,Char,20
4,16344,馪,Char,20
4,16345,馫,Char,20
4,16346,馭,Char,20
4,16347,馯,Char,20
4,16348,馰,Char,20
4,16349,馱,Char,20
4,16350,馲,Char,20
4,16351,馵,Char,20
4,16352,馶,Char,20
4,16353,馷,Char,20
4,16354,馸,Char,20
4,16355,馹,Char,20
4,16356,馺,Char,20
4,16357,馼,Char,20
4,16358,馽,Char,20
4,16359,馾,Char,20
4,16360,駀,Char,20
4,16361,駁,Char,20
4,16362,駂,Char,20
4,16363,駄,Char,20
4,16364,駅,Char,20
4,16365,駆,Char,20
4,16366,駇,Char,20
4,16367,駈,Char,20
4,16368,駊,Char,20
4,16369,駌,Char,20
4,16370,駍,Char,20
4,16371,駎,Char,20
4,16372,駏,Char,20
4,16373,駑,Char,20
4,16374,駒,Char,20
4,16375,駓,Char,20
4,16376,駔,Char,20
4,16377,駖,Char,20
4,16378,駗,Char,20
4,16379,駘,Char,20
4,16380,駙,Char,20
4,16381,駟,Char,20
4,16382,駠,Char,20
4,16383,駢,Char,20
4,16384,駤,Char,20
4,16385,駦,Char,20
4,16386,駧,Char,20
4,16387,駩,Char,20
4,16388,駪,Char,20
4,16389,駫,Char,20
4,16390,駬,Char,20
4,16391,駭,Char,20
4,16392,駯,Char,20
4,16393,駱,Char,20
4,16394,駲,Char,20
4,16395,駴,Char,20
4,16396,駺,Char,20
4,16397,駻,Char,20
4,16398,駼,Char,20
4,16399,駽,Char,20
4,16400,駾,Char,20
4,16401,駿,Char,20
4,16402,騀,Char,20
4,16403,騂,Char,20
4,16404,騅,Char,20
4,16405,騆,Char,20
4,16406,騈,Char,20
4,16407,騉,Char,20
4,16408,騋,Char,20
4,16409,騌,Char,20
4,16410,騏,Char,20
4,16411,騐,Char,20
4,16412,騑,Char,20
4,16413,騒,Char,20
4,16414,験,Char,20
4,16415,騕,Char,20
4,16416,騖,Char,20
4,16417,騗,Char,20
4,16418,騘,Char,20
4,16419,騚,Char,20
4,16420,騜,Char,20
4,16421,騝,Char,20
4,16422,騞,Char,20
4,16423,騟,Char,20
4,16424,騡,Char,20
4,16425,騢,Char,20
4,16426,騤,Char,20
4,16427,騥,Char,20
4,16428,騦,Char,20
4,16429,騨,Char,20
4,16430,騩,Char,20
4,16431,騪,Char,20
4,16432,騬,Char,20
4,16433,騭,Char,20
4,16434,騮,Char,20
4,16435,騯,Char,20
4,16436,騱,Char,20
4,16437,騲,Char,20
4,16438,騳,Char,20
4,16439,騴,Char,20
4,16440,騵,Char,20
4,16441,騶,Char,20
4,16442,騸,Char,20
4,16443,騹,Char,20
4,16444,驃,Char,20
4,16445,驉,Char,20
4,16446,驋,Char,20
4,16447,驍,Char,20
4,16448,驏,Char,20
4,16449,驐,Char,20
4,16450,驒,Char,20
4,16451,驓,Char,20
4,16452,驔,Char,20
4,16453,驜,Char,20
4,16454,驝,Char,20
4,16455,驞,Char,20
4,16456,驠,Char,20
4,16457,驣,Char,20
4,16458,驤,Char,20
4,16459,驧,Char,20
4,16460,驨,Char,20
4,16461,驪,Char,20
4,16462,驫,Char,20
4,16463,驲,Char,20
4,16464,骉,Char,20
4,16465,骦,Char,20
4,16466,骪,Char,20
4,16467,骬,Char,20
4,16468,骭,Char,20
4,16469,骮,Char,20
4,16470,骲,Char,20
4,16471,骴,Char,20
4,16472,骵,Char,20
4,16473,骽,Char,20
4,16474,髃,Char,20
4,16475,髄,Char,20
4,16476,髇,Char,20
4,16477,髈,Char,20
4,16478,髊,Char,20
4,16479,髍,Char,20
4,16480,髎,Char,20
4,16481,髐,Char,20
4,16482,髖,Char,20
4,16483,髗,Char,20
4,16484,髙,Char,20
4,16485,髚,Char,20
4,16486,髛,Char,20
4,16487,髜,Char,20
4,16488,髝,Char,20
4,16489,髢,Char,20
4,16490,髨,Char,20
4,16491,髩,Char,20
4,16492,髬,Char,20
4,16493,髰,Char,20
4,16494,髱,Char,20
4,16495,髵,Char,20
4,16496,髶,Char,20
4,16497,髷,Char,20
4,16498,髸,Char,20
4,16499,髺,Char,20
4,16500,髾,Char,20
4,16501,鬁,Char,20
4,16502,鬇,Char,20
4,16503,鬊,Char,20
4,16504,鬌,Char,20
4,16505,鬍,Char,20
4,16506,鬎,Char,20
4,16507,鬒,Char,20
4,16508,鬔,Char,20
4,16509,鬕,Char,20
4,16510,鬗,Char,20
4,16511,鬜,Char,20
4,16512,鬝,Char,20
4,16513,鬞,Char,20
4,16514,鬠,Char,20
4,16515,鬡,Char,20
4,16516,鬤,Char,20
4,16517,鬥,Char,20
4,16518,鬦,Char,20
4,16519,鬨,Char,20
4,16520,鬩,Char,20
4,16521,鬪,Char,20
4,16522,鬫,Char,20
4,16523,鬬,Char,20
4,16524,鬭,Char,20
4,16525,鬮,Char,20
4,16526,鬰,Char,20
4,16527,鬴,Char,20
4,16528,鬵,Char,20
4,16529,鬷,Char,20
4,16530,鬹,Char,20
4,16531,鬺,Char,20
4,16532,鬾,Char,20
4,16533,魀,Char,20
4,16534,魊,Char,20
4,16535,魌,Char,20
4,16536,魎,Char,20
4,16537,魐,Char,20
4,16538,魓,Char,20
4,16539,魕,Char,20
4,16540,魗,Char,20
4,16541,魘,Char,20
4,16542,魙,Char,20
4,16543,魝,Char,20
4,16544,魞,Char,20
4,16545,魠,Char,20
4,16546,魡,Char,20
4,16547,魢,Char,20
4,16548,魤,Char,20
4,16549,魥,Char,20
4,16550,魦,Char,20
4,16551,魧,Char,20
4,16552,魨,Char,20
4,16553,魩,Char,20
4,16554,魪,Char,20
4,16555,魬,Char,20
4,16556,魭,Char,20
4,16557,魮,Char,20
4,16558,魯,Char,20
4,16559,魲,Char,20
4,16560,魴,Char,20
4,16561,魶,Char,20
4,16562,魷,Char,20
4,16563,魹,Char,20
4,16564,魻,Char,20
4,16565,魼,Char,20
4,16566,鮂,Char,20
4,16567,鮃,Char,20
4,16568,鮆,Char,20
4,16569,鮉,Char,20
4,16570,鮏,Char,20
4,16571,鮐,Char,20
4,16572,鮑,Char,20
4,16573,鮒,Char,20
4,16574,鮓,Char,20
4,16575,鮔,Char,20
4,16576,鮕,Char,20
4,16577,鮖,Char,20
4,16578,鮗,Char,20
4,16579,鮙,Char,20
4,16580,鮚,Char,20
4,16581,鮛,Char,20
4,16582,鮜,Char,20
4,16583,鮝,Char,20
4,16584,鮞,Char,20
4,16585,鮢,Char,20
4,16586,鮤,Char,20
4,16587,鮥,Char,20
4,16588,鮦,Char,20
4,16589,鮧,Char,20
4,16590,鮩,Char,20
4,16591,鮫,Char,20
4,16592,鮬,Char,20
4,16593,鮯,Char,20
4,16594,鮱,Char,20
4,16595,鮲,Char,20
4,16596,鮳,Char,20
4,16597,鮴,Char,20
4,16598,鮵,Char,20
4,16599,鮶,Char,20
4,16600,鮷,Char,20
4,16601,鮸,Char,20
4,16602,鮹,Char,20
4,16603,鮺,Char,20
4,16604,鮽,Char,20
4,16605,鮿,Char,20
4,16606,鯃,Char,20
4,16607,鯄,Char,20
4,16608,鯇,Char,20
4,16609,鯉,Char,20
4,16610,鯌,Char,20
4,16611,鯍,Char,20
4,16612,鯎,Char,20
4,16613,鯑,Char,20
4,16614,鯜,Char,20
4,16615,鯞,Char,20
4,16616,鯟,Char,20
4,16617,鯠,Char,20
4,16618,鯢,Char,20
4,16619,鯣,Char,20
4,16620,鯤,Char,20
4,16621,鯥,Char,20
4,16622,鯦,Char,20
4,16623,鯧,Char,20
4,16624,鯪,Char,20
4,16625,鯫,Char,20
4,16626,鯭,Char,20
4,16627,鯯,Char,20
4,16628,鯰,Char,20
4,16629,鯱,Char,20
4,16630,鯲,Char,20
4,16631,鯳,Char,20
4,16632,鯴,Char,20
4,16633,鯷,Char,20
4,16634,鯸,Char,20
4,16635,鯹,Char,20
4,16636,鯺,Char,20
4,16637,鯻,Char,20
4,16638,鯼,Char,20
4,16639,鯾,Char,20
4,16640,鯿,Char,20
4,16641,鰀,Char,20
4,16642,鰂,Char,20
4,16643,鰃,Char,20
4,16644,鰄,Char,20
4,16645,鰅,Char,20
4,16646,鰆,Char,20
4,16647,鰇,Char,20
4,16648,鰈,Char,20
4,16649,鰊,Char,20
4,16650,鰋,Char,20
4,16651,鰍,Char,20
4,16652,鰎,Char,20
4,16653,鰏,Char,20
4,16654,鰐,Char,20
4,16655,鰑,Char,20
4,16656,鰒,Char,20
4,16657,鰓,Char,20
4,16658,鰔,Char,20
4,16659,鰖,Char,20
4,16660,鰗,Char,20
4,16661,鰘,Char,20
4,16662,鰙,Char,20
4,16663,鰚,Char,20
4,16664,鰛,Char,20
4,16665,鰝,Char,20
4,16666,鰢,Char,20
4,16667,鰣,Char,20
4,16668,鰥,Char,20
4,16669,鰦,Char,20
4,16670,鰩,Char,20
4,16671,鰭,Char,20
4,16672,鰮,Char,20
4,16673,鰯,Char,20
4,16674,鰱,Char,20
4,16675,鰳,Char,20
4,16676,鰴,Char,20
4,16677,鰶,Char,20
4,16678,鰺,Char,20
4,16679,鰼,Char,20
4,16680,鰾,Char,20
4,16681,鱁,Char,20
4,16682,鱃,Char,20
4,16683,鱅,Char,20
4,16684,鱆,Char,20
4,16685,鱈,Char,20
4,16686,鱊,Char,20
4,16687,鱋,Char,20
4,16688,鱍,Char,20
4,16689,鱎,Char,20
4,16690,鱏,Char,20
4,16691,鱐,Char,20
4,16692,鱑,Char,20
4,16693,鱒,Char,20
4,16694,鱔,Char,20
4,16695,鱕,Char,20
4,16696,鱘,Char,20
4,16697,鱙,Char,20
4,16698,鱚,Char,20
4,16699,鱛,Char,20
4,16700,鱜,Char,20
4,16701,鱝,Char,20
4,16702,鱞,Char,20
4,16703,鱟,Char,20
4,16704,鱠,Char,20
4,16705,鱡,Char,20
4,16706,鱢,Char,20
4,16707,鱦,Char,20
4,16708,鱨,Char,20
4,16709,鱩,Char,20
4,16710,鱪,Char,20
4,16711,鱫,Char,20
4,16712,鱬,Char,20
4,16713,鱭,Char,20
4,16714,鱰,Char,20
4,16715,鱱,Char,20
4,16716,鱳,Char,20
4,16717,鱴,Char,20
4,16718,鱶,Char,20
4,16719,鱷,Char,20
4,16720,鱸,Char,20
4,16721,鱹,Char,20
4,16722,鲘,Char,20
4,16723,鲺,Char,20
4,16724,鳥,Char,20
4,16725,鳦,Char,20
4,16726,鳧,Char,20
4,16727,鳨,Char,20
4,16728,鳫,Char,20
4,16729,鳬,Char,20
4,16730,鳭,Char,20
4,16731,鳮,Char,20
4,16732,鳯,Char,20
4,16733,鳱,Char,20
4,16734,鳲,Char,20
4,16735,鳵,Char,20
4,16736,鳸,Char,20
4,16737,鳹,Char,20
4,16738,鳺,Char,20
4,16739,鳻,Char,20
4,16740,鳼,Char,20
4,16741,鳽,Char,20
4,16742,鴀,Char,20
4,16743,鴁,Char,20
4,16744,鴄,Char,20
4,16745,鴅,Char,20
4,16746,鴆,Char,20
4,16747,鴇,Char,20
4,16748,鴈,Char,20
4,16749,鴊,Char,20
4,16750,鴋,Char,20
4,16751,鴌,Char,20
4,16752,鴍,Char,20
4,16753,鴎,Char,20
4,16754,鴏,Char,20
4,16755,鴑,Char,20
4,16756,鴔,Char,20
4,16757,鴕,Char,20
4,16758,鴖,Char,20
4,16759,鴗,Char,20
4,16760,鴘,Char,20
4,16761,鴚,Char,20
4,16762,鴛,Char,20
4,16763,鴝,Char,20
4,16764,鴠,Char,20
4,16765,鴡,Char,20
4,16766,鴤,Char,20
4,16767,鴩,Char,20
4,16768,鴬,Char,20
4,16769,鴯,Char,20
4,16770,鴶,Char,20
4,16771,鴸,Char,20
4,16772,鵃,Char,20
4,16773,鵅,Char,20
4,16774,鵆,Char,20
4,16775,鵇,Char,20
4,16776,鵈,Char,20
4,16777,鵉,Char,20
4,16778,鵊,Char,20
4,16779,鵌,Char,20
4,16780,鵍,Char,20
4,16781,鵎,Char,20
4,16782,鵐,Char,20
4,16783,鵑,Char,20
4,16784,鵒,Char,20
4,16785,鵓,Char,20
4,16786,鵔,Char,20
4,16787,鵕,Char,20
4,16788,鵖,Char,20
4,16789,鵗,Char,20
4,16790,鵘,Char,20
4,16791,鵙,Char,20
4,16792,鵚,Char,20
4,16793,鵛,Char,20
4,16794,鵜,Char,20
4,16795,鵞,Char,20
4,16796,鵠,Char,20
4,16797,鵡,Char,20
4,16798,鵢,Char,20
4,16799,鵤,Char,20
4,16800,鵥,Char,20
4,16801,鵦,Char,20
4,16802,鵧,Char,20
4,16803,鵩,Char,20
4,16804,鵫,Char,20
4,16805,鵭,Char,20
4,16806,鵮,Char,20
4,16807,鵯,Char,20
4,16808,鵱,Char,20
4,16809,鵴,Char,20
4,16810,鵵,Char,20
4,16811,鵶,Char,20
4,16812,鵷,Char,20
4,16813,鵸,Char,20
4,16814,鵹,Char,20
4,16815,鵺,Char,20
4,16816,鵻,Char,20
4,16817,鵽,Char,20
4,16818,鵾,Char,20
4,16819,鵿,Char,20
4,16820,鶀,Char,20
4,16821,鶁,Char,20
4,16822,鶂,Char,20
4,16823,鶅,Char,20
4,16824,鶉,Char,20
4,16825,鶋,Char,20
4,16826,鶌,Char,20
4,16827,鶏,Char,20
4,16828,鶑,Char,20
4,16829,鶔,Char,20
4,16830,鶖,Char,20
4,16831,鶘,Char,20
4,16832,鶙,Char,20
4,16833,鶛,Char,20
4,16834,鶞,Char,20
4,16835,鶣,Char,20
4,16836,鶤,Char,20
4,16837,鶥,Char,20
4,16838,鶦,Char,20
4,16839,鶧,Char,20
4,16840,鶨,Char,20
4,16841,鶪,Char,20
4,16842,鶬,Char,20
4,16843,鶭,Char,20
4,16844,鶮,Char,20
4,16845,鶯,Char,20
4,16846,鶰,Char,20
4,16847,鶱,Char,20
4,16848,鶵,Char,20
4,16849,鶶,Char,20
4,16850,鶷,Char,20
4,16851,鶹,Char,20
4,16852,鶻,Char,20
4,16853,鶼,Char,20
4,16854,鶽,Char,20
4,16855,鶾,Char,20
4,16856,鶿,Char,20
4,16857,鷀,Char,20
4,16858,鷂,Char,20
4,16859,鷄,Char,20
4,16860,鷅,Char,20
4,16861,鷆,Char,20
4,16862,鷈,Char,20
4,16863,鷊,Char,20
4,16864,鷋,Char,20
4,16865,鷌,Char,20
4,16866,鷍,Char,20
4,16867,鷎,Char,20
4,16868,鷏,Char,20
4,16869,鷐,Char,20
4,16870,鷑,Char,20
4,16871,鷒,Char,20
4,16872,鷓,Char,20
4,16873,鷔,Char,20
4,16874,鷕,Char,20
4,16875,鷗,Char,20
4,16876,鷙,Char,20
4,16877,鷚,Char,20
4,16878,鷛,Char,20
4,16879,鷜,Char,20
4,16880,鷝,Char,20
4,16881,鷞,Char,20
4,16882,鷠,Char,20
4,16883,鷡,Char,20
4,16884,鷢,Char,20
4,16885,鷤,Char,20
4,16886,鷨,Char,20
4,16887,鷪,Char,20
4,16888,鷬,Char,20
4,16889,鷮,Char,20
4,16890,鷯,Char,20
4,16891,鷰,Char,20
4,16892,鷶,Char,20
4,16893,鷸,Char,20
4,16894,鷻,Char,20
4,16895,鷾,Char,20
4,16896,鸃,Char,20
4,16897,鸄,Char,20
4,16898,鸅,Char,20
4,16899,鸆,Char,20
4,16900,鸈,Char,20
4,16901,鸉,Char,20
4,16902,鸋,Char,20
4,16903,鸌,Char,20
4,16904,鸎,Char,20
4,16905,鸏,Char,20
4,16906,鸐,Char,20
4,16907,鸑,Char,20
4,16908,鸒,Char,20
4,16909,鸔,Char,20
4,16910,鸕,Char,20
4,16911,鸗,Char,20
4,16912,鸙,Char,20
4,16913,鸚,Char,20
4,16914,鸛,Char,20
4,16915,鸜,Char,20
4,16916,鸝,Char,20
4,16917,鸞,Char,20
4,16918,鸤,Char,20
4,16919,鹔,Char,20
4,16920,鹝,Char,20
4,16921,鹢,Char,20
4,16922,鹥,Char,20
4,16923,鹲,Char,20
4,16924,鹴,Char,20
4,16925,鹵,Char,20
4,16926,鹶,Char,20
4,16927,鹷,Char,20
4,16928,鹸,Char,20
4,16929,鹺,Char,20
4,16930,鹻,Char,20
4,16931,麁,Char,20
4,16932,麌,Char,20
4,16933,麍,Char,20
4,16934,麔,Char,20
4,16935,麘,Char,20
4,16936,麙,Char,20
4,16937,麛,Char,20
4,16938,麠,Char,20
4,16939,麢,Char,20
4,16940,麪,Char,20
4,16941,麫,Char,20
4,16942,麬,Char,20
4,16943,麭,Char,20
4,16944,麮,Char,20
4,16945,麱,Char,20
4,16946,麲,Char,20
4,16947,麳,Char,20
4,16948,麶,Char,20
4,16949,麷,Char,20
4,16950,麺,Char,20
4,16951,黀,Char,20
4,16952,黁,Char,20
4,16953,黂,Char,20
4,16954,黅,Char,20
4,16955,黆,Char,20
4,16956,黈,Char,20
4,16957,黊,Char,20
4,16958,黌,Char,20
4,16959,黐,Char,20
4,16960,黓,Char,20
4,16961,黕,Char,20
4,16962,黖,Char,20
4,16963,黗,Char,20
4,16964,黙,Char,20
4,16965,黚,Char,20
4,16966,黣,Char,20
4,16967,黤,Char,20
4,16968,黦,Char,20
4,16969,黫,Char,20
4,16970,黬,Char,20
4,16971,黭,Char,20
4,16972,黰,Char,20
4,16973,黱,Char,20
4,16974,黲,Char,20
4,16975,黳,Char,20
4,16976,黵,Char,20
4,16977,黷,Char,20
4,16978,黸,Char,20
4,16979,黽,Char,20
4,16980,鼀,Char,20
4,16981,鼁,Char,20
4,16982,鼃,Char,20
4,16983,鼆,Char,20
4,16984,鼌,Char,20
4,16985,鼒,Char,20
4,16986,鼔,Char,20
4,16987,鼕,Char,20
4,16988,鼚,Char,20
4,16989,鼛,Char,20
4,16990,鼝,Char,20
4,16991,鼟,Char,20
4,16992,鼡,Char,20
4,16993,鼣,Char,20
4,16994,鼦,Char,20
4,16995,鼧,Char,20
4,16996,鼨,Char,20
4,16997,鼭,Char,20
4,16998,鼲,Char,20
4,16999,鼳,Char,20
4,17000,鼴,Char,20
4,17001,鼵,Char,20
4,17002,鼸,Char,20
4,17003,鼺,Char,20
4,17004,鼼,Char,20
4,17005,鼽,Char,20
4,17006,鼿,Char,20
4,17007,齀,Char,20
4,17008,齂,Char,20
4,17009,齃,Char,20
4,17010,齅,Char,20
4,17011,齇,Char,20
4,17012,齈,Char,20
4,17013,齉,Char,20
4,17014,齌,Char,20
4,17015,齍,Char,20
4,17016,齎,Char,20
4,17017,齓,Char,20
4,17018,齔,Char,20
4,17019,齕,Char,20
4,17020,齖,Char,20
4,17021,齘,Char,20
4,17022,齙,Char,20
4,17023,齚,Char,20
4,17024,齝,Char,20
4,17025,齞,Char,20
4,17026,齟,Char,20
4,17027,齠,Char,20
4,17028,齤,Char,20
4,17029,齥,Char,20
4,17030,齨,Char,20
4,17031,齩,Char,20
4,17032,齪,Char,20
4,17033,齫,Char,20
4,17034,齬,Char,20
4,17035,齭,Char,20
4,17036,齱,Char,20
4,17037,齳,Char,20
4,17038,齴,Char,20
4,17039,齵,Char,20
4,17040,齶,Char,20
4,17041,齷,Char,20
4,17042,齹,Char,20
4,17043,龏,Char,20
4,17044,龐,Char,20
4,17045,龕,Char,20
4,17046,龖,Char,20
4,17047,龗,Char,20
4,17048,龘,Char,20
4,17049,龞,Char,20
4,17050,龡,Char,20
4,17051,龣,Char,20
4,17052,龥,Char,20
4,17053,龦,Char,20
4,17054,龧,Char,20
4,17055,龨,Char,20
4,17056,龩,Char,20
4,17057,龪,Char,20
4,17058,龫,Char,20
4,17059,龬,Char,20
4,17060,龭,Char,20
4,17061,龮,Char,20
4,17062,龯,Char,20
4,17063,龰,Char,20
4,17064,龱,Char,20
4,17065,龲,Char,20
4,17066,龳,Char,20
4,17067,龴,Char,20
4,17068,龵,Char,20
4,17069,龶,Char,20
4,17070,龷,Char,20
4,17071,龸,Char,20
4,17072,龹,Char,20
4,17073,龺,Char,20
4,17074,龻,Char,20
4,17075,龼,Char,20
4,17076,龽,Char,20
4,17077,龾,Char,20
4,17078,龿,Char,20
4,17079,鿀,Char,20
4,17080,鿁,Char,20
4,17081,鿂,Char,20
4,17082,鿃,Char,20
4,17083,鿄,Char,20
4,17084,鿅,Char,20
4,17085,鿆,Char,20
4,17086,鿇,Char,20
4,17087,鿈,Char,20
4,17088,鿉,Char,20
4,17089,鿊,Char,20
4,17090,鿋,Char,20
4,17091,鿌,Char,20
4,17092,鿍,Char,20
4,17093,鿎,Char,20
4,17094,鿏,Char,20
4,17095,鿐,Char,20
4,17096,鿑,Char,20
4,17097,鿒,Char,20
4,17098,鿓,Char,20
4,17099,鿔,Char,20
4,17100,鿕,Char,20
4,17101,鿖,Char,20
4,17102,鿗,Char,20
4,17103,鿘,Char,20
4,17104,鿙,Char,20
4,17105,鿚,Char,20
4,17106,鿛,Char,20
4,17107,鿜,Char,20
4,17108,鿝,Char,20
4,17109,鿞,Char,20
4,17110,鿟,Char,20
4,17111,鿠,Char,20
4,17112,鿡,Char,20
4,17113,鿢,Char,20
4,17114,鿣,Char,20
4,17115,鿤,Char,20
4,17116,鿥,Char,20
4,17117,鿦,Char,20
4,17118,鿧,Char,20
4,17119,鿨,Char,20
4,17120,鿩,Char,20
4,17121,鿪,Char,20
4,17122,鿫,Char,20
4,17123,鿬,Char,20
4,17124,鿭,Char,20
4,17125,鿮,Char,20
4,17126,鿯,Char,20
4,17127,鿰,Char,20
4,17128,鿱,Char,20
4,17129,鿲,Char,20
4,17130,鿳,Char,20
4,17131,鿴,Char,20
4,17132,鿵,Char,20
4,17133,鿶,Char,20
4,17134,鿷,Char,20
4,17135,鿸,Char,20
4,17136,鿹,Char,20
4,17137,鿺,Char,20
4,17138,鿻,Char,20
4,17139,鿼,Char,20
4,17140,鿽,Char,20
4,17141,鿾,Char,20
4,17142,鿿,Char,20
